0	-0.278805	0	142.718	0	0.000223044	0	-0	0	-0.00349598	0	12.9119	0	0.000349598	0	-0
0.48	0.279393	480	38.5706	0.0100328	0.000160486	2.78805e-05	0	0	0.019917	0	19.0171	0	-0.0019917	4.19518e-05	-0
1.92	-0.251143	960	-84.7308	0.0202315	0.00173691	0.000170415	0	0	0.00182515	0	-14.1425	0	-0.000182515	-0.000796381	0
4.32	0.173122	1440	-23.6787	0.025393	0.0022615	0.00038753	0	0	-0.0167988	0	-14.2623	0	0.00167988	-0.000818283	0
7.68	0.138757	1920	-112.264	0.0411263	0.00603299	0.00187144	0	0	0.0108711	0	13.5105	0	-0.00108711	-0.000417857	-0
12	0.00587737	2400	-131.418	0.0464536	0.0077713	0.00262556	0	0	0.0119353	0	4.65193	0	-0.00119353	-0.00054831	-0
17.28	0.32589	2880	121.171	0.0626844	0.0135633	0.0062928	0	0	-0.0285053	0	-11.2695	0	0.00285053	-0.000435225	0
23.52	1.61365	3360	922.031	0.0737122	0.0175251	0.00993618	0	0	-0.0721385	0	-27.191	0	0.00721385	0.000268057	0
30.72	9.66322	3840	2319.05	0.0849059	0.0168454	0.0142733	0	0	-0.0141382	0	56.7258	0	0.00141382	0.0024719	-0
38.88	15.523	4320	3639.45	0.0962653	0.0186856	0.0185063	0	0	0.315772	0	108.56	0	-0.0315772	0.000512489	-0
48	22.2571	4800	2672.19	0.107791	0.0205943	0.0237952	0	0	0.291294	0	-17.6141	0	-0.0291294	-0.00739807	0
58.08	31.1803	5280	4191.31	0.119482	0.0215198	0.0289002	0	0	0.164119	0	-31.6202	0	-0.016412	-0.013508	0
69.12	39.1729	5760	3969.85	0.131339	0.0239577	0.0345095	0	0	-0.108854	0	-144.507	0	0.0108854	-0.0162208	0
81.12	51.1709	6240	5579.95	0.143362	0.0239592	0.0405903	0	0	-0.27913	0	-44.7883	0	0.027913	-0.0119865	0
94.08	58.0754	6720	6195.26	0.149435	0.0235237	0.0435853	0	0	-0.250396	0	1.89861	0	0.0250396	-0.00863689	-0
108	81.1789	7200	6745.93	0.167905	0.0214569	0.0529383	0	0	-0.158873	0	21.2917	0	0.0158873	-0.000829457	-0
122.88	100.022	7680	7218.78	0.180425	0.0182868	0.0580439	0	0	-0.0258447	0	62.831	0	0.00258447	0.00227472	-0
138.72	116.253	8160	6720.79	0.193111	0.0179732	0.0633386	0	0	0.0821742	0	29.3122	0	-0.00821742	0.00216706	-0
147	123.699	8400	6440.67	0.199516	0.0186407	0.0655853	0	0	0.119422	0	33.6218	0	-0.0119422	0.00118097	-0
164.28	130.629	8880	6478.97	0.205963	0.0199124	0.0679154	0	0	0.0789815	0	-7.79792	0	-0.00789815	-0.000252093	0
182.25	148.743	9000	8937.82	0.218043	0.0268052	0.0777207	0	0	0.0965412	0	42.2409	0	-0.00965412	-0.00200353	-0
200.25	167.668	9000	8272.23	0.221152	0.0260658	0.0846335	0	0	0.0683392	0	-46.584	0	-0.00683392	-0.00477388	0
218.25	197.68	9000	8929.44	0.224261	0.0164555	0.0915389	0	0	-0.0827808	0	-1.93213	0	0.00827808	-0.00499009	0
236.25	221.714	9000	11160.8	0.227371	0.0116288	0.0954013	-0	0	-0.0194594	0	-20.128	0	0.00194594	-0.00365466	0
254.25	235.419	9000	9781.78	0.23048	0.0150643	0.0968549	-0	0	-0.0646889	0	-79.5042	0	0.00646889	-0.00342114	0
272.25	268.6	9000	8804.94	0.23359	0.00292017	0.0996898	0	0	-0.0535146	0	-51.7315	0	0.00535146	-0.00135414	0
290.25	298.94	9000	10609	0.236699	-0.0069521	0.100096	-0	0	-0.0370191	0	38.4102	0	0.00370191	0.000198393	-0
308.25	317.708	9000	9933.81	0.239808	-0.00756628	0.098341	-0	0	-0.0423402	0	-64.3011	0	0.00423402	0.000908061	0
326.25	318.214	9000	9519.61	0.242918	0.00642861	0.0973952	-0	0	-0.102469	0	-7.7979	0	0.0102469	0.00141614	0
344.25	347.397	9000	9547.14	0.246027	-0.00251758	0.0980074	-0	0	-0.00615654	0	-20.3675	0	0.000615654	0.00465805	0
362.25	361.93	9000	8244.7	0.249136	0.000255347	0.0976927	0	0	-0.190268	0	-180.3	0	0.0190268	0.00473193	0
380.25	380.003	9000	11608.6	0.252246	0.000197046	0.0966781	-0	0	-0.174836	0	81.3861	0	0.0174836	0.010403	-0
398.25	385.122	9000	9870.36	0.255355	0.0105022	0.0977384	-0	0	-0.235497	0	84.4986	0	0.0235497	0.0170611	-0
416.25	392.45	9000	12205.9	0.258464	0.0190396	0.0990512	-0	0	-0.0806523	0	160.275	0	0.00806523	0.0198871	-0
434.25	423.96	9000	8490.1	0.261574	0.00823186	0.105329	0	0	-0.224855	0	-63.8222	0	0.0224855	0.0227522	0
452.25	450.128	9000	10194.8	0.263128	-0.00550239	0.106358	-0	0	-0.345644	0	-11.1498	0	0.0345644	0.0254505	0
470.25	471.596	9000	9657.28	0.267792	-0.00107686	0.104602	-0	0	-0.225387	0	29.9107	0	0.0225387	0.0337396	-0
488.25	515.004	9000	6954.22	0.269347	-0.0286035	0.102746	0	0	0.0976054	0	129.27	0	-0.00976054	0.0371375	-0
506.25	532.605	9000	7120.62	0.274011	-0.0210845	0.0963676	0	0	-0.110451	0	-105.721	0	0.0110451	0.035044	0
524.25	575.103	9000	9019.22	0.27712	-0.0406828	0.0841513	-0	0	-0.159937	0	44.6351	0	0.0159937	0.0420341	-0
542.25	587.602	9000	7119.42	0.28023	-0.0362821	0.0790659	0	0	-0.0583036	0	118.496	0	0.00583036	0.0439533	-0
560.25	613.917	9000	6037.24	0.283339	-0.0429337	0.0686043	0	0	-0.046065	0	-102.728	0	0.0046065	0.0451227	0
578.25	644.777	9000	5078.37	0.286448	-0.0532218	0.056376	0	0	-0.00349598	0	181.823	0	0.000349598	0.0460048	-0
596.25	673.665	9000	8530.8	0.289558	-0.0619324	0.0410914	0	0	0.33546	0	211.99	0	-0.033546	0.0452267	-0
623.25	679.707	9000	4158.99	0.294222	-0.0451659	0.020904	0	0	0.831389	0	-40.1196	0	-0.0831389	0.0234891	0
641.25	689.025	9000	3392.85	0.297331	-0.0382202	0.00974383	0	0	1.03838	0	22.8479	0	-0.103838	0.002214	-0
659.25	720.027	9000	-2178.46	0.30044	-0.0486219	0.000415241	0	0	1.22994	0	264.662	0	-0.122994	-0.023384	-0
677.25	743.584	9000	1858.16	0.30355	-0.0530674	-0.0131356	0	0	1.50398	0	52.2965	0	-0.150398	-0.0564337	-0
695.25	766.769	9000	221.727	0.306659	-0.0572148	-0.0273248	0	0	1.3933	0	13.8696	0	-0.13933	-0.0911819	-0
713.25	797.251	9000	-84.7308	0.309769	-0.067201	-0.043032	0	0	2.09622	0	213.067	0	-0.209622	-0.129327	-0
731.25	794.812	9000	9800.93	0.312878	-0.0508494	-0.0603916	-0	0	0.831921	0	-773.104	0	-0.0831921	-0.176737	0
748.77	735.64	8519.99	11848	0.305954	0.0105045	-0.0707957	-0	0	-1.40029	0	-707.264	0	0.140029	-0.181238	0
765.33	693.554	8039.99	5268.7	0.298865	0.0574212	-0.0647197	0	0	-2.13833	0	-335.923	0	0.213833	-0.141904	0
780.93	673.246	7559.99	5533.26	0.29161	0.0861472	-0.0498943	0	0	-2.22294	0	-104.524	0	0.222294	-0.0888659	0
795.57	664.397	7079.99	3256.38	0.284189	0.104938	-0.0275562	0	0	-2.35224	0	-112.185	0	0.235224	-0.0349918	0
809.25	676.939	6599.99	7706	0.276602	0.105849	-0.00184029	-0	0	-2.64544	0	25.6012	0	0.264544	0.0249101	-0
821.97	728.373	6119.99	6063.58	0.268849	0.0748774	0.0228705	0	0	-1.81534	0	211.87	0	0.181534	0.0840713	-0
833.73	756.313	5639.99	7355.25	0.260931	0.0619338	0.0397618	-0	0	-1.31622	0	208.399	0	0.131622	0.123374	-0
844.53	786.493	5159.99	7507.28	0.252847	0.0464296	0.0543204	-0	0	-0.235497	0	572.197	0	0.0235497	0.15011	-0
854.37	800.751	4679.99	9779.38	0.244596	0.0428954	0.0647664	-0	0	0.787755	0	544.185	0	-0.0787755	0.148585	-0
863.25	821.146	4199.99	9019.22	0.23618	0.033683	0.074986	-0	0	-0.988436	0	-230.219	0	0.0988436	0.136288	0
871.17	823.797	3719.98	10049.9	0.227599	0.0378986	0.083918	-0	0	-1.14115	0	361.268	0	0.114115	0.143932	-0
878.13	816.599	3239.98	8537.99	0.218851	0.049225	0.0936797	-0	0	-2.74334	0	242.875	0	0.274334	0.186223	-0
884.13	810.323	2759.98	7984.93	0.209937	0.0590458	0.107314	-0	0	1.11128	0	250.297	0	-0.111128	0.22603	-0
889.17	843.99	2279.98	3413.2	0.200858	0.036144	0.120625	-0	0	2.16752	0	379.943	0	-0.216752	0.222257	-0
893.25	879.263	1799.98	6231.17	0.191613	0.0111895	0.131523	-0	0	3.68883	0	-87.884	0	-0.368883	0.100034	0
896.37	891.042	1319.98	6314.97	0.186928	0.00311079	0.132922	-0	0	3.25569	0	-117.093	0	-0.325569	0.0557676	0
898.53	925.439	839.978	5346.52	0.172625	-0.0215273	0.132776	-0	0	2.15422	0	-384.645	0	-0.215422	-0.0152558	0
899.73	924.993	359.977	8452.99	0.162883	-0.0202107	0.12642	-0	0	2.58044	0	65.1055	0	-0.258044	-0.0690387	-0
900	904.218	0	14505.5	0.155467	-0.00337407	0.120112	-0	0	0.694636	0	-531.051	0	-0.0694636	-0.156258	0
900	910.604	0	8072.31	0.155467	-0.00848286	0.11969	-0	0	0.237019	0	-378.779	0	-0.0237019	-0.164594	0
900	923.898	0	187.011	0.155467	-0.0191187	0.113918	-0	0	0.625993	0	25.0026	0	-0.0625993	-0.177852	-0
900	941.482	0	735.283	0.155467	-0.0331856	0.107465	-0	0	0.384946	0	-211.784	0	-0.0384946	-0.193725	0
900	949.276	0	2937.95	0.155467	-0.0394208	0.103317	-0	0	-0.361076	0	-450.246	0	0.0361076	-0.198344	0
900	952.307	0	4759.94	0.155467	-0.0418454	0.0930722	-0	0	-1.7302	0	-538.114	0	0.17302	-0.181141	0
900	901.977	0	3566.43	0.155467	-0.00158179	0.0803296	-0	0	-2.12503	0	37.3328	0	0.212503	-0.109806	-0
900	912.29	0	-65.5772	0.155467	-0.00983174	0.0801396	0	0	-1.88717	0	-43.8307	0	0.188717	-0.0601842	0
900	903.077	0	-368.444	0.155467	-0.00246138	0.0789106	0	0	-2.06277	0	-112.425	0	0.206277	-0.0375381	0
900	946.273	0	3200.11	0.155467	-0.0370185	0.0737234	-0	0	0.137514	0	-60.3506	0	-0.0137514	0.0412106	0
900	963.304	0	1714.51	0.155467	-0.050643	0.0648896	-0	0	-1.3391	0	104.969	0	0.13391	0.034807	-0
900	932.673	0	8383.56	0.155467	-0.0261386	0.053445	-0	0	0.539791	0	629.419	0	-0.0539791	0.0639315	-0
900	924.583	0	2347.78	0.155467	-0.0196667	0.0475047	-0	0	0.905352	0	99.582	0	-0.0905352	0.0383654	-0
900	900.658	0	-119.447	0.155467	-0.000526611	0.0429658	0	0	-1.01664	0	-87.2854	0	0.101664	0.0337561	0
900	900.403	0	1029.77	0.155467	-0.000322705	0.0437071	-0	0	-0.351498	0	49.6629	0	0.0351498	0.0543753	-0
900	915.339	0	1692.96	0.155467	-0.0122708	0.0436668	-0	0	-0.27913	0	57.8032	0	0.027913	0.0585932	-0
900	910.978	0	2724.86	0.155467	-0.00878276	0.0383761	-0	0	-0.51326	0	-8.99502	0	0.051326	0.0744015	0
900	923.421	0	4461.86	0.155467	-0.0187364	0.0372783	-0	0	-0.214745	0	98.1455	0	0.0214745	0.0805606	-0
900	915.524	0	851.402	0.155467	-0.0124192	0.0298039	-0	0	0.522231	0	179.309	0	-0.0522231	0.074614	-0
900	928.333	0	-205.638	0.155467	-0.0226664	0.0257288	0	0	0.343441	0	61.3945	0	-0.0343441	0.0642515	-0
900	920.327	0	-135.009	0.155467	-0.0162618	0.0208502	0	0	0.450928	0	-39.7605	0	-0.0450928	0.0556705	0
900	917.321	0	382.139	0.155467	-0.013857	0.0160698	-0	0	0.613223	0	13.3908	0	-0.0613223	0.043552	-0
900	929.267	0	-846.087	0.155467	-0.0234135	0.0134812	0	0	0.391332	0	-58.1959	0	-0.0391332	0.0298882	0
900	918.507	0	1889.29	0.155467	-0.0148053	0.0089392	-0	0	0.639828	0	105.208	0	-0.0639828	0.0195831	-0
900	892.346	0	-1087.9	0.155467	0.00612329	0.00776776	0	0	0.631846	0	-6.48111	0	-0.0631846	0.00314175	0
900	901.861	0	-199.652	0.155467	-0.00148848	0.00847531	0	0	0.23223	0	-174.554	0	-0.023223	-0.00994094	0
900	909.313	0	-418.722	0.155467	-0.00745078	0.00828925	0	0	0.16678	0	-127.747	0	-0.016678	-0.0127277	0
900	904.657	0	948.367	0.155467	-0.00372539	0.00427887	-0	0	-0.0428723	0	-60.2309	0	0.00428723	-0.0162096	0
900	894.042	0	-972.98	0.155467	0.00476602	0.00409528	0	0	-0.0152025	0	-18.6915	0	0.00152025	-0.0154297	0
900	890.048	0	-373.232	0.155467	0.00796133	0.00469103	0	0	-0.0205236	0	-59.2733	0	0.00205236	-0.0152472	0
900	905.813	0	2259.19	0.155467	-0.00465063	0.00437468	-0	0	-0.733554	0	64.1478	0	0.0733555	0.0154645	-0
900	908.867	0	2205.32	0.155467	-0.0070938	0.00351281	-0	0	0.375368	0	127.474	0	-0.0375368	0.0226106	-0
900	909.47	0	1303.91	0.155467	-0.00757573	0.00178709	-0	0	0.345038	0	40.2058	0	-0.0345038	0.0144254	-0
900	930.571	0	368.97	0.155467	-0.0244567	0.000840126	-0	0	0.380689	0	63.5493	0	-0.0380689	0.010285	-0
900	917.002	0	773.591	0.155467	-0.0136019	-0.00841953	-0	0	0.113037	0	-63.5828	0	-0.0113037	-0.000335715	0
900	908.213	0	932.805	0.155467	-0.0065707	-0.0125385	-0	0	-0.0045602	0	-77.1101	0	0.00045602	-0.00205887	0
900	902.966	0	-1526.04	0.155467	-0.00237251	-0.0131186	0	0	0.0337519	0	-18.4521	0	-0.00337519	-0.00194304	0
900	908.229	0	-786.232	0.155467	-0.0065834	-0.0145733	0	0	-0.0593678	0	-8.63589	0	0.00593678	-0.00127168	0
900	905.359	0	-1693.63	0.155467	-0.00428745	-0.0157069	0	0	0.0571649	0	58.1623	0	-0.00571649	-0.000932362	-0
900	902.164	0	-1555.97	0.155467	-0.00173125	-0.0162428	0	0	0.0699356	0	20.9325	0	-0.00699356	-0.00161834	-0
900	925.925	0	-406.751	0.155467	-0.0207401	-0.016121	0	0	0.00980683	0	-48.9782	0	-0.000980683	-0.0047554	0
900	916.971	0	2614.73	0.155467	-0.0135766	-0.0194453	-0	0	-0.207295	0	-39.6408	0	0.0207295	-0.00333057	0
900	904.465	0	1667.82	0.155467	-0.00357183	-0.0223902	-0	0	-0.114708	0	21.2916	0	0.0114708	0.00154873	-0
900	897.339	0	957.944	0.155467	0.00212852	-0.0227541	-0	0	-0.0732027	0	-31.9794	0	0.00732027	0.00370787	0
900	903.732	0	72.0894	0.155467	-0.00298589	-0.022488	-0	0	-0.0529825	0	21.8902	0	0.00529825	0.00458631	-0
900	903.932	0	-644.974	0.155467	-0.00314526	-0.0232942	0	0	0.150817	0	90.2446	0	-0.0150817	0.00525492	-0
900	894.792	0	-2399.92	0.155467	0.00416602	-0.023121	0	0	0.225312	0	7.16584	0	-0.0225312	0.000754138	-0
900	925.033	0	-1547.59	0.155467	-0.0200262	-0.0238325	0	0	0.205092	0	-18.2127	0	-0.0205092	-0.00452565	0
900	910.362	0	-1417.1	0.155467	-0.00828935	-0.0292482	0	0	0.258836	0	-7.31907	0	-0.0258836	-0.0101056	0
900	904.923	0	-2115.01	0.155467	-0.00393862	-0.0315453	0	0	0.0763209	0	-84.5321	0	-0.00763209	-0.0152449	0
900	874.923	0	-1217.19	0.155467	0.0200613	-0.0308539	0	0	-0.123753	0	-32.8173	0	0.0123753	-0.0156016	0
900	892.893	0	935.199	0.155467	0.00568521	-0.0278969	-0	0	0.00554993	0	-4.0869	0	-0.000554993	-0.0131487	0
900	877.206	0	941.185	0.155467	0.0182351	-0.0251092	-0	0	-0.178561	0	-74.1173	0	0.0178561	-0.0124709	0
900	889.018	0	1321.86	0.155467	0.00878579	-0.0228298	-0	0	-0.209424	0	-34.8524	0	0.0209424	-0.0103282	0
900	899.109	0	1566.07	0.155467	0.000713184	-0.0209746	-0	0	-0.0513861	0	24.7632	0	0.00513861	-0.00740558	-0
900	907.032	0	651.486	0.155467	-0.00562539	-0.0215146	-0	0	-0.340323	0	-71.2443	0	0.0340323	-0.00446742	0
900	911.427	0	497.06	0.155467	-0.00914121	-0.0227336	-0	0	-0.381828	0	-67.0544	0	0.0381828	0.00435164	0
900	893.106	0	-120.644	0.155467	0.00551543	-0.0249932	0	0	-0.269552	0	76.5977	0	0.0269552	0.0124875	-0
900	890.17	0	-756.304	0.155467	0.00786367	-0.0243038	0	0	-0.184946	0	57.085	0	0.0184946	0.0157221	-0
900	890.813	0	-2000.09	0.155467	0.00734961	-0.0228745	0	0	0.019917	0	-10.3118	0	-0.0019917	0.0185106	0
900	884.273	0	-1415.91	0.155467	0.0125815	-0.0219558	0	0	0.0789815	0	52.8951	0	-0.00789815	0.0182716	-0
900	891.611	0	-1591.88	0.155467	0.00671133	-0.0153669	0	0	0.145496	0	-26.9515	0	-0.0145496	0.0137681	0
900	901.609	0	-1273.45	0.155467	-0.00128687	-0.014528	0	0	0.0874953	0	-39.6408	0	-0.00874953	0.0120222	0
900	900.094	0	1586.42	0.155467	-7.51465e-05	-0.0140161	-0	0	0.0172564	0	-33.0567	0	-0.00172564	0.00953642	0
900	885.736	0	2196.94	0.155467	0.0114113	-0.0133605	-0	0	-0.0657532	0	-89.0811	0	0.00657532	0.00965225	0
900	921.486	0	730.495	0.155467	-0.0171892	-0.0119746	-0	0	0.043862	0	150.698	0	-0.0043862	0.0112112	-0
900	896.165	0	-834.116	0.155467	0.00306836	-0.013965	0	0	0.0821742	0	-30.902	0	-0.00821742	0.00930285	0
900	904.792	0	1994.63	0.155467	-0.0038333	-0.0144249	-0	0	0.38601	0	11.5951	0	-0.038601	0.00461689	-0
900	907.279	0	373.759	0.155467	-0.00582339	-0.0150022	-0	0	0.414212	0	108.321	0	-0.0414212	-0.00317873	-0
900	921.673	0	-2298.17	0.155467	-0.0173381	-0.018887	0	0	0.201367	0	-44.908	0	-0.0201367	-0.012941	0
900	911.566	0	-1889.96	0.155467	-0.00925293	-0.0210543	0	0	0.112505	0	-82.8561	0	-0.0112505	-0.0153574	0
900	902.145	0	-1351.26	0.155467	-0.00171587	-0.0233528	0	0	-0.0774596	0	-77.1101	0	0.00774596	-0.0168571	0
900	886.736	0	-2021.64	0.155467	0.0106112	-0.0217202	0	0	-0.0774596	0	-8.87531	0	0.00774596	-0.0149853	0
900	886.741	0	-2112.62	0.155467	0.0106074	-0.0203938	0	0	-0.0428723	0	-34.4933	0	0.00428723	-0.0140558	0
900	896.662	0	574.872	0.155467	0.00267041	-0.0166937	-0	0	-0.0896982	0	-6.84023	0	0.00896982	-0.0104499	0
900	881.208	0	710.144	0.155467	0.0150333	-0.0137158	-0	0	-0.12535	0	-41.9153	0	0.012535	-0.00871221	0
900	885.941	0	1532.55	0.155467	0.011247	-0.0118366	-0	0	-0.179625	0	-88.4825	0	0.0179625	-0.00720801	0
900	911.973	0	2746.41	0.155467	-0.00957817	-0.0133204	-0	0	-0.255185	0	45.1139	0	0.0255185	0.00217022	-0
900	903.319	0	937.593	0.155467	-0.00265537	-0.0154499	-0	0	-0.152488	0	1.65918	0	0.0152488	0.00764974	-0
900	887.315	0	941.185	0.155467	0.0101479	-0.0158919	-0	0	-0.253589	0	-40.3591	0	0.0253589	0.011782	0
900	905.285	0	225.318	0.155467	-0.00422764	-0.0141041	-0	0	-0.314782	0	70.9713	0	0.0314782	0.0190238	-0
900	897.744	0	-952.629	0.155467	0.00180508	-0.014801	0	0	0.0853668	0	131.784	0	-0.00853668	0.0235456	-0
900	886.701	0	-1251.9	0.155467	0.0106388	-0.0144546	0	0	0.137514	0	63.7887	0	-0.0137514	0.0212988	-0
900	904.952	0	-2924.25	0.155467	-0.00396191	-0.0122795	0	0	0.316304	0	53.6134	0	-0.0316304	0.0163127	-0
900	904.072	0	113.988	0.155467	-0.00325762	-0.0133626	-0	0	0.0800457	0	-163.78	0	-0.00800457	0.00967288	0
900	907.748	0	2291.51	0.155467	-0.00619814	-0.0137698	-0	0	0.0215133	0	-98.7776	0	-0.00215133	0.00871233	0
900	884.389	0	1149.48	0.155467	0.0124885	-0.0149511	-0	0	0.0497153	0	-45.1475	0	-0.00497153	0.00650114	0
900	898.495	0	1270.39	0.155467	0.00120391	-0.01339	-0	0	-0.0157346	0	-44.3095	0	0.00157346	0.00590456	0
900	883.288	0	-111.067	0.155467	0.0133698	-0.0135573	0	0	0.139642	0	50.9797	0	-0.0139642	0.00507261	-0
900	895.253	0	154.689	0.155467	0.00379771	-0.0115051	-0	0	0.206156	0	-5.04458	0	-0.0206156	0.00133169	0
900	897.57	0	450.373	0.155467	0.00194404	-0.0110304	-0	0	0.187532	0	-33.4159	0	-0.0187532	-0.00114219	0
900	921.06	0	-648.565	0.155467	-0.0168483	-0.0138563	0	0	0.356212	0	27.6363	0	-0.0356212	-0.0120438	-0
900	908.447	0	-929.884	0.155467	-0.00675786	-0.0170738	0	0	0.0161922	0	-61.3083	0	-0.00161922	-0.0183197	0
900	890.791	0	-3300.14	0.155467	0.00736685	-0.0188677	0	0	-0.111515	0	-81.659	0	0.0111515	-0.0180443	0
900	876.916	0	-3221.14	0.155467	0.0184674	-0.0179468	0	0	-0.164194	0	0.701501	0	0.0164194	-0.0167061	-0
900	875.454	0	-1081.92	0.155467	0.0196367	-0.0131759	0	0	-0.247204	0	-75.075	0	0.0247204	-0.0115486	0
900	881.274	0	281.582	0.155467	0.0149809	-0.00818719	-0	0	-0.317975	0	33.0232	0	0.0317975	-0.00411514	-0
900	889.185	0	1718.1	0.155467	0.00865234	-0.00490086	-0	0	-0.140249	0	-33.2962	0	0.0140249	0.00222002	0
900	920.566	0	3913.59	0.155467	-0.0164528	-0.00481173	-0	0	-0.0439365	0	95.9907	0	0.00439365	0.00432808	-0
900	920.564	0	2603.96	0.155467	-0.0164513	-0.00686834	-0	0	-0.098212	0	18.4186	0	0.0098212	0.00485532	-0
900	903.297	0	353.408	0.155467	-0.00263721	-0.0121542	-0	0	-0.281259	0	-4.80516	0	0.0281259	0.0120753	0
900	900.915	0	941.185	0.155467	-0.000732373	-0.0121228	-0	0	-0.0960836	0	59.4792	0	0.00960836	0.0175548	-0
900	895.9	0	-794.612	0.155467	0.00327974	-0.0128641	0	0	0.206156	0	179.908	0	-0.0206156	0.0181049	-0
900	895.748	0	-1984.53	0.155467	0.00340176	-0.0124542	0	0	0.318964	0	101.857	0	-0.0318964	0.015631	-0
900	898.318	0	-873.62	0.155467	0.00134536	-0.0102762	0	0	0.0369446	0	-31.9794	0	-0.00369446	0.00718131	0
900	925.026	0	-1247.12	0.155467	-0.0200207	-0.0116239	0	0	0.150817	0	2.97599	0	-0.0150817	0.00560502	-0
900	903.656	0	2242.43	0.155467	-0.00292456	-0.0153631	-0	0	0.174762	0	-25.3953	0	-0.0174762	0.0020812	0
900	894.966	0	329.466	0.155467	0.00402754	-0.0165518	-0	0	0.062486	0	-59.6324	0	-0.0062486	-0.00196621	0
900	884.706	0	893.301	0.155467	0.012235	-0.0137545	-0	0	-0.0253126	0	34.1006	0	0.00253126	-0.00294866	-0
900	898.01	0	-430.693	0.155467	0.00159199	-0.0123455	0	0	0.105587	0	5.84903	0	-0.0105587	-0.00310102	-0
900	884.838	0	821.475	0.155467	0.0121299	-0.0107113	-0	0	0.0800457	0	-22.4025	0	-0.00800457	-0.0058586	0
900	892.666	0	1119.55	0.155467	0.00586758	-0.0087772	-0	0	-0.0295695	0	-17.7339	0	0.00295695	-0.00720501	0
900	901.474	0	1240.46	0.155467	-0.00117939	-0.00804375	-0	0	-0.00881711	0	15.6653	0	0.000881711	-0.00685018	-0
900	924.784	0	-1120.22	0.155467	-0.0198268	-0.0127995	0	0	0.0997339	0	-20.2478	0	-0.00997339	-0.00793115	0
900	904.188	0	-946.643	0.155467	-0.00335	-0.0167132	0	0	-0.0753312	0	-43.3518	0	0.00753312	-0.00952021	0
900	887.175	0	-2116.21	0.155467	0.0102604	-0.0161255	0	0	-0.0428723	0	24.2844	0	0.00428723	-0.00763564	-0
900	894.199	0	-2389.15	0.155467	0.00464072	-0.0137099	0	0	-0.139185	0	-60.7098	0	0.0139185	-0.00644069	0
900	896.435	0	444.388	0.155467	0.00285186	-0.0129173	-0	0	-0.15568	0	53.8528	0	0.015568	-0.00311941	-0
900	883.837	0	63.7097	0.155467	0.0129303	-0.0113807	-0	0	-0.0237163	0	39.2481	0	0.00237163	-0.000232336	-0
900	910.61	0	-673.704	0.155467	-0.00848833	-0.00953889	0	0	0.162523	0	-18.931	0	-0.0162523	-0.000786967	0
900	904.303	0	3838.17	0.155467	-0.00344243	-0.0112958	-0	0	0.0215133	0	-25.2756	0	-0.00215133	-0.00402983	0
900	911.219	0	3191.73	0.155467	-0.008975	-0.0128999	-0	0	-0.132267	0	-65.7376	0	0.0132267	-0.00353088	0
900	886.196	0	735.283	0.155467	0.0110434	-0.01415	-0	0	-0.28658	0	-59.7521	0	0.028658	0.000435317	0
900	922.324	0	285.173	0.155467	-0.0178592	-0.0133131	-0	0	-0.290305	0	80.3087	0	0.0290305	0.00797093	-0
900	900.541	0	467.133	0.155467	-0.000433105	-0.0165211	-0	0	0.057697	0	27.3969	0	-0.0057697	0.0124863	-0
900	897.032	0	-1357.25	0.155467	0.00237441	-0.0165484	0	0	-0.0710743	0	62.831	0	0.00710743	0.0118678	-0
900	905.495	0	-2099.45	0.155467	-0.0043959	-0.0166099	0	0	0.103991	0	3.69425	0	-0.0103991	0.012603	-0
900	908.867	0	-565.965	0.155467	-0.00709336	-0.0186605	0	0	0.00661416	0	-22.2828	0	-0.000661416	0.0103179	0
900	904.862	0	324.678	0.155467	-0.0038895	-0.0196725	-0	0	-0.0173309	0	-23.7194	0	0.00173309	0.0106764	0
900	883.592	0	-326.545	0.155467	0.0131265	-0.0198025	0	0	0.0236418	0	-7.91763	0	-0.00236418	0.0107858	0
900	899.906	0	938.79	0.155467	7.55371e-05	-0.0173108	-0	0	-0.137588	0	-43.2321	0	0.0137588	0.0109336	0
900	888.438	0	1342.21	0.155467	0.00924971	-0.0173349	-0	0	-0.00615654	0	60.3171	0	0.000615654	0.014223	-0
899.88	893.474	-239.618	407.278	0.15048	0.00512495	-0.0153437	-0	0	0.12155	0	82.2241	0	-0.012155	0.0124615	-0
898.921	912.735	-719.612	140.324	0.140364	-0.0110514	-0.0149947	-0	0	0.10878	0	-46.4643	0	-0.010878	0.0104829	0
897.002	919.975	-1199.61	1033.36	0.130083	-0.0183781	-0.0193564	-0	0	0.306726	0	101.258	0	-0.0306726	0.00684417	-0
894.123	917.232	-1679.6	-580.331	0.119636	-0.0184874	-0.0240737	-0	0	0.192854	0	15.0667	0	-0.0192854	-0.000306533	-0
890.284	886.642	-2159.59	-2237.12	0.109023	0.00291338	-0.0276142	0	0	-0.0120098	0	-64.6602	0	0.00120098	-0.00376011	0
885.485	888.865	-2639.59	-3703.57	0.0982439	-0.00270444	-0.0268801	0	0	-0.154084	0	-107.876	0	0.0154084	-0.00160097	0
879.725	865.962	-3119.58	-3259.44	0.0872993	0.0110109	-0.0268854	0	0	0.0800457	0	97.4272	0	-0.00800457	0.000385767	-0
873.006	866.455	-3599.57	-285.844	0.0761889	0.00524141	-0.024906	-0	0	0.263625	0	-65.3785	0	-0.0263625	-0.00322745	0
865.327	867.188	-4079.57	-740.742	0.0649126	-0.00148887	-0.0242299	-0	0	0.205092	0	-41.4365	0	-0.0205092	-0.00920324	0
856.688	887.033	-4559.56	339.043	0.0534705	-0.0242756	-0.0265616	-0	0	0.0481189	0	-0.97444	0	-0.00481189	-0.0133401	0
847.089	871.767	-5039.56	698.173	0.0418626	-0.0197423	-0.0319969	-0	0	-0.0471292	0	-41.4365	0	0.00471292	-0.0138755	0
836.53	853.737	-5519.55	500.652	0.0300889	-0.0137654	-0.0383311	-0	0	0.157202	0	57.5638	0	-0.0157202	-0.0131595	-0
825.011	847.702	-5999.54	-3190.01	0.0181493	-0.0181524	-0.0412176	-0	0	-0.136524	0	60.3171	0	0.0136524	-0.0159618	-0
812.532	830.491	-6479.54	-5369.93	0.00604387	-0.0143666	-0.0438606	-0	0	-0.472287	0	-25.9938	0	0.0472287	-0.010661	0
799.094	815.955	-6959.53	-7709.07	-0.00622736	-0.0134894	-0.0469712	0	0	-0.229112	0	-42.035	0	0.0229112	-0.00254435	0
784.695	816.456	-7439.52	-2012.06	-0.0186644	-0.0254089	-0.0511712	-0	0	-0.121093	0	95.7513	0	0.0121093	0.00282663	-0
769.336	800.089	-7919.52	-6092.98	-0.0312673	-0.0246021	-0.0566914	-0	0	0.114633	0	-189.518	0	-0.0114633	0.00530504	0
753.017	786.212	-8399.51	-4557.1	-0.044036	-0.0265562	-0.0638108	-0	0	0.0678071	0	247.065	0	-0.00678071	0.00359466	-0
735.738	754.01	-8879.51	-7150.02	-0.0569706	-0.014617	-0.069422	-0	0	0.14922	0	6.92644	0	-0.014922	0.00101587	-0
717.769	734.287	-9000	-5041.93	-0.0625723	-0.0132145	-0.0735905	-0	0	-0.150891	0	-133.494	0	0.0150891	0.00106785	0
699.769	707.262	-9000	-8930.11	-0.0656816	-0.00599409	-0.076188	-0	0	0.955371	0	136.812	0	-0.0955371	0.000296115	-0
681.769	683.387	-9000	-4519.99	-0.0687909	-0.00129453	-0.0774367	-0	0	1.44811	0	105.687	0	-0.144811	-0.0241078	-0
663.769	646.191	-9000	-5287.33	-0.0719002	0.0140627	-0.0778402	-0	0	-0.693114	0	-179.582	0	0.0693114	-0.049163	0
645.77	610.791	-9000	-6697.52	-0.0750096	0.0279831	-0.0737716	-0	0	0.593002	0	230.066	0	-0.0593002	-0.0440028	-0
627.77	570.18	-9000	-3067.91	-0.0781189	0.0460717	-0.0653748	-0	0	1.00166	0	215.461	0	-0.100166	-0.0624172	-0
609.77	568.367	-9000	-11068.1	-0.0812282	0.0331229	-0.0550069	0	0	0.57491	0	-143.789	0	-0.057491	-0.0854675	0
591.77	554.537	-9000	-4634.91	-0.0843375	0.0297866	-0.0469139	-0	0	-0.121093	0	-288.877	0	0.0121093	-0.0932056	0
573.771	531.931	-9000	-2847.64	-0.0874468	0.0334718	-0.039012	-0	0	-0.256782	0	-51.9709	0	0.0256782	-0.0876622	0
555.771	509.297	-9000	-4581.04	-0.0905561	0.037179	-0.0309176	-0	0	-0.307864	0	-43.5912	0	0.0307864	-0.0829745	0
537.771	525.606	-9000	-12529.8	-0.0936654	0.00973179	-0.0235151	0	0	-1.82172	0	-769.274	0	0.182172	-0.0672145	0
519.771	535.051	-9000	-5676.39	-0.0967747	-0.0122241	-0.0224285	-0	0	-1.42849	0	299.618	0	0.142849	-0.0232824	-0
501.772	529.739	-9000	-8312.41	-0.099884	-0.0223741	-0.02695	-0	0	-1.46415	0	-175.392	0	0.146415	0.00952001	0
483.772	519.624	-9000	-8282.48	-0.102993	-0.028682	-0.0326836	-0	0	-1.45297	0	49.3038	0	0.145297	0.046109	-0
465.772	519.006	-9000	-11657.1	-0.106103	-0.0425872	-0.0417273	0	0	-0.275406	0	486.605	0	0.0275406	0.0746268	-0
447.772	496.903	-9000	-9114.46	-0.109212	-0.0393049	-0.0526739	0	0	0.076853	0	88.2096	0	-0.0076853	0.0756494	-0
429.772	494.288	-9000	-9237.76	-0.112321	-0.0516126	-0.0632058	0	0	0.395056	0	244.192	0	-0.0395056	0.0734537	-0
411.773	478.675	-9000	-10244.5	-0.115431	-0.0535219	-0.0765024	0	0	1.1464	0	269.93	0	-0.11464	0.0586087	-0
393.773	451.064	-9000	-9945.25	-0.11854	-0.0458332	-0.0902428	0	0	1.21557	0	67.38	0	-0.121557	0.031408	-0
375.773	409.869	-9000	-10837.1	-0.121649	-0.0272768	-0.100518	0	0	1.18099	0	47.149	0	-0.118099	0.00105929	-0
357.773	387.321	-9000	-11166.3	-0.124758	-0.0236377	-0.106908	0	0	0.52702	0	-302.524	0	-0.052702	-0.0229551	0
339.774	347.127	-9000	-10549.8	-0.127868	-0.00588245	-0.111493	0	0	0.187532	0	-206.397	0	-0.0187532	-0.0339626	0
321.774	318.261	-9000	-13679	-0.130977	0.00280996	-0.112305	0	0	-0.300415	0	-184.61	0	0.0300415	-0.0361391	0
303.774	288.935	-9000	-11730.1	-0.134086	0.0118712	-0.110814	0	0	-0.169515	0	49.7826	0	0.0169515	-0.0285715	-0
285.774	267.964	-9000	-12250.9	-0.137196	0.0142485	-0.107666	0	0	0.0789815	0	104.969	0	-0.00789815	-0.0270573	-0
267.775	246.601	-9000	-11262.1	-0.140305	0.0169385	-0.10392	0	0	-0.272745	0	-101.89	0	0.0272745	-0.0264371	0
249.775	221.195	-9000	-10045.8	-0.143414	0.0228638	-0.0995295	0	0	-0.00775288	0	85.3366	0	0.000775288	-0.0206702	-0
231.775	193.96	-9000	-10534.2	-0.146524	0.0302516	-0.0929803	0	0	0.0986696	0	75.7597	0	-0.00986696	-0.0223869	-0
213.775	161.666	-9000	-3339.65	-0.149633	0.0416875	-0.0857993	-0	0	-0.246139	0	-102.608	0	0.0246139	-0.0223414	0
195.775	101.343	-9000	-1478.16	-0.152742	0.0755461	-0.0733686	-0	0	-0.28658	0	18.658	0	0.028658	-0.0162169	-0
177.776	45.4333	-9000	133.142	-0.155851	0.105874	-0.052338	-0	0	-0.47814	0	-75.9129	0	0.047814	-0.00809385	0
159.895	7.73024	-8760.68	-2056.36	-0.153979	0.121732	-0.024636	-0	0	-0.457388	0	-47.5417	0	0.0457388	0.00346453	0
142.854	0.549788	-8280.69	-5210.72	-0.146973	0.113843	0.00586268	-0	0	-0.736747	0	-179.103	0	0.0736747	0.014991	0
126.773	42.6474	-7800.7	-8424.93	-0.139802	0.0673002	0.0321345	0	0	-1.006	0	-144.267	0	0.1006	0.0366893	0
111.651	105.271	-7320.7	-12426.8	-0.132464	0.00510441	0.0449421	0	0	0.186468	0	533.651	0	-0.0186468	0.0535922	-0
97.4902	154.405	-6840.71	-6144.46	-0.12496	-0.0455316	0.0427615	-0	0	0.0241739	0	-20.1281	0	-0.00241739	0.0485551	0
84.289	185.989	-6360.72	221.727	-0.117291	-0.0813598	0.0284031	-0	0	0.169973	0	140.523	0	-0.0169973	0.0477259	-0
72.0477	179.729	-5880.72	-2923.06	-0.109456	-0.0861446	0.00744521	-0	0	0.473809	0	22.1296	0	-0.0473809	0.041616	-0
60.7664	167.782	-5400.73	-9549.01	-0.101455	-0.0856122	-0.0139747	0	0	0.666966	0	36.854	0	-0.0666966	0.0291399	-0
50.4451	148.376	-4920.73	-8124.46	-0.0932878	-0.0783448	-0.0350486	0	0	0.53447	0	-19.6492	0	-0.053447	0.0130369	0
41.0837	126.264	-4440.74	-9404.16	-0.0849551	-0.0681444	-0.0539947	0	0	0.13645	0	-245.063	0	-0.013645	0.00229767	0
32.6823	105.831	-3960.75	-15830.2	-0.0764566	-0.0585189	-0.0704412	0	0	0.265221	0	24.2844	0	-0.0265221	-6.40117e-05	-0
25.2409	92.647	-3480.75	-15982.2	-0.0677923	-0.0539249	-0.0848482	0	0	0.127936	0	-93.1512	0	-0.0127936	-0.00824914	0
18.7595	77.1193	-3000.76	-10433.7	-0.0589621	-0.0466878	-0.0979421	0	0	-0.290305	0	16.8624	0	0.0290305	-0.00723297	-0
13.238	59.2679	-2520.77	-7455.28	-0.0499661	-0.0368239	-0.109156	0	0	-0.0976799	0	21.4114	0	0.00976799	-0.00119792	-0
8.67656	34.6624	-2040.77	-10193.1	-0.0408043	-0.0207887	-0.11732	0	0	0.197643	0	104.849	0	-0.0197643	-0.00093523	-0
5.07505	22.2127	-1560.78	-7713.85	-0.0314766	-0.0137101	-0.121828	0	0	0.168376	0	24.5238	0	-0.0168376	-0.00537215	-0
2.43353	16.4353	-1080.78	-7808.43	-0.0219832	-0.0112014	-0.125119	0	0	0.172101	0	4.05339	0	-0.0172101	-0.00952174	-0
0.751976	7.66494	-600.79	-6326.42	-0.0123239	-0.00553037	-0.1276	0	0	0.200303	0	34.4597	0	-0.0200303	-0.0138246	-0
0.0303993	-4.14092	-120.796	-5272.97	-0.00249872	0.00333705	-0.12846	0	0	0.171037	0	10.5177	0	-0.0171037	-0.0184467	-0
0	-10.2064	0	-4622.94	0	0.00816514	-0.127219	0	0	0.209881	0	14.2287	0	-0.0209881	-0.0227878	-0
0	-11.0116	0	-4652.87	0	0.0088093	-0.125111	0	0	0.120486	0	-39.0422	0	-0.0120486	-0.0275696	0
0	-7.69362	0	-3625.76	0	0.0061549	-0.123076	0	0	-0.00668866	0	-23.2405	0	0.000668866	-0.0295098	0
0	-8.0315	0	-3236.7	0	0.0064252	-0.121587	0	0	0.000228808	0	-12.3469	0	-2.28808e-05	-0.0294514	0
0	-10.3646	0	-3190.01	0	0.00829169	-0.119798	0	0	-0.123753	0	-49.3373	0	0.0123753	-0.0287737	0
0	-11.0792	0	-2437.03	0	0.00886337	-0.117699	0	0	-0.105129	0	32.9035	0	0.0105129	-0.0256057	-0
0	-10.3594	0	-1548.79	0	0.00828751	-0.115529	0	0	-0.0343585	0	39.8467	0	0.00343585	-0.0236764	-0
0	-9.73926	0	-269.084	0	0.00779141	-0.11347	0	0	-0.0801202	0	-9.11473	0	0.00801202	-0.0226794	0
0	-11.0249	0	-911.927	0	0.00881995	-0.111543	0	0	-0.139717	0	-61.428	0	0.0139717	-0.02045	0
0	-21.1573	0	-3826.87	0	0.0169259	-0.10868	0	0	-0.290837	0	-102.01	0	0.0290837	-0.0162284	0
0	-30.8374	0	-3847.22	0	0.0246699	-0.104027	0	0	-0.299351	0	1.30006	0	0.0299351	-0.00903122	-0
0	-42.3423	0	-4406.26	0	0.0338738	-0.0972805	0	0	-0.162598	0	48.3461	0	0.0162598	-0.00224269	-0
0	-52.7373	0	-2143.74	0	0.0421898	-0.0882696	0	0	0.00448571	0	52.8951	0	-0.000448571	0.000388965	-0
0	-53.7915	0	-581.528	0	0.0430332	-0.0774798	0	0	0.0183206	0	11.5951	0	-0.00183206	5.7821e-05	-0
0	-52.6418	0	-559.98	0	0.0421134	-0.0667555	0	0	0.0912201	0	28.1151	0	-0.00912201	-0.000752225	-0
0	-51.438	0	-1432.67	0	0.0411504	-0.0562463	0	0	0.119954	0	8.84178	0	-0.0119954	-0.00301813	-0
0	-51.2354	0	-793.414	0	0.0409883	-0.046074	0	0	0.201899	0	97.4273	0	-0.0201899	-0.00659942	-0
0	-43.0426	0	2210.11	0	0.0344341	-0.0360667	-0	0	0.171037	0	-27.9092	0	-0.0171037	-0.0114642	0
0	-37.0127	0	3289.9	0	0.0296102	-0.0277693	-0	0	0.223716	0	28.1151	0	-0.0223716	-0.0157925	-0
0	-33.8105	0	1789.93	0	0.0270484	-0.0205664	-0	0	0.263092	0	8.84178	0	-0.0263092	-0.0214235	-0
0	-30.823	0	1629.52	0	0.0246584	-0.0138863	-0	0	0.22478	0	-10.3118	0	-0.022478	-0.0277761	0
0	-28.1667	0	1126.74	0	0.0225334	-0.00787775	-0	0	0.0938806	0	-57.4776	0	-0.00938806	-0.0321811	0
0	-28.262	0	-464.212	0	0.0226096	-0.00229191	0	0	0.200303	0	53.0148	0	-0.0200303	-0.0349642	-0
0	-29.8073	0	-497.731	0	0.0238458	0.00346389	0	0	0.14656	0	-25.2756	0	-0.014656	-0.0398098	0
0	-29.2217	0	388.124	0	0.0233773	0.00953685	-0	0	0.0422657	0	-38.6831	0	-0.00422657	-0.0425099	0
0	-26.6497	0	614.376	0	0.0213198	0.0151932	-0	0	-0.050854	0	-45.746	0	0.0050854	-0.043205	0
0	-25.0261	0	1154.27	0	0.0200209	0.0204141	-0	0	-0.199846	0	-57.1185	0	0.0199846	-0.0409628	0
0	-21.2282	0	1530.16	0	0.0169825	0.0251831	-0	0	-0.221662	0	-15.2199	0	0.0221662	-0.0358217	0
0	-17.8774	0	1293.13	0	0.0143019	0.0292766	-0	0	-0.223258	0	-8.51617	0	0.0223258	-0.0306742	0
0	-16.5002	0	1160.25	0	0.0132001	0.0327317	-0	0	-0.234433	0	-2.41096	0	0.0234433	-0.0250415	0
0	-14.0934	0	766.408	0	0.0112747	0.0359256	-0	0	-0.143974	0	31.467	0	0.0143974	-0.0199195	-0
0	-12.011	0	997.448	0	0.00960879	0.0386705	-0	0	-0.0662853	0	35.6568	0	0.00662853	-0.0169047	-0
0	-9.78909	0	1758.8	0	0.00783128	0.0410255	-0	0	0.0635502	0	55.2893	0	-0.00635502	-0.0160035	-0
0	-8.15383	0	1066.88	0	0.00652306	0.0428846	-0	0	0.131661	0	29.4319	0	-0.0131661	-0.0182056	-0
0	-5.74957	0	1145.89	0	0.00459966	0.044425	-0	0	0.0662108	0	-22.7617	0	-0.00662108	-0.0209951	0
0	-3.25698	0	1933.58	0	0.00260558	0.0455123	-0	0	0.0800457	0	8.12352	0	-0.00800457	-0.0225522	-0
0	0.309688	0	1415.24	0	-0.000247751	0.0459606	-0	0	0.0332198	0	-20.7266	0	-0.00332198	-0.0244222	0
0	2.71631	0	1289.54	0	-0.00217304	0.0457778	-0	0	-0.0583036	0	-39.5211	0	0.00583036	-0.0245362	0
0	4.2565	0	841.825	0	-0.0034052	0.045127	-0	0	-0.0210557	0	11.236	0	0.00210557	-0.0232391	-0
0	3.70335	0	-107.476	0	-0.00296268	0.0442376	0	0	-0.0205236	0	-3.24893	0	0.00205236	-0.022887	0
0	3.25728	0	190.602	0	-0.00260583	0.0434788	-0	0	-0.0301016	0	0.46208	0	0.00301016	-0.0221582	-0
0	3.52479	0	124.762	0	-0.00281983	0.0427444	-0	0	0.019917	0	22.369	0	-0.0019917	-0.0218508	-0
0	3.49622	0	15.8257	0	-0.00279698	0.0420057	-0	0	-0.0380833	0	-25.6347	0	0.00380833	-0.0220734	0
0	4.04496	0	367.773	0	-0.00323596	0.0412456	-0	0	-0.0311658	0	4.77164	0	0.00311658	-0.0209615	-0
0	4.13401	0	28.9938	0	-0.00330721	0.0404058	-0	0	0.0039536	0	8.48266	0	-0.00039536	-0.0206094	-0
0	3.8718	0	3.85466	0	-0.00309744	0.039558	-0	0	-0.0391475	0	-17.9733	0	0.00391475	-0.0203786	0
0	4.47715	0	97.2285	0	-0.00358172	0.0387682	-0	0	0.0114032	0	20.8128	0	-0.00114032	-0.0196051	-0
0	3.89136	0	-431.89	0	-0.00311309	0.0379282	0	0	0.0114032	0	-10.5512	0	-0.00114032	-0.0200639	0
0	3.21586	0	54.1329	0	-0.00257269	0.0372111	-0	0	-0.0237163	0	-2.8898	0	0.00237163	-0.0199545	0
0	3.17825	0	-67.9714	0	-0.0025426	0.0365839	0	0	0.0465226	0	27.2771	0	-0.00465226	-0.0198578	-0
