0	0.128059	0	142.287	0	-0.000102447	0	-0	0	0.00343745	0	1.06423	0	-0.000206247	0	-0
0.48	-0.0735744	480	-221.631	0.0110599	0.00044286	-5.35881e-06	0	0	-0.00188368	0	-1.06422	0	0.000113021	-2.35619e-05	0
1.92	-0.0292756	960	58.4903	0.0222954	0.00155942	2.91329e-05	0	0	-0.0210397	0	-10.6422	0	0.00126238	8.69685e-05	0
4.32	2.37227	1440	1535.71	0.0337068	0.00155818	0.0001088	-0	0	-0.317959	0	-213.909	0	0.0190775	0.00121277	0
7.68	2.10593	1920	-346.13	0.0452938	0.00445926	0.000214318	0	0	-0.442473	0	10.6423	0	0.0265484	0.00815243	-0
12	1.58802	2400	-128.257	0.0570566	0.00832959	0.00048503	0	0	-0.404161	0	3.19266	0	0.0242496	0.0158009	-0
17.28	1.11744	2880	-221.631	0.0689951	0.0129301	0.000957089	0	0	-0.413739	0	-6.38536	0	0.0248243	0.0231045	0
23.52	1.62514	3360	166.229	0.0811093	0.0175159	0.00165852	0	0	-0.407353	0	7.4496	0	0.0244412	0.0305614	-0
30.72	4.20723	3840	1741.61	0.0933992	0.0212102	0.00258581	0	0	-0.123205	0	218.166	0	0.00739232	0.0372999	-0
38.88	6.00293	4320	860.548	0.105865	0.0263017	0.00370421	0	0	0.242888	0	137.285	0	-0.0145733	0.0374583	-0
48	9.1298	4800	2131.87	0.118506	0.0310962	0.00508938	0	0	0.441898	0	95.7803	0	-0.0265139	0.0321573	-0
58.08	16.577	5280	4267.5	0.131323	0.0332024	0.00667169	0	0	0.250338	0	-123.45	0	-0.0150203	0.0248161	0
69.12	22.2722	5760	3005.75	0.144316	0.0374783	0.00837948	0	0	0.326962	0	104.294	0	-0.0196177	0.020559	-0
81.12	30.8859	6240	5285.03	0.157485	0.0401873	0.0102948	0	0	0.352503	0	-18.0918	0	-0.0211502	0.0139937	0
94.08	36.4136	6720	1210.1	0.170829	0.0461331	0.0123447	0	0	0.374852	0	22.3487	0	-0.0224911	0.00764863	-0
108	45.844	7200	6156.52	0.184349	0.0497248	0.0147282	0	0	0.310999	0	-80.8811	0	-0.0186599	0.000748044	0
122.88	55.7567	7680	2677.75	0.198045	0.0536987	0.0172559	0	0	0.0577129	0	-124.514	0	-0.00346278	-0.00369099	0
138.72	65.8295	8160	2950.69	0.211917	0.0583124	0.0200256	0	0	0.0130155	0	-25.5414	0	-0.000780928	-0.00455742	0
147	76.6829	8400	7427.84	0.218918	0.0562537	0.0214834	0	0	-0.00720481	0	-20.2203	0	0.000432288	-0.00467456	0
164.28	98.3959	8880	7126.17	0.233053	0.0527072	0.024238	0	0	-0.0370031	0	-9.57803	0	0.00222019	-0.00436289	0
182.25	120.696	9000	8680.01	0.239086	0.0492431	0.0268396	0	0	0.0449422	0	72.3673	0	-0.00269653	-0.00378303	-0
200.25	140.086	9000	4449.46	0.242381	0.0481307	0.0292582	0	0	0.0853828	0	-48.9544	0	-0.00512297	-0.00539655	0
218.25	158.889	9000	3980.19	0.245675	0.0474887	0.0316623	0	0	-0.209408	0	-169.212	0	0.0125645	-0.00580323	0
236.25	180.18	9000	2735.21	0.24897	0.0448555	0.0340331	0	0	-0.648933	0	-237.322	0	0.038936	-0.000214068	0
254.25	207.027	9000	1492.62	0.252265	0.0377785	0.0361974	0	0	-0.671281	0	128.771	0	0.0402769	0.0116679	-0
272.25	246.001	9000	6530.02	0.25556	0.0209989	0.0379084	0	0	-0.757484	0	-245.836	0	0.045449	0.0223142	0
290.25	291.913	9000	11462.1	0.258855	-0.00133074	0.0386919	-0	0	-1.56097	0	-332.038	0	0.0936584	0.040192	0
308.25	329.692	9000	6058.36	0.26215	-0.017154	0.0383912	0	0	-1.45987	0	143.67	0	0.0875923	0.0686726	-0
326.25	359.805	9000	4241.16	0.265445	-0.0268447	0.0374166	0	0	-1.20339	0	95.7803	0	0.0722036	0.0935041	-0
344.25	389.263	9000	4164.55	0.26874	-0.0360104	0.0359573	0	0	-1.07888	0	124.514	0	0.0647328	0.115165	-0
362.25	418.795	9000	3702.47	0.272035	-0.0452364	0.0340224	0	0	-0.281775	0	472.516	0	0.0169065	0.131664	-0
380.25	449.462	9000	5897.95	0.275329	-0.0553698	0.0316329	0	0	-0.332858	0	-109.615	0	0.0199715	0.136209	0
398.25	480.88	9000	10806.1	0.278624	-0.0661044	0.0287393	-0	0	0.712211	0	913.105	0	-0.0427327	0.141013	-0
416.25	508.353	9000	10485.2	0.281919	-0.0736825	0.0252856	-0	0	2.90132	0	817.325	0	-0.174079	0.115847	-0
434.236	513.59	8920.01	1351.36	0.283383	-0.0634831	0.0217275	0	0	2.70763	0	-216.038	0	-0.162458	0.0626843	0
451.596	513.583	8440.01	-1188.89	0.275589	-0.049589	0.0187671	0	0	2.70976	0	2.1286	0	-0.162586	0.0139468	-0
467.996	516.814	7960.01	-66.0081	0.267619	-0.039054	0.0164288	0	0	3.03542	0	250.093	0	-0.182125	-0.0355089	-0
483.436	526.437	7480.01	3606.7	0.259473	-0.0344007	0.0145454	0	0	3.23336	0	59.5968	0	-0.194002	-0.0913915	-0
497.916	542.49	7000.01	11031.1	0.251152	-0.0356592	0.0128236	-0	0	2.84173	0	-310.754	0	-0.170504	-0.148864	0
511.436	554.748	6520.01	11076.6	0.242655	-0.0346495	0.0110332	-0	0	1.84455	0	-469.323	0	-0.110673	-0.195264	0
523.997	551.345	6040.01	1645.85	0.233982	-0.0218791	0.00940241	0	0	1.25816	0	-292.662	0	-0.0754895	-0.225823	0
535.597	547.951	5560	6565.93	0.225133	-0.0098832	0.00848756	-0	0	0.67922	0	-285.212	0	-0.0407532	-0.245826	0
546.237	534.901	5080	-1425.91	0.216109	0.00906811	0.00821978	0	0	-0.300931	0	-577.874	0	0.0180559	-0.254432	0
555.917	528.247	4600	1401.64	0.206909	0.0221355	0.00884146	0	0	-0.801117	0	-230.937	0	0.048067	-0.244513	0
568.637	532.023	3880	8328.06	0.192779	0.0292906	0.0107226	-0	0	-2.85507	0	-899.27	0	0.171304	-0.208535	0
575.917	532.123	3400	7068.71	0.18314	0.0350346	0.0122501	-0	0	-4.02253	0	-413.983	0	0.241352	-0.150363	0
582.237	524.264	2920	307.487	0.173324	0.0463778	0.0141046	0	0	-3.46807	0	407.598	0	0.208084	-0.0792789	-0
587.597	519.159	2440	4257.92	0.163334	0.0547499	0.0165869	-0	0	-3.41805	0	-76.6242	0	0.205083	-0.0179935	0
591.997	514.555	1960	331.429	0.153167	0.0619531	0.0194078	0	0	-3.32652	0	193.689	0	0.199591	0.0444508	-0
595.437	514.71	1480	3460.65	0.142825	0.0645814	0.0225787	-0	0	-2.58902	0	296.919	0	0.155341	0.100363	-0
597.917	519.379	999.995	740.838	0.132307	0.0628305	0.0257619	0	0	-2.19099	0	230.937	0	0.13146	0.145461	-0
599.437	524.794	519.995	3422.34	0.121613	0.0597143	0.0289015	-0	0	-1.52373	0	406.534	0	0.0914235	0.182553	-0
599.997	540.348	39.9935	5929.07	0.110743	0.0477187	0.031718	-0	0	0.0428138	0	962.06	0	-0.00256883	0.204539	-0
600	551.889	0	3764.71	0.10983	0.0384889	0.0339515	-0	0	1.08788	0	368.222	0	-0.065273	0.197677	-0
600	554.887	0	161.441	0.10983	0.0360906	0.0358506	-0	0	1.4742	0	218.166	0	-0.0884518	0.176582	-0
600	558.926	0	235.661	0.10983	0.032859	0.0376121	-0	0	1.83923	0	242.643	0	-0.110354	0.148945	-0
600	565.442	0	2479.03	0.10983	0.0276465	0.0392009	-0	0	2.42668	0	305.433	0	-0.145601	0.113301	-0
600	566.313	0	2866.89	0.10983	0.0269495	0.0405942	-0	0	3.03861	0	155.377	0	-0.182316	0.0655116	-0
600	573.526	0	6755.07	0.10983	0.0211795	0.0418526	-0	0	3.18015	0	58.5322	0	-0.190809	0.0100695	-0
600	568.824	0	2122.29	0.10983	0.024941	0.0429491	-0	0	3.08543	0	-58.5322	0	-0.185126	-0.0468475	0
600	561.076	0	1109.54	0.10983	0.0311395	0.044262	-0	0	2.76297	0	-188.368	0	-0.165778	-0.101178	0
600	553.214	0	633.099	0.10983	0.0374287	0.0458896	-0	0	2.29365	0	-274.57	0	-0.137619	-0.149159	0
600	547.386	0	2155.81	0.10983	0.0420915	0.0478291	-0	0	1.54124	0	-418.241	0	-0.0924746	-0.187437	0
600	540.44	0	2395.23	0.10983	0.0476478	0.0500094	-0	0	-0.0806363	0	-611.929	0	0.00483818	-0.20609	0
600	540.973	0	3630.64	0.10983	0.0472218	0.0524005	-0	0	-0.791539	0	-277.763	0	0.0474923	-0.200741	0
600	534.858	0	2115.11	0.10983	0.0521137	0.0548034	-0	0	-1.29385	0	-252.221	0	0.0776312	-0.184242	0
600	532.084	0	2297.07	0.10983	0.0543324	0.057426	-0	0	-1.68549	0	-189.432	0	0.101129	-0.159133	0
600	528.657	0	1518.95	0.10983	0.0570746	0.0601809	-0	0	-1.84086	0	-73.4315	0	0.110452	-0.128057	0
600	528.531	0	1983.43	0.10983	0.0571754	0.0630324	-0	0	-2.15055	0	-134.092	0	0.129033	-0.0933406	0
600	532.189	0	4451.85	0.10983	0.0542491	0.065868	-0	0	-1.65569	0	332.038	0	0.0993414	-0.0560961	-0
600	540.158	0	4818.16	0.10983	0.0478735	0.0684795	-0	0	-1.04695	0	247.964	0	0.0628172	-0.0295406	-0
600	545.662	0	3364.88	0.10983	0.0434706	0.0707989	-0	0	-0.893704	0	44.6975	0	0.0536223	-0.0116724	-0
600	545.537	0	1066.45	0.10983	0.0435707	0.0729732	-0	0	-0.516969	0	221.359	0	0.0310181	0.00301588	-0
600	548.949	0	1313.05	0.10983	0.0408407	0.075165	-0	0	-0.555281	0	-152.184	0	0.0333168	0.0112965	0
600	555.2	0	-113.892	0.10983	0.0358404	0.0771426	0	0	-0.863906	0	-96.8444	0	0.0518344	0.0231975	0
600	566.059	0	3151.8	0.10983	0.0271524	0.0788299	-0	0	-0.440344	0	315.011	0	0.0264207	0.0377709	-0
600	582.275	0	6221.17	0.10983	0.01418	0.0800144	-0	0	0.43232	0	391.635	0	-0.0259392	0.0413678	-0
600	592.604	0	4253.13	0.10983	0.0059165	0.0806057	-0	0	0.935699	0	301.176	0	-0.0561419	0.0317662	-0
600	594.144	0	848.577	0.10983	0.00468481	0.0808721	-0	0	1.27519	0	94.7161	0	-0.0765112	0.0127207	-0
600	598.661	0	1969.06	0.10983	0.00107139	0.0810404	-0	0	1.01764	0	-197.946	0	-0.0610586	-0.00969627	0
600	598.901	0	8.2121	0.10983	0.000878809	0.0810899	-0	0	0.849496	0	30.8625	0	-0.0509698	-0.0262228	-0
600	605.463	0	4506.92	0.10983	-0.00437061	0.0810788	-0	0	0.582376	0	-112.808	0	-0.0349426	-0.0401249	0
600	608.978	0	1653.03	0.10983	-0.00718276	0.080812	-0	0	0.512137	0	-117.065	0	-0.0307282	-0.0510291	0
600	609.481	0	491.841	0.10983	-0.00758447	0.0804458	-0	0	0.197126	0	-87.2664	0	-0.0118276	-0.0581979	0
600	609.817	0	843.789	0.10983	-0.00785386	0.0800719	-0	0	0.111988	0	-87.2665	0	-0.0067193	-0.0617653	0
600	610.75	0	1097.57	0.10983	-0.00860005	0.0796809	-0	0	-0.355206	0	-224.551	0	0.0213124	-0.0615973	0
600	613.418	0	1016.17	0.10983	-0.0107342	0.079205	-0	0	-0.156196	0	157.505	0	0.00937178	-0.0555771	-0
600	616.38	0	2036.1	0.10983	-0.0131037	0.0786357	-0	0	-0.180674	0	-35.1194	0	0.0108404	-0.0528614	0
600	615.25	0	-1200.86	0.10983	-0.0122003	0.0779702	0	0	-0.423317	0	-109.615	0	0.025399	-0.048412	0
600	614.994	0	877.307	0.10983	-0.0119954	0.0773826	-0	0	-0.249848	0	100.037	0	0.0149909	-0.0414532	-0
600	617.002	0	1399.24	0.10983	-0.0136015	0.0767579	-0	0	-0.272197	0	-104.294	0	0.0163318	-0.0376934	0
600	616.663	0	563.667	0.10983	-0.01333	0.0760865	-0	0	-0.579758	0	-97.9087	0	0.0347855	-0.030907	0
600	616.464	0	436.774	0.10983	-0.0131715	0.0754265	-0	0	-0.231756	0	234.13	0	0.0139054	-0.0214962	-0
600	617.776	0	2780.7	0.10983	-0.0142208	0.0747775	-0	0	-0.271133	0	-162.826	0	0.016268	-0.0184357	0
600	617.884	0	-281.486	0.10983	-0.0143074	0.0740358	0	0	-0.195573	0	123.45	0	0.0117344	-0.0131243	-0
600	615.089	0	-113.892	0.10983	-0.0120713	0.0733468	0	0	-0.0359389	0	46.8259	0	0.00215633	-0.0106192	-0
600	611.229	0	-109.104	0.10983	-0.0089834	0.0727753	0	0	0.0257862	0	27.6699	0	-0.00154717	-0.0102788	-0
600	613.635	0	2488.61	0.10983	-0.010908	0.0722903	-0	0	-0.0135902	0	-114.936	0	0.000815409	-0.011423	0
600	612.881	0	343.4	0.10983	-0.0103048	0.0717391	-0	0	0.0789974	0	41.5048	0	-0.00473985	-0.0116381	-0
600	609.431	0	-405.985	0.10983	-0.00754473	0.0712512	0	0	-0.0423242	0	-5.32113	0	0.00253945	-0.0120161	0
600	607.835	0	403.255	0.10983	-0.00626826	0.0709001	-0	0	0.106667	0	62.7893	0	-0.00640004	-0.0120301	-0
600	609.45	0	2014.55	0.10983	-0.00756001	0.0705799	-0	0	0.116245	0	-35.1194	0	-0.00697472	-0.0143523	0
600	612.006	0	-25.3067	0.10983	-0.00960503	0.0701378	0	0	0.373788	0	188.368	0	-0.0224273	-0.0170673	-0
600	612.287	0	1289.11	0.10983	-0.00982988	0.0696727	-0	0	0.506816	0	7.4496	0	-0.030409	-0.0249257	-0
600	614.863	0	987.441	0.10983	-0.0118904	0.0691415	-0	0	-0.00401213	0	-150.056	0	0.000240728	-0.0308015	0
600	612.51	0	-94.7386	0.10983	-0.0100076	0.0685759	0	0	0.298228	0	123.45	0	-0.0178937	-0.0323384	-0
600	614.905	0	554.09	0.10983	-0.0119241	0.0680306	-0	0	0.229053	0	-48.9543	0	-0.0137432	-0.0375245	0
600	618.561	0	2210.88	0.10983	-0.0148484	0.0674134	-0	0	0.111988	0	-89.3949	0	-0.0067193	-0.0413984	0
600	622.548	0	1344.18	0.10983	-0.0180386	0.0666145	-0	0	0.147108	0	19.156	0	-0.00882647	-0.0435579	-0
600	626.741	0	2009.76	0.10983	-0.0213928	0.0656694	-0	0	-0.0338104	0	-47.8901	0	0.00202863	-0.0450085	0
600	627.864	0	-379.649	0.10983	-0.0222912	0.0645945	0	0	0.122631	0	35.1194	0	-0.00735784	-0.0454919	-0
600	628.726	0	506.206	0.10983	-0.0229812	0.0634796	-0	0	-0.00826903	0	-93.6518	0	0.000496142	-0.047364	0
600	631.468	0	496.629	0.10983	-0.0251745	0.0622998	-0	0	-0.207279	0	-88.3307	0	0.0124367	-0.046219	0
600	632.639	0	357.766	0.10983	-0.0261108	0.0610364	-0	0	-0.283903	0	-74.4958	0	0.0170342	-0.0424688	0
600	634.711	0	357.766	0.10983	-0.0277687	0.0596874	-0	0	-0.535061	0	-73.4315	0	0.0321036	-0.035759	0
600	632.827	0	-1818.56	0.10983	-0.0262615	0.058298	0	0	-0.933081	0	-237.322	0	0.0559848	-0.0246817	0
600	634.173	0	161.441	0.10983	-0.0273387	0.0569774	-0	0	-0.897961	0	69.1748	0	0.0538777	-0.00757971	-0
600	638.371	0	805.481	0.10983	-0.0306969	0.0555736	-0	0	-0.878805	0	-20.2203	0	0.0527283	0.0082292	0
600	642.523	0	946.739	0.10983	-0.0340188	0.0539937	-0	0	-0.588272	0	194.753	0	0.0352963	0.0231857	-0
600	645.193	0	70.4613	0.10983	-0.0361547	0.0522915	-0	0	-0.511648	0	43.6332	0	0.0306989	0.0334776	-0
600	646.134	0	-89.9502	0.10983	-0.0369075	0.0504769	0	0	-0.237077	0	88.3307	0	0.0142246	0.0410112	-0
600	648.393	0	1102.36	0.10983	-0.0387141	0.0486091	-0	0	0.113053	0	194.753	0	-0.00678316	0.0438802	-0
600	645.71	0	-1976.58	0.10983	-0.0365679	0.0466861	0	0	0.086447	0	-4.2569	0	-0.00518682	0.0420463	0
600	642.046	0	-930.315	0.10983	-0.0336366	0.0448896	0	0	0.283329	0	94.716	0	-0.0169997	0.0395708	-0
600	642.167	0	209.325	0.10983	-0.0337335	0.0431838	-0	0	0.307806	0	0	0	-0.0184684	0.0342506	0
600	639.41	0	-722.019	0.10983	-0.0315279	0.0415263	0	0	0.232246	0	-53.2113	0	-0.0139348	0.0289112	0
600	635.847	0	-619.069	0.10983	-0.0286779	0.0399783	0	0	0.231182	0	8.51381	0	-0.0138709	0.024817	-0
600	632.849	0	-360.495	0.10983	-0.0262794	0.038576	0	0	0.267365	0	8.51381	0	-0.0160419	0.0204067	-0
600	628.19	0	-707.654	0.10983	-0.0225519	0.0373115	0	0	0.2812	0	20.2203	0	-0.016872	0.0156516	-0
600	622.477	0	-362.889	0.10983	-0.0179819	0.0362149	0	0	0.310999	0	1.06421	0	-0.0186599	0.0103314	-0
600	620.171	0	-1203.25	0.10983	-0.0161371	0.0353154	0	0	0.138594	0	-96.8445	0	-0.00831564	0.00541345	0
600	616.5	0	-401.196	0.10983	-0.0132003	0.0345515	0	0	0.104539	0	103.23	0	-0.00627233	0.00415432	-0
600	613.055	0	-324.582	0.10983	-0.0104437	0.0339177	0	0	0.193934	0	-19.1561	0	-0.011636	0.00129567	0
600	612.476	0	101.586	0.10983	-0.00998086	0.0333823	-0	0	0.191805	0	20.2203	0	-0.0115083	-0.001994	-0
600	612.072	0	331.429	0.10983	-0.00965762	0.0328881	-0	0	0.374852	0	96.8445	0	-0.0224911	-0.00622232	-0
600	606.84	0	-918.344	0.10983	-0.00547192	0.0324422	0	0	0.184356	0	-78.7526	0	-0.0110613	-0.011964	0
600	608.12	0	108.769	0.10983	-0.00649595	0.0321173	-0	0	0.290778	0	63.8535	0	-0.0174467	-0.0156655	-0
600	609.355	0	338.612	0.10983	-0.00748369	0.0317761	-0	0	0.319512	0	11.7065	0	-0.0191707	-0.0210527	-0
600	610.347	0	510.994	0.10983	-0.00827734	0.0313943	-0	0	0.2812	0	-34.0552	0	-0.016872	-0.0267657	0
600	611.122	0	625.916	0.10983	-0.00889746	0.0311873	-0	0	0.227989	0	-53.2113	0	-0.0136793	-0.0292965	0
600	615.506	0	4681.69	0.10983	-0.0124047	0.030696	-0	0	0.00875857	0	-191.561	0	-0.000525514	-0.0331512	0
600	616.746	0	-1899.97	0.10983	-0.0133968	0.0300115	0	0	-0.04126	0	68.1104	0	0.0024756	-0.0322457	-0
600	617.174	0	-269.515	0.10983	-0.0137395	0.0293361	0	0	-0.0306178	0	-27.6699	0	0.00183707	-0.0318479	0
600	615.195	0	-1490.56	0.10983	-0.0121556	0.0286689	0	0	-0.359463	0	-160.698	0	0.0215678	-0.0297834	0
600	610.653	0	-2718.78	0.10983	-0.00852227	0.0281096	0	0	-0.165774	0	143.67	0	0.00994646	-0.0237632	-0
600	610.48	0	-154.594	0.10983	-0.00838398	0.0276776	0	0	-0.155132	0	-53.2113	0	0.00930793	-0.021354	0
600	611.375	0	-745.961	0.10983	-0.0091001	0.0272172	0	0	-0.331793	0	-107.487	0	0.0199076	-0.017939	0
600	611.282	0	-714.837	0.10983	-0.00902544	0.026747	0	0	-0.521226	0	29.7983	0	0.0312735	-0.00999367	-0
600	611.464	0	-552.031	0.10983	-0.0091709	0.026294	0	0	-0.530804	0	-40.4406	0	0.0318482	-0.000889375	0
600	611.994	0	-145.017	0.10983	-0.00959546	0.0258257	0	0	-0.544639	0	2.12842	0	0.0326783	0.00880876	-0
600	616.364	0	2486.21	0.10983	-0.0130915	0.0253264	-0	0	-0.563795	0	-6.38539	0	0.0338277	0.0187272	0
600	620.406	0	302.699	0.10983	-0.016325	0.0245982	-0	0	-0.605299	0	-65.982	0	0.036318	0.0286552	0
600	622.053	0	1310.66	0.10983	-0.0176425	0.0237861	-0	0	-0.526547	0	125.579	0	0.0315928	0.039972	-0
600	624.043	0	-147.411	0.10983	-0.0192345	0.022865	0	0	-0.0678656	0	111.744	0	0.00407194	0.0463274	-0
600	621.682	0	-1852.08	0.10983	-0.0173457	0.0219118	0	0	-0.128526	0	45.7617	0	0.00771159	0.0485068	-0
600	616.701	0	-2309.38	0.10983	-0.013361	0.0210804	0	0	0.086447	0	111.744	0	-0.00518682	0.0498912	-0
600	616.296	0	-245.573	0.10983	-0.0130366	0.020399	0	0	0.100282	0	-37.2479	0	-0.00601692	0.0478754	0
600	613.349	0	-1385.21	0.10983	-0.0106793	0.019771	0	0	0.00663012	0	-22.3487	0	-0.000397807	0.0467121	0
600	607.96	0	-571.185	0.10983	-0.00636772	0.0192736	0	0	0.0598414	0	39.3763	0	-0.00359048	0.0464682	-0
600	606.676	0	-810.605	0.10983	-0.00534082	0.0189426	0	0	0.247145	0	147.927	0	-0.0148287	0.0450367	-0
600	604.799	0	345.795	0.10983	-0.0038396	0.0186941	-0	0	0.527036	0	103.23	0	-0.0316222	0.0389981	-0
600	603.704	0	937.162	0.10983	-0.00296284	0.0185139	-0	0	0.705826	0	58.5324	0	-0.0423496	0.0284292	-0
600	599.571	0	-1117.06	0.10983	0.000343457	0.018393	0	0	0.59089	0	-68.1104	0	-0.0354534	0.0161457	0
600	595.363	0	-599.915	0.10983	0.00370957	0.0184586	0	0	0.477018	0	8.51381	0	-0.0286211	0.00661118	-0
600	590.824	0	-647.799	0.10983	0.00734106	0.0186814	0	0	0.512137	0	10.6422	0	-0.0307282	-0.00219543	-0
600	590.931	0	1463.89	0.10983	0.00725503	0.0190429	-0	0	0.548321	0	10.6423	0	-0.0328992	-0.0116438	-0
600	589.615	0	-537.666	0.10983	0.00830815	0.0194049	0	0	0.519587	0	-35.1194	0	-0.0311752	-0.021571	0
600	587.199	0	-166.565	0.10983	0.0102407	0.0198435	0	0	0.349311	0	-34.0552	0	-0.0209586	-0.0296976	0
600	587.499	0	1001.81	0.10983	0.0100009	0.0203634	-0	0	0.216283	0	-133.028	0	-0.012977	-0.0359852	0
600	588.092	0	408.044	0.10983	0.00952637	0.0208494	-0	0	0.0460065	0	-67.0462	0	-0.00276039	-0.0389492	0
600	586.071	0	-1291.84	0.10983	0.011143	0.0213345	0	0	-0.0284893	0	-31.9268	0	0.00170936	-0.0393942	0
600	583.983	0	36.9425	0.10983	0.0128135	0.0219116	-0	0	-0.16471	0	-57.4682	0	0.00988261	-0.0381726	0
600	585.343	0	448.745	0.10983	0.0117254	0.0225352	-0	0	-0.230692	0	-34.0552	0	0.0138415	-0.0349205	0
600	589.607	0	2543.67	0.10983	0.00831479	0.0230681	-0	0	-0.154068	0	27.6699	0	0.00924407	-0.0312086	-0
600	591.629	0	68.0671	0.10983	0.00669692	0.0234373	-0	0	-0.104049	0	68.1104	0	0.00624296	-0.0282726	-0
600	591.594	0	-829.758	0.10983	0.00672476	0.0237705	0	0	-0.229628	0	-123.45	0	0.0137777	-0.0263805	0
600	590.689	0	525.36	0.10983	0.00744907	0.0241058	-0	0	-0.232821	0	22.3487	0	0.0139692	-0.0220174	-0
600	595.123	0	403.255	0.10983	0.00390166	0.0244094	-0	0	-0.31583	0	-46.8259	0	0.0189498	-0.0175009	0
600	594.273	0	-2369.23	0.10983	0.0045813	0.0245957	0	0	-0.287096	0	25.5414	0	0.0172258	-0.0118447	-0
600	593.734	0	-54.0371	0.10983	0.00501289	0.0248519	0	0	-0.327537	0	-37.2479	0	0.0196522	-0.00664826	0
600	596.15	0	312.276	0.10983	0.00308022	0.0250887	-0	0	-0.284968	0	46.8259	0	0.0170981	-0.000714289	-0
600	601.857	0	2189.33	0.10983	-0.00148589	0.0251852	-0	0	-0.190252	0	17.0276	0	0.0114151	0.00371593	-0
600	602.47	0	39.3367	0.10983	-0.00197593	0.0250921	-0	0	-0.342436	0	-28.7341	0	0.0205461	0.00825151	0
600	605.429	0	1631.48	0.10983	-0.00434331	0.0249609	-0	0	-0.39884	0	-85.138	0	0.0239304	0.0141567	0
600	607.807	0	-322.188	0.10983	-0.00624541	0.0247001	0	0	-0.458436	0	32.991	0	0.0275062	0.0221692	-0
600	608.087	0	-446.686	0.10983	-0.00646929	0.0243696	0	0	-0.181738	0	155.377	0	0.0109043	0.0293291	-0
600	606.425	0	-1627.03	0.10983	-0.00513989	0.0240629	0	0	0.187548	0	195.817	0	-0.0112529	0.0310392	-0
600	606.286	0	-693.289	0.10983	-0.00502861	0.0238031	0	0	0.206704	0	-10.6422	0	-0.0124023	0.0273951	0
600	606.236	0	149.47	0.10983	-0.00498872	0.0235642	-0	0	0.263108	0	21.2845	0	-0.0157865	0.0233584	-0
600	606.788	0	41.7309	0.10983	-0.00543076	0.0233037	-0	0	0.351439	0	60.6609	0	-0.0210863	0.0183734	-0
600	605.34	0	-468.234	0.10983	-0.00427207	0.0230461	0	0	0.382302	0	28.7341	0	-0.0229381	0.0120283	-0
600	602.289	0	-643.011	0.10983	-0.00183105	0.0228496	0	0	0.40465	0	-25.5414	0	-0.024279	0.00471588	0
600	601.535	0	-20.5183	0.10983	-0.00122793	0.0227433	0	0	0.337604	0	-32.991	0	-0.0202562	-0.00226133	0
600	600.917	0	398.467	0.10983	-0.000733594	0.0226822	-0	0	0.139658	0	-122.386	0	-0.0083795	-0.00765817	0
600	595.353	0	-2318.95	0.10983	0.00371733	0.0226813	0	0	0.11731	0	0	0	-0.00703857	-0.00997088	0
600	588.384	0	-1524.08	0.10983	0.00929248	0.0229625	0	0	-0.0689299	0	-45.7617	0	0.00413579	-0.0108181	0
600	585.105	0	228.479	0.10983	0.0119158	0.0234668	-0	0	0.0162081	0	36.1837	0	-0.000972489	-0.010018	-0
600	583.657	0	192.566	0.10983	0.0130745	0.0240601	-0	0	-0.0487096	0	-53.2113	0	0.00292258	-0.0102044	0
600	583.725	0	1123.91	0.10983	0.0130196	0.0247182	-0	0	-0.0763794	0	80.8811	0	0.00458277	-0.00835066	-0
600	585.146	0	1535.71	0.10983	0.0118831	0.025349	-0	0	0.129016	0	23.4129	0	-0.00774096	-0.00861367	-0
600	582.243	0	-171.353	0.10983	0.0142055	0.0259683	0	0	0.0321715	0	-13.8349	0	-0.00193029	-0.0101889	0
600	583.33	0	657.041	0.10983	0.013336	0.0266488	-0	0	0.167328	0	80.8811	0	-0.0100397	-0.0112564	-0
600	583.164	0	-133.046	0.10983	0.0134687	0.0273169	0	0	0.247145	0	20.2203	0	-0.0148287	-0.0148047	-0
600	583.456	0	345.795	0.10983	0.0132356	0.0279808	-0	0	0.270558	0	21.2845	0	-0.0162335	-0.0192725	-0
600	587.312	0	1267.56	0.10983	0.0101503	0.0286225	-0	0	0.242888	0	-59.5966	0	-0.0145733	-0.0244299	0
600	591.479	0	1736.83	0.10983	0.00681675	0.0291039	-0	0	0.0683552	0	-30.8625	0	-0.00410131	-0.0275088	0
600	593.918	0	163.835	0.10983	0.00486558	0.0294136	-0	0	0.101346	0	-10.6423	0	-0.00608077	-0.0291319	0
600	594.251	0	-520.906	0.10983	0.00459941	0.0296508	0	0	0.113053	0	-30.8625	0	-0.00678316	-0.0313393	0
600	595.517	0	206.931	0.10983	0.00358603	0.0298731	-0	0	0.0502634	0	24.4772	0	-0.0030158	-0.0325888	-0
600	596.516	0	-420.35	0.10983	0.00278701	0.0300245	0	0	-0.135976	0	-116.001	0	0.00815856	-0.0328614	0
600	600.549	0	1427.97	0.10983	-0.000439551	0.0301114	-0	0	-0.344564	0	-112.808	0	0.0206739	-0.0295518	0
600	600.923	0	-860.883	0.10983	-0.000738379	0.0300769	0	0	-0.400968	0	12.7707	0	0.0240581	-0.0227271	-0
600	601.555	0	-274.304	0.10983	-0.00124419	0.03003	0	0	-0.348821	0	27.6698	0	0.0209293	-0.01573	-0
600	604.911	0	1693.73	0.10983	-0.00392861	0.0299353	-0	0	-0.133848	0	107.487	0	0.00803086	-0.0104185	-0
600	604.463	0	-1148.19	0.10983	-0.00357051	0.0297292	0	0	-0.259426	0	-93.6518	0	0.0155656	-0.00772195	0
600	606.041	0	592.397	0.10983	-0.00483281	0.0295398	-0	0	-0.365849	0	-58.5324	0	0.0219509	-0.00262127	0
600	606.113	0	-578.367	0.10983	-0.00489033	0.0292886	0	0	-0.39139	0	13.8349	0	0.0234834	0.0043184	-0
600	608.018	0	1408.82	0.10983	-0.00641416	0.0290414	-0	0	-0.457372	0	-63.8535	0	0.0274423	0.0113826	0
600	609.273	0	24.9715	0.10983	-0.00741875	0.0286816	-0	0	-0.452051	0	17.0276	0	0.0271231	0.0197206	-0
600	609.768	0	-611.886	0.10983	-0.00781475	0.0282811	0	0	-0.470143	0	-6.38539	0	0.0282086	0.0279629	0
600	611.974	0	1013.78	0.10983	-0.00957954	0.0278864	-0	0	-0.231756	0	183.047	0	0.0139054	0.0359274	-0
600	614.169	0	697.742	0.10983	-0.0113352	0.0274112	-0	0	0.0332358	0	137.285	0	-0.00199415	0.0389497	-0
600	610.848	0	-2108.26	0.10983	-0.00867861	0.0268616	0	0	0.189677	0	72.3673	0	-0.0113806	0.0375948	-0
600	607.848	0	-626.251	0.10983	-0.00627808	0.026472	0	0	0.405715	0	47.8902	0	-0.0243429	0.0326673	-0
600	605.27	0	-1069.18	0.10983	-0.00421582	0.0261801	0	0	0.310999	0	-36.1837	0	-0.0186599	0.0258912	0
600	604.005	0	17.7889	0.10983	-0.00320439	0.0259842	-0	0	0.333347	0	29.7983	0	-0.0200008	0.0203603	-0
600	599.071	0	-243.179	0.10983	0.000743408	0.025851	0	0	0.387623	0	24.4772	0	-0.0232574	0.0140918	-0
600	597.806	0	-329.37	0.10983	0.00175493	0.0258669	0	0	0.34399	0	-17.0276	0	-0.0206394	0.00735406	0
600	597.766	0	1111.94	0.10983	0.0017873	0.0259352	-0	0	0.113053	0	-220.295	0	-0.00678316	0.00125803	0
600	596.631	0	-116.286	0.10983	0.00269482	0.0260184	0	0	0.0928324	0	158.57	0	-0.00556994	0.000832188	-0
600	591.734	0	640.281	0.10983	0.00661245	0.0261944	-0	0	0.310999	0	-22.3487	0	-0.0186599	-0.00300343	0
600	591.123	0	-401.196	0.10983	0.00710122	0.0265015	0	0	0.204576	0	-28.7341	0	-0.0122746	-0.00790221	0
600	587.855	0	-645.405	0.10983	0.00971611	0.0268912	0	0	0.115181	0	-43.6332	0	-0.00691087	-0.0111727	0
600	587.261	0	827.029	0.10983	0.0101916	0.027389	-0	0	0.341861	0	172.404	0	-0.0205117	-0.0137345	-0
600	586.475	0	-422.744	0.10983	0.0108198	0.0278965	0	0	0.31632	0	-62.7893	0	-0.0189792	-0.0202232	0
600	585.562	0	-49.2487	0.10983	0.0115504	0.0284501	0	0	0.310999	0	-5.32114	0	-0.0186599	-0.0259169	0
600	585.431	0	436.774	0.10983	0.0116552	0.0290266	-0	0	0.319512	0	3.19266	0	-0.0191707	-0.0315628	-0
600	589.253	0	554.09	0.10983	0.0085979	0.0295741	-0	0	0.23331	0	-70.2389	0	-0.0139986	-0.0371704	0
600	592.938	0	1109.54	0.10983	0.0056498	0.029969	-0	0	0.0896397	0	-71.3031	0	-0.00537838	-0.0407186	0
600	593.386	0	266.786	0.10983	0.00529106	0.030207	-0	0	0.113053	0	29.7983	0	-0.00678316	-0.0422747	-0
600	594.762	0	-647.799	0.10983	0.00419014	0.0304462	0	0	-0.0774437	0	-137.285	0	0.00464662	-0.0438307	0
600	598.208	0	2265.94	0.10983	0.0014333	0.0305967	-0	0	-0.429702	0	-171.34	0	0.0257821	-0.0408085	0
600	601.335	0	156.653	0.10983	-0.00106821	0.0306149	-0	0	-0.382876	0	42.569	0	0.0229726	-0.0331121	-0
600	602.199	0	10.6063	0.10983	-0.00175957	0.030543	-0	0	-0.412675	0	-35.1194	0	0.0247605	-0.0262683	0
600	605.751	0	1997.79	0.10983	-0.00460078	0.0304309	-0	0	-0.438216	0	18.0918	0	0.026293	-0.0184474	-0
600	607.036	0	-276.698	0.10983	-0.00562866	0.0301656	0	0	-0.394583	0	1.06427	0	0.023675	-0.0109427	-0
600	608.947	0	151.864	0.10983	-0.00715771	0.0298594	-0	0	-0.399904	0	-38.3121	0	0.0239942	-0.00413709	0
600	610.449	0	3.4237	0.10983	-0.00835889	0.0294895	-0	0	-0.498877	0	-10.6423	0	0.0299326	0.00385616	0
600	605.921	0	-2948.63	0.10983	-0.00473657	0.0290747	0	0	-0.491427	0	-3.19272	0	0.0294856	0.0127402	0
600	608.107	0	-425.138	0.10983	-0.00648594	0.0288087	0	0	-0.364784	0	103.23	0	0.0218871	0.0213751	-0
600	608.416	0	-858.489	0.10983	-0.00673286	0.0284808	0	0	-0.281775	0	-48.9543	0	0.0169065	0.0267536	0
600	609.136	0	-154.594	0.10983	-0.00730894	0.0281394	0	0	-0.347757	0	41.5047	0	0.0208654	0.0327929	-0
600	610.349	0	882.096	0.10983	-0.00827949	0.0277506	-0	0	-0.0252966	0	148.992	0	0.0015178	0.0374913	-0
600	612.258	0	405.65	0.10983	-0.00980635	0.0272909	-0	0	0.125823	0	98.9729	0	-0.0075494	0.0374773	-0
600	611.411	0	-257.544	0.10983	-0.009129	0.0267959	0	0	0.125823	0	-61.725	0	-0.0075494	0.034657	0
600	614.317	0	1712.88	0.10983	-0.0114537	0.0263008	-0	0	0.086447	0	3.19268	0	-0.00518682	0.0327753	-0
600	611.139	0	-906.373	0.10983	-0.00891128	0.0257577	0	0	0.0747405	0	-13.8349	0	-0.00448443	0.0312001	0
600	605.601	0	-738.779	0.10983	-0.00448071	0.0253374	0	0	0.111988	0	36.1837	0	-0.0067193	0.0298452	-0
600	603.489	0	-1129.03	0.10983	-0.00279111	0.0251127	0	0	0.215218	0	86.2022	0	-0.0129131	0.0276761	-0
600	598.285	0	-901.585	0.10983	0.00137236	0.0250128	0	0	0.348246	0	31.9268	0	-0.0208948	0.0228923	-0
600	597.578	0	544.513	0.10983	0.0019375	0.0250832	-0	0	0.378045	0	42.569	0	-0.0226827	0.0167388	-0
600	595.144	0	-554.425	0.10983	0.00388472	0.0251918	0	0	0.523844	0	70.2389	0	-0.0314306	0.00925395	-0
600	593.434	0	226.084	0.10983	0.00525298	0.0253999	-0	0	0.624945	0	-24.4772	0	-0.0374967	-0.00130544	0
600	590.099	0	-262.333	0.10983	0.00792041	0.0256985	0	0	0.621752	0	48.9543	0	-0.0373051	-0.0120851	-0
600	589.054	0	27.3657	0.10983	0.00875718	0.0261009	-0	0	0.567477	0	-70.2388	0	-0.0340486	-0.0234203	0
600	589.624	0	1085.6	0.10983	0.00830073	0.026538	-0	0	0.390815	0	-74.4958	0	-0.0234489	-0.0327154	0
600	590.998	0	836.606	0.10983	0.0072019	0.0269337	-0	0	0.024722	0	-221.359	0	-0.00148332	-0.0384475	0
600	587.348	0	-1811.38	0.10983	0.0101215	0.0273219	0	0	-0.263683	0	-138.349	0	0.015821	-0.037542	0
600	587.619	0	1535.71	0.10983	0.00990488	0.0278601	-0	0	-0.279646	0	5.32114	0	0.0167788	-0.0326041	-0
600	589.992	0	750.415	0.10983	0.00800605	0.0283245	-0	0	-0.559538	0	-70.2388	0	0.0335723	-0.0256836	0
600	592.186	0	463.11	0.10983	0.00625117	0.028695	-0	0	-0.245591	0	169.212	0	0.0147355	-0.0169146	-0
600	594.129	0	714.502	0.10983	0.00469683	0.0289942	-0	0	-0.177481	0	3.19268	0	0.0106488	-0.0130782	-0
600	594.293	0	-678.924	0.10983	0.00456562	0.0292043	0	0	-0.167903	0	1.06423	0	0.0100742	-0.00996015	-0
600	592.031	0	-1890.39	0.10983	0.0063751	0.0294478	0	0	0.164135	0	249.029	0	-0.00984813	-0.00768498	-0
600	596.117	0	1320.23	0.10983	0.00310679	0.0297503	-0	0	0.332283	0	-63.8535	0	-0.019937	-0.0127274	0
600	596.676	0	171.018	0.10983	0.00265923	0.0299061	-0	0	0.21309	0	-14.8992	0	-0.0127854	-0.0177699	0
600	601.146	0	3101.52	0.10983	-0.000916406	0.030018	-0	0	0.0981535	0	-104.294	0	-0.00588921	-0.0215097	0
600	604.165	0	-487.388	0.10983	-0.00333203	0.0299016	0	0	-0.347757	0	-192.625	0	0.0208654	-0.0209969	0
600	604.541	0	537.331	0.10983	-0.00363306	0.0297478	-0	0	-0.454179	0	-41.5048	0	0.0272508	-0.014153	0
600	605.004	0	-511.33	0.10983	-0.00400312	0.0295551	0	0	-0.456308	0	-22.3487	0	0.0273785	-0.00615978	0
600	605.815	0	-274.304	0.10983	-0.00465234	0.029348	0	0	-0.482913	0	-1.06424	0	0.0289748	0.00228364	0
600	607.369	0	-137.834	0.10983	-0.00589502	0.0291009	0	0	-0.521226	0	-13.835	0	0.0312735	0.0111964	0
600	605.655	0	-599.915	0.10983	-0.00452417	0.0287952	0	0	-0.359463	0	109.615	0	0.0215678	0.0201091	-0
600	605.863	0	-1220.01	0.10983	-0.00469014	0.0285525	0	0	-0.127462	0	153.248	0	0.00764774	0.0258707	-0
600	607.291	0	56.0961	0.10983	-0.00583242	0.0282994	-0	0	0.0779332	0	89.3949	0	-0.00467599	0.027121	-0
600	608.533	0	27.3657	0.10983	-0.00682607	0.0279922	-0	0	0.247145	0	52.147	0	-0.0148287	0.0246646	-0
600	608.23	0	-403.591	0.10983	-0.00658389	0.0276421	0	0	0.314191	0	3.19266	0	-0.0188515	0.0196413	-0
600	610.532	0	1710.49	0.10983	-0.00842563	0.0272973	-0	0	0.193934	0	-37.2479	0	-0.011636	0.014733	0
600	608.568	0	-1035.66	0.10983	-0.0068541	0.0268872	0	0	0.167328	0	-20.2203	0	-0.0100397	0.0112996	0
600	605.654	0	-829.758	0.10983	-0.004523	0.0265771	0	0	0.182227	0	18.0918	0	-0.0109336	0.00831645	-0
600	602.11	0	-626.251	0.10983	-0.00168779	0.0263759	0	0	0.225861	0	27.6699	0	-0.0135516	0.00489269	-0
600	600.517	0	-298.246	0.10983	-0.000413916	0.0262822	0	0	0.172649	0	-50.0186	0	-0.010359	0.000855935	0
600	597.831	0	-374.86	0.10983	0.0017354	0.0262866	0	0	0.163071	0	22.3487	0	-0.00978427	-0.00196441	-0
600	594.012	0	1088	0.10983	0.00479019	0.0264051	-0	0	0.207769	0	8.51379	0	-0.0124661	-0.00522535	-0
600	595.719	0	860.548	0.10983	0.00342485	0.0265978	-0	0	0.0311073	0	-128.771	0	-0.00186644	-0.00853417	0
600	593.008	0	-240.785	0.10983	0.00559341	0.0267784	0	0	-0.0252966	0	-15.9634	0	0.0015178	-0.00873014	0
600	588.763	0	-470.628	0.10983	0.0089894	0.0270708	0	0	-0.00826903	0	32.991	0	0.000496142	-0.00813113	-0
600	588.844	0	-168.959	0.10983	0.00892451	0.0275006	0	0	0.0268504	0	14.8992	0	-0.00161102	-0.00816427	-0
600	588.805	0	618.734	0.10983	0.0089562	0.0279455	-0	0	0.194998	0	73.4315	0	-0.0116999	-0.00950002	-0
600	586.657	0	-204.872	0.10983	0.0106748	0.0284063	0	0	0.215218	0	17.0276	0	-0.0129131	-0.0130387	-0
600	584.38	0	-2017.28	0.10983	0.0124963	0.0289378	0	0	0.179035	0	-50.0186	0	-0.0107421	-0.0170372	0
599.881	587.425	-238.996	2342.56	0.104345	0.00996484	0.0295532	-0	0	-0.10937	0	-63.8535	0	0.00656223	-0.0182388	0
598.923	589.017	-718.989	142.287	0.0931977	0.00792471	0.030011	-0	0	0.249273	0	133.028	0	-0.0149564	-0.0183007	-0
597.005	588.439	-1198.98	34.5483	0.0818748	0.00685313	0.0304078	-0	0	0.153493	0	-61.7251	0	-0.00920959	-0.0224811	0
594.127	590.542	-1678.98	-520.906	0.0703761	0.00286787	0.0306827	-0	0	0.0353642	0	-69.1746	0	-0.00212185	-0.0248034	0
590.289	591.217	-2158.97	448.745	0.0587018	-0.00074209	0.0307872	-0	0	0.0811259	0	50.0186	0	-0.00486755	-0.0254016	-0
585.491	591.695	-2638.96	32.1541	0.0468517	-0.00496279	0.0306934	-0	0	0.105603	0	0	0	-0.00633618	-0.0270822	0
579.734	592.125	-3118.96	-461.051	0.0348258	-0.00991304	0.0303746	-0	0	0.0800617	0	-25.5414	0	-0.0048037	-0.0289831	0
573.016	589.444	-3598.95	-1164.95	0.0226243	-0.013143	0.0298338	-0	0	-0.274325	0	-211.781	0	0.0164595	-0.0291407	0
565.338	589.893	-4078.95	-384.437	0.010247	-0.0196443	0.0290794	-0	0	-0.531868	0	-84.0737	0	0.0319121	-0.0226416	0
556.7	587.416	-4558.94	-2438.66	-0.00230597	-0.0245724	0.0280106	-0	0	-0.454179	0	127.707	0	0.0272508	-0.0126179	-0
547.102	585.811	-5038.93	-1708.43	-0.0150347	-0.030967	0.0266919	-0	0	-0.171096	0	88.3307	0	0.0102657	-0.00619541	-0
536.545	580.904	-5518.93	-3935.04	-0.0279391	-0.0354875	0.0250816	-0	0	-0.620198	0	-199.01	0	0.0372119	-0.000864851	0
525.027	577.132	-5998.92	-1265.5	-0.0410193	-0.0416844	0.0232238	-0	0	-0.495684	0	90.4592	0	0.029741	0.00999223	-0
512.549	577.731	-6478.92	-1172.13	-0.0542752	-0.052145	0.0209838	-0	0	-0.671281	0	-129.835	0	0.0402769	0.0193264	0
499.112	574.126	-6958.91	-1445.07	-0.0677068	-0.0600117	0.0182736	-0	0	-0.767062	0	80.8811	0	0.0460237	0.0329994	-0
484.714	565.27	-7438.9	-5769	-0.0813141	-0.0644446	0.0151853	-0	0	-0.588272	0	114.936	0	0.0352963	0.0462318	-0
469.356	557.258	-7918.9	-2874.41	-0.0950972	-0.0703216	0.0118897	-0	0	-0.518033	0	36.1837	0	0.031082	0.0565142	-0
453.039	548.503	-8398.89	-4179.25	-0.109056	-0.0763714	0.00828811	-0	0	-0.644676	0	-4.25684	0	0.0386805	0.0669403	0
435.761	535.325	-8878.88	-5615.77	-0.12319	-0.0796512	0.00442317	-0	0	-0.0306178	0	338.424	0	0.00183707	0.0760638	-0
417.792	518.698	-9000	-5005.25	-0.129248	-0.0807251	0.000398663	-0	0	-0.130655	0	-183.047	0	0.0078393	0.0758678	0
399.792	502.26	-9000	-4490.49	-0.132543	-0.081974	-0.00368809	-0	0	-0.57763	0	-191.561	0	0.0346578	0.0805183	0
381.793	474.12	-9000	-10356.3	-0.135838	-0.0738616	-0.00774395	0	0	-0.130655	0	393.763	0	0.0078393	0.0904367	-0
363.793	442.209	-9000	-7061.87	-0.139133	-0.0627333	-0.0112652	-0	0	0.152429	0	62.7893	0	-0.00914574	0.0908059	-0
345.793	409.898	-9000	-8950.89	-0.142428	-0.0512842	-0.014282	-0	0	0.612174	0	363.965	0	-0.0367305	0.0872001	-0
327.793	374.738	-9000	-8160.8	-0.145722	-0.0375554	-0.0166425	-0	0	1.78708	0	543.819	0	-0.107225	0.0705012	-0
309.793	344.175	-9000	-6702.74	-0.149017	-0.0275052	-0.0184027	-0	0	1.92543	0	-29.7984	0	-0.115526	0.0368205	0
291.794	313.789	-9000	-5493.66	-0.152312	-0.017596	-0.0196715	-0	0	1.98396	0	162.826	0	-0.119038	0.00310142	-0
273.794	280.689	-9000	-4337.26	-0.155607	-0.00551604	-0.0204013	-0	0	2.67571	0	328.845	0	-0.160542	-0.035876	-0
255.794	243.541	-9000	-5017.22	-0.158902	0.00980287	-0.0204872	-0	0	2.51288	0	-257.542	0	-0.150773	-0.0848912	0
237.794	203.252	-9000	-7562.25	-0.162197	0.0276336	-0.0199662	-0	0	1.95735	0	-151.12	0	-0.117441	-0.126483	0
219.795	163.381	-9000	-7136.09	-0.165492	0.0451312	-0.0183548	-0	0	2.04675	0	32.9909	0	-0.122805	-0.162223	-0
201.795	129.918	-9000	-6029.96	-0.168786	0.0575018	-0.0159324	-0	0	0.903772	0	-767.306	0	-0.0542263	-0.195684	0
183.795	103.652	-9000	-3920.67	-0.172081	0.0641141	-0.0129563	-0	0	-0.370106	0	-499.122	0	0.0222063	-0.204979	0
165.808	82.5187	-8921.21	-3863.21	-0.173573	0.0666317	-0.00972288	-0	0	-0.79686	0	-184.111	0	0.0478116	-0.196133	0
148.446	60.1258	-8441.22	-6286.14	-0.165779	0.0706562	-0.00632777	-0	0	-1.75679	0	-567.232	0	0.105407	-0.178255	0
132.044	40.8947	-7961.22	-7720.27	-0.15781	0.0729193	-0.00273344	-0	0	-3.2201	0	-639.599	0	0.193206	-0.13922	0
116.602	35.1123	-7481.23	-4727.52	-0.149664	0.0651914	0.000835698	-0	0	-3.77882	0	-195.817	0	0.226729	-0.0779919	0
102.119	34.1814	-7001.23	-4911.87	-0.141344	0.0543504	0.00397503	-0	0	-3.92675	0	-36.1838	0	0.235605	-0.00896747	0
88.597	40.2944	-6521.24	-4437.82	-0.132847	0.0386421	0.00649332	-0	0	-3.64047	0	170.276	0	0.218428	0.06067	-0
76.0347	48.5554	-6041.25	-3432.26	-0.124175	0.0219834	0.00821337	-0	0	-2.99023	0	380.993	0	0.179414	0.123775	-0
64.4324	54.2492	-5561.25	-5285.37	-0.115327	0.00814651	0.00913319	-0	0	-2.18142	0	427.819	0	0.130885	0.17417	-0
53.79	58.7074	-5081.26	-6836.81	-0.106303	-0.00393397	0.00937599	0	0	-1.11719	0	547.012	0	0.0670315	0.208781	-0
44.1076	64.0048	-4601.27	-5721.11	-0.0971033	-0.0159178	0.00903427	0	0	-0.432895	0	258.607	0	0.0259737	0.225059	-0
35.3852	71.0111	-4121.27	-4634.15	-0.0877281	-0.0285008	0.00807492	0	0	0.326962	0	427.819	0	-0.0196177	0.229863	-0
27.6227	79.0359	-3641.28	-2328.53	-0.0781772	-0.0411305	0.00649054	-0	0	0.803735	0	134.092	0	-0.0482241	0.220894	-0
20.8202	83.5128	-3161.28	-2582.31	-0.0684505	-0.050154	0.00429991	-0	0	0.889937	0	56.4039	0	-0.0533962	0.206158	-0
14.9777	78.7764	-2681.29	-5601.4	-0.0585481	-0.0510389	0.00176181	0	0	1.33372	0	299.047	0	-0.0800231	0.188837	-0
10.0952	69.4713	-2201.3	-7940.54	-0.04847	-0.0475009	-0.000756392	0	0	2.03185	0	409.727	0	-0.121911	0.162234	-0
6.17267	63.8373	-1721.3	-5498.45	-0.0382162	-0.0461317	-0.00309479	0	0	2.61398	0	257.543	0	-0.156839	0.122739	-0
3.2101	64.1808	-1241.31	-3111.43	-0.0277866	-0.0487766	-0.00543574	0	0	3.05776	0	203.267	0	-0.183466	0.0735231	-0
1.2075	64.4827	-761.315	-1648.58	-0.0171813	-0.0506201	-0.0079048	0	0	3.05244	0	-35.1193	0	-0.183147	0.0182152	0
0.164878	62.5961	-281.321	-2144.18	-0.00640034	-0.049945	-0.0104372	0	0	2.8662	0	-137.285	0	-0.171972	-0.0362882	0
0	56.6852	0	-3240.72	0	-0.0453481	-0.0128868	0	0	2.27237	0	-340.552	0	-0.136342	-0.0856003	0
0	48.8289	0	-3489.72	0	-0.0390631	-0.0150787	0	0	1.57743	0	-323.524	0	-0.0946456	-0.12316	0
0	42.8233	0	-2254.31	0	-0.0342587	-0.0169715	0	0	1.01977	0	-274.57	0	-0.0611864	-0.149006	0
0	37.4603	0	-1873.63	0	-0.0299682	-0.0186307	0	0	0.512137	0	-246.9	0	-0.0307282	-0.165015	0
0	30.9001	0	-2402.75	0	-0.02472	-0.020069	0	0	0.144979	0	-150.056	0	-0.00869876	-0.17228	0
0	24.0498	0	-2350.08	0	-0.0192399	-0.0212309	0	0	-0.198765	0	-225.616	0	0.0119259	-0.173826	0
0	18.2189	0	-2460.21	0	-0.0145751	-0.0221338	0	0	-0.76919	0	-291.598	0	0.0461514	-0.167739	0
0	13.6265	0	-2237.55	0	-0.0109012	-0.0228135	0	0	-1.27895	0	-230.937	0	0.0767372	-0.151384	0
0	10.0154	0	-2594.29	0	-0.00801231	-0.0233202	0	0	-1.57055	0	-135.157	0	0.0942331	-0.126955	0
0	9.36214	0	-1521.68	0	-0.00748971	-0.0237134	0	0	-1.93877	0	-191.561	0	0.116326	-0.0970953	0
0	8.54857	0	-2429.09	0	-0.00683886	-0.0240801	0	0	-2.0867	0	-34.0552	0	0.125202	-0.0611725	0
0	9.1892	0	-1607.87	0	-0.00735136	-0.0244204	0	0	-2.11543	0	-9.57799	0	0.126926	-0.0234395	0
0	10.9163	0	-1299.02	0	-0.00873304	-0.0248056	0	0	-1.94516	0	110.679	0	0.11671	0.0141019	-0
0	12.3087	0	-2000.52	0	-0.00984695	-0.0252623	0	0	-1.80787	0	71.3031	0	0.108472	0.048521	-0
0	11.9714	0	-2522.46	0	-0.00957713	-0.0257552	0	0	-1.58226	0	150.056	0	0.0949355	0.0803827	-0
0	10.9015	0	-2862.44	0	-0.00872124	-0.0262271	0	0	-1.11187	0	249.029	0	0.0667122	0.106871	-0
0	10.5749	0	-2393.17	0	-0.0084599	-0.0266608	0	0	-0.752162	0	145.799	0	0.0451297	0.12496	-0
0	9.79485	0	-2565.55	0	-0.00783588	-0.0270823	0	0	-0.395647	0	176.661	0	0.0237388	0.13688	-0
0	7.75742	0	-2994.12	0	-0.00620594	-0.0274567	0	0	-0.0572234	0	151.12	0	0.0034334	0.142316	-0
0	6.69328	0	-2172.91	0	-0.00535462	-0.0277531	0	0	0.183291	0	91.5234	0	-0.0109975	0.142005	-0
0	5.75654	0	-2007.71	0	-0.00460523	-0.0280121	0	0	0.35676	0	93.6518	0	-0.0214056	0.137987	-0
0	4.41766	0	-1832.93	0	-0.00353413	-0.0282298	0	0	0.521715	0	72.3674	0	-0.0313029	0.130732	-0
0	3.13455	0	-1591.11	0	-0.00250764	-0.0283928	0	0	0.607917	0	39.3763	0	-0.036475	0.12092	-0
0	1.96406	0	-1296.63	0	-0.00157125	-0.0285063	0	0	0.660064	0	27.6699	0	-0.0396039	0.109757	-0
0	0.899156	0	-870.46	0	-0.000719325	-0.0285722	0	0	0.641973	0	-20.2202	0	-0.0385184	0.0978568	0
0	-0.00785697	0	-741.173	0	6.28558e-06	-0.0286022	0	0	0.558963	0	-44.6975	0	-0.0335378	0.0866461	0
0	-1.10203	0	-599.915	0	0.000881627	-0.0285895	0	0	0.466375	0	-46.8259	0	-0.0279825	0.0769966	0
0	-2.04954	0	-372.466	0	0.00163963	-0.0285347	0	0	0.37698	0	-43.6333	0	-0.0226188	0.0690137	0
0	-3.14881	0	-422.744	0	0.00251905	-0.0284429	0	0	0.267365	0	-51.0828	0	-0.0160419	0.0627549	0
0	-4.38815	0	-458.657	0	0.00351052	-0.0283051	0	0	0.175842	0	-43.6332	0	-0.0105505	0.0583733	0
0	-5.58818	0	-396.408	0	0.00447055	-0.0281172	0	0	0.0832543	0	-47.8901	0	-0.00499526	0.0556104	0
0	-6.84493	0	-322.188	0	0.00547595	-0.0278813	0	0	0.00875857	0	-37.2479	0	-0.000525514	0.0544471	0
0	-7.63341	0	-142.623	0	0.00610673	-0.0275991	0	0	-0.0348747	0	-19.1561	0	0.00209248	0.0545097	0
0	-8.35154	0	-156.988	0	0.00668123	-0.0272855	0	0	-0.0519023	0	-6.38536	0	0.00311414	0.0552333	0
0	-8.95964	0	1.0295	0	0.00716771	-0.0269462	-0	0	-0.0668014	0	-7.44957	0	0.00400809	0.0562345	0
0	-9.5922	0	-274.304	0	0.00767376	-0.0265834	0	0	-0.0859575	0	-9.57802	0	0.00515745	0.0575232	0
0	-10.4365	0	-231.208	0	0.0083492	-0.0261911	0	0	-0.0976639	0	-5.32112	0	0.00585984	0.0591279	0
0	-10.8817	0	-154.594	0	0.00870539	-0.0257678	0	0	-0.101921	0	-1.06423	0	0.00611525	0.0609146	0
0	-10.9509	0	80.0382	0	0.0087607	-0.0253294	-0	0	-0.107242	0	-3.19266	0	0.00643452	0.0627683	0
0	-11.3017	0	-80.3734	0	0.00904136	-0.0248876	0	0	-0.112563	0	-4.2569	0	0.00675379	0.0647082	0
0	-11.5835	0	-202.478	0	0.00926684	-0.0244351	0	0	-0.11682	0	-1.06421	0	0.0070092	0.0667631	0
0	-11.6152	0	-37.2777	0	0.00929216	-0.0239701	0	0	-0.121077	0	-2.12847	0	0.00726461	0.068885	0
0	-11.5917	0	27.3657	0	0.00927334	-0.0235038	-0	0	-0.120013	0	2.12845	0	0.00720076	0.071074	-0
0	-11.2574	0	-6.15311	0	0.00900592	-0.0230461	0	0	-0.118948	0	0	0	0.00713691	0.0732246	0
0	-11.3188	0	-178.536	0	0.00905505	-0.0225944	0	0	-0.118948	0	0	0	0.00713691	0.0753657	0
0	-11.3208	0	-61.2197	0	0.0090566	-0.0221391	0	0	-0.117884	0	3.19268	0	0.00707305	0.0775259	-0
0	-10.8679	0	139.893	0	0.0086943	-0.0216899	-0	0	-0.110435	0	4.25689	0	0.00662608	0.0796191	-0
0	-10.65	0	-22.9125	0	0.00852002	-0.0212578	0	0	-0.0987282	0	6.38534	0	0.00592369	0.081559	-0
0	-10.7134	0	-192.901	0	0.00857074	-0.020832	0	0	-0.083829	0	7.44958	0	0.00502974	0.0832691	-0
0	-10.9731	0	-231.208	0	0.00877848	-0.0204	0	0	-0.0678656	0	8.5138	0	0.00407194	0.084711	-0
