415.726	934.127	0.0018145	-22.2062	0.903811	4.06021	0.0	-0.0
415.722	934.129	0.00287873	-13.8265	-0.17358	4.0583	0.00776479	-0.000272176
415.724	934.126	0.00394295	11.3126	-2.68749	4.06021	0.0155111	-0.000442696
415.726	934.129	-0.0226627	199.257	-10.2292	4.05449	0.0228162	9.87496e-05
415.727	934.125	-0.0529931	365.654	-20.644	4.0564	0.0307122	0.00337632
415.729	934.127	-0.0700207	295.026	-19.5666	4.0564	0.0380571	0.00806186
415.732	934.127	-0.0790666	213.623	-10.4686	4.06212	0.0456273	0.010934
415.735	934.128	-0.0859841	216.017	-11.4263	4.0564	0.0532923	0.012711
415.734	934.129	-0.0849199	198.06	-7.71532	4.0564	0.0613788	0.014223
415.74	934.127	-0.076406	92.7155	5.21337	4.0583	0.0693138	0.0144196
415.742	934.128	-0.0678922	41.2401	7.24845	4.06212	0.0773715	0.0135659
415.744	934.13	-0.0631032	121.446	3.29801	4.0583	0.0855679	0.0129771
415.748	934.129	-0.0583142	198.06	5.45279	4.06593	0.0938556	0.0124267
415.75	934.133	-0.0535252	216.017	6.76961	4.05258	0.102064	0.0121572
415.754	934.16	-0.0152131	538.037	-14.1797	4.0564	0.108328	0.0121814
415.756	934.193	0.207742	1950.62	72.4904	4.05068	0.113647	0.00349282
415.816	934.204	0.325871	4086.24	141.204	4.0583	0.116327	-0.0269475
415.833	934.214	0.105044	5162.44	-54.5219	4.05258	0.121918	-0.0424013
415.839	934.235	-0.12536	3757.04	-165.134	4.05449	0.126956	-0.014604
415.866	934.254	-0.239765	2152.93	-79.6611	4.04687	0.13184	0.0242751
415.898	934.276	-0.240829	2380.38	-39.4385	4.04496	0.136956	0.0377565
415.929	934.306	-0.232315	2992.09	-30.2208	4.05258	0.141785	0.0387289
415.952	934.335	-0.207306	3091.45	1.74178	4.05258	0.14741	0.038884
415.989	934.376	-0.173251	2733.52	32.7467	7.80589	0.151237	0.0361945
416.031	934.424	-0.156755	2680.85	19.5786	4.03352	0.154706	0.0324641
416.07	934.471	-0.156755	3274.61	-2.6875	4.05449	0.158892	0.0314891
416.117	934.527	-0.134406	3819.29	7.00903	4.05068	0.161536	0.0321902
416.162	934.588	-0.0662959	4116.17	39.5702	4.04687	0.164134	0.0256981
416.212	934.645	-0.0200021	4177.22	43.76	4.03733	0.167134	0.0204257
416.262	934.702	-0.00563507	4134.13	18.6209	4.03162	0.170453	0.0132409
416.325	934.774	-0.01947	4152.08	0.544678	4.03924	0.171993	0.0118188
416.39	934.835	-0.042883	4268.2	-12.7431	4.03162	0.174743	0.0149655
416.456	934.901	-0.0694886	4346.01	-16.2147	4.04687	0.177388	0.0179972
416.53	934.976	-0.0886446	4316.09	-18.4892	4.04496	0.179041	0.0227402
416.611	935.062	-0.080663	4325.66	-4.12402	4.03924	0.179754	0.0253474
416.689	935.15	-0.0646996	4277.78	5.93164	4.0278	0.181123	0.0241296
416.776	935.26	-0.0583142	4756.62	9.04409	4.04305	0.180455	0.0221233
416.88	935.371	-0.066828	4799.72	4.01628	4.03733	0.178739	0.0220135
416.983	935.484	-0.0678922	4340.03	-6.03938	4.03924	0.177621	0.0238799
417.087	935.603	-0.0434151	4518.4	3.65713	4.03352	0.176787	0.0238913
417.218	935.733	0.0209706	4538.75	32.0284	4.04496	0.1734	0.0202153
417.32	935.846	0.0635396	4609.38	59.6815	4.03924	0.174454	0.0115075
417.447	936.019	0.0736497	4342.42	18.1421	4.04687	0.169221	0.004278
417.564	936.165	0.0800351	4061.1	-5.44083	4.05449	0.167877	0.00306986
417.674	936.295	0.0880167	4186.8	15.7479	4.04687	0.168876	0.00190961
417.804	936.434	0.110898	4105.4	17.4238	4.03924	0.167946	-0.0012748
417.923	936.569	0.117283	4183.21	2.46003	4.03924	0.168831	-0.00416868
418.047	936.715	0.0991911	4226.3	-14.0599	4.03733	0.168663	-0.00500008
418.178	936.864	0.0566221	3996.46	-16.2147	4.03733	0.168188	-0.00240574
418.328	937.016	0.0268238	3540.37	-21.3623	4.02971	0.166614	0.0022351
418.455	937.164	0.0220348	3225.53	-15.7359	4.01255	0.250101	0.00708346
418.589	937.316	0.065668	2989.7	21.7334	4.02018	0.255346	0.00631272
418.706	937.509	0.125265	3407.49	51.0623	4.02399	0.259348	0.000248519
418.809	937.746	0.0826956	4367.56	-4.48313	4.0259	0.261497	-0.00924462
418.997	938.024	-0.033837	4909.85	-99.8921	4.02018	0.253955	-0.000504377
419.219	938.314	-0.076406	5982.45	-83.8509	4.0259	0.244049	0.0136443
419.406	938.562	-0.0710849	6533.12	2.10093	4.02208	0.241384	0.0202326
419.553	938.813	-0.0897089	5842.39	1.74177	4.01637	0.242499	0.0208507
419.726	939.104	-0.110461	5541.92	-35.2486	4.02399	0.239555	0.0231513
419.938	939.38	-0.170058	5283.34	-38.8399	4.02399	0.236	0.0268024
420.18	939.657	-0.210498	4690.78	-40.875	4.03162	0.231592	0.0369634
420.412	939.967	-0.240297	4640.5	-18.3695	4.02399	0.226628	0.0435135
420.659	940.343	-0.325435	4755.42	-5.44082	4.02399	0.21645	0.0497251
420.903	940.74	-0.438243	3735.49	-115.574	4.02971	0.206457	0.0654733
421.118	941.116	-0.518592	2647.33	-97.2585	4.0259	0.202782	0.0860232
421.371	941.508	-0.529234	2698.8	-30.8194	4.0278	0.196073	0.0972569
421.607	941.9	-0.278609	3814.5	74.2861	4.03733	0.192007	0.0981336
421.854	942.3	-0.0130847	3924.64	225.6	4.02399	0.186545	0.065318
422.046	942.638	0.101852	2400.73	148.147	4.03162	0.191601	0.0250027
422.261	942.988	0.109301	1947.02	50.1047	4.02971	0.194947	0.0118253
422.494	943.376	0.0773745	3284.19	-5.32111	0	0.194281	0.0106554
422.755	943.812	0.0624753	4124.55	-4.36343	4.04496	0.179834	0.015689
422.95	944.135	0.084292	4258.63	37.2957	4.04305	0.180728	0.0160804
423.17	944.521	0.0784387	4138.92	64.1107	4.04687	0.17428	0.012433
423.439	944.898	0.166769	3882.74	22.2122	4.05258	0.165364	0.0174346
423.667	945.196	0.3131	4579.45	68.8991	4.04687	0.167061	-0.00376286
423.875	945.441	0.390789	4278.98	122.888	4.03924	0.174049	-0.0238014
424.111	945.715	0.428569	2768.24	-15.257	4.03733	0.176356	-0.0379718
424.39	946	0.498276	3935.41	-16.3344	4.04496	0.175351	-0.0453705
424.729	946.294	0.559469	4502.83	91.8835	4.03924	0.168553	-0.0603136
424.982	946.554	0.583414	3326.08	59.9209	4.03924	0.171914	-0.0716808
425.277	946.812	0.569579	3192.01	38.6125	4.03924	0.172758	-0.0776333
425.556	947.063	0.418459	2476.14	-84.2101	4.03162	0.175868	-0.0765842
425.91	947.375	0.264678	2508.46	-183.929	4.04687	0.169045	-0.0517273
426.248	947.692	0.189118	3259.05	-108.87	4.04496	0.163155	-0.0274994
426.555	947.977	-0.0322407	3135.75	-131.256	4.05449	0.163223	0.00456971
426.895	948.266	-0.108865	2976.53	-147.178	4.05449	0.160747	0.0162568
427.219	948.568	-0.245086	3162.08	-102.286	4.05068	0.158909	0.0373431
427.555	948.88	-0.308939	3558.32	-60.268	4.0564	0.15544	0.0483916
427.922	949.224	-0.28393	3515.23	-121.56	4.04687	0.147592	0.0464939
428.257	949.504	-0.165269	1502.9	55.731	4.05449	0.149534	0.0303983
428.597	949.818	-0.13281	1775.84	83.0249	4.05258	0.148152	0.0265211
428.863	950.084	0.0289522	1281.44	51.7806	4.0564	0.157271	0.0030536
429.157	950.445	0.060879	1057.58	29.3948	4.05068	0.156215	-0.00190913
429.469	950.754	0.0518331	1042.02	123.607	4.05068	0.158255	-0.000917513
429.784	951.155	-0.0184058	2236.72	111.636	4.04687	0.15208	0.00930732
430.055	951.465	-0.0487362	4676.42	-44.7057	4.04687	0.155898	0.0139673
430.363	951.75	-0.00191029	4766.2	-35.7275	4.05258	0.158594	0.00723585
430.665	952.029	0.0470441	2558.74	-93.9066	4.05068	0.163828	-9.58466e-05
430.997	952.378	0.0204384	1130.6	-86.8437	4.0564	0.161825	0.00361273
431.306	952.696	-0.0556537	1592.68	31.4299	4.0564	0.164246	0.0149039
431.579	953.017	-0.0609748	3481.71	80.0322	4.04305	0.168176	0.016036
431.867	953.354	-0.0519289	3906.68	122.529	4.04687	0.169354	0.015045
432.128	953.72	0.00819986	4359.18	-9.63066	4.05068	0.17031	0.00633723
432.36	954.023	0.109833	3469.74	19.6983	4.04687	0.179239	-0.00895699
432.686	954.358	0.105044	2770.63	-50.2124	4.04687	0.178281	-0.00889764
433.035	954.717	0.0784387	1862.03	-66.1338	4.05449	0.174451	-0.00553706
433.42	955.06	0.0683286	1666.9	-9.75038	4.05449	0.169718	-0.00449117
433.745	955.37	0.00447507	1658.52	-51.0504	4.0564	0.172934	0.00467688
434.154	955.743	-0.0130846	1872.8	-29.6223	4.03924	0.164157	0.00728399
434.478	956.059	0.037466	2610.22	94.3974	4.04687	0.167039	-0.000220106
434.827	956.429	0.0928058	2203.2	53.696	4.05449	0.163586	-0.00874586
435.166	956.812	0.184329	1259.89	-42.5509	4.03352	0.160904	-0.0230312
435.521	957.225	0.192311	1043.21	31.0708	4.05449	0.154772	-0.0253344
435.779	957.552	0.118347	2419.88	-32.615	4.04687	0.162907	-0.0153937
436.155	957.889	0.146017	1997.3	-74.8727	4.0564	0.160284	-0.0202543
436.516	958.263	0.1391	302.208	-42.7904	4.05449	0.157069	-0.0200928
436.869	958.659	0.10132	900.759	17.0647	4.05449	0.152611	-0.0152604
437.257	959.008	0.0167137	2196.02	63.7516	4.05068	0.148336	-0.00317742
437.597	959.349	-0.0396903	2521.63	13.7128	4.0583	0.148492	0.00518289
437.944	959.696	-0.0269196	2228.34	4.01627	4.05449	0.147587	0.00350543
438.284	960.023	0.0528973	1803.37	-35.3683	4.05449	0.156686	-0.00830559
438.678	960.434	0.0832277	1616.62	-54.0431	4.04687	0.154637	-0.0131725
439.037	960.857	0.0991911	1377.2	54.1748	4.0564	0.155074	-0.0160664
439.419	961.232	0.12154	1992.51	90.5667	4.0564	0.157617	-0.0200139
439.793	961.536	0.216788	2212.78	51.0623	4.05258	0.166454	-0.0350303
440.258	961.978	0.18965	1707.6	0.544684	4.0564	0.157034	-0.0322604
440.661	962.381	0.182733	1851.26	35.7394	4.04305	0.156697	-0.0323607
441.066	962.743	0.117283	2233.13	-31.8968	4.05449	0.159393	-0.0236396
441.476	963.092	0.0433193	1850.06	-74.753	4.0564	0.163026	-0.0132487
441.847	963.467	-0.0913052	2476.14	-90.435	4.05449	0.167263	0.00668501
442.267	963.934	-0.15303	2868.79	-51.1701	4.05068	0.159854	0.0164916
442.664	964.334	-0.207306	3114.2	-9.63068	4.05449	0.160224	0.0255511
443.077	964.695	-0.149838	2733.52	-115.215	4.0583	0.162884	0.0181747
443.508	965.014	-0.0710849	-196.983	-13.9402	4.05068	0.169154	0.00726085
443.944	965.46	-0.100351	-490.273	-43.2692	4.05449	0.164733	0.0120773
444.341	965.861	-0.257856	899.561	35.1409	4.0564	0.166637	0.0363052
444.715	966.406	-0.258389	1684.86	113.671	4.05449	0.158403	0.0379322
445.046	966.897	-0.194535	2091.87	6.41048	4.05449	0.158358	0.0299045
445.369	967.285	-0.0886446	2419.88	60.7589	4.04687	0.166904	0.0151881
445.803	967.635	-0.0641675	2843.65	103.136	4.05449	0.168785	0.0120484
446.262	968.012	-0.0604427	2940.62	-19.806	4.05258	0.166488	0.0118747
446.71	968.446	-0.0593784	1993.71	-151.607	4.05068	0.161298	0.0120777
447.133	968.848	-0.180168	2097.86	-16.2147	4.05449	0.161081	0.0305524
447.579	969.25	-0.165269	3098.64	83.8629	4.05258	0.158365	0.0293985
447.945	969.682	-0.0588463	1967.38	21.2545	4.0583	0.160663	0.0144268
448.378	970.131	0.0965306	1711.2	-0.772125	4.0564	0.1561	-0.00852668
448.759	970.601	0.120476	1344.88	117.741	4.0564	0.154684	-0.0126976
449.134	971.028	-0.155159	1587.89	39.8096	4.05449	0.157135	0.0279247
449.673	971.457	0.0161815	1506.49	31.6693	4.0564	0.146047	0.00315459
450.057	971.853	0.27266	1555.57	45.6754	4.05449	0.150792	-0.0354142
450.472	972.252	0.301394	1423.89	-60.6272	4.05449	0.152512	-0.0413603
450.819	972.689	0.198164	2005.68	19.818	4.05449	0.155927	-0.0276842
451.264	973.111	0.186458	2288.2	48.0696	4.05449	0.152346	-0.0271172
451.701	973.553	0.308843	761.895	47.7105	4.03924	0.149006	-0.0465938
452.171	974.005	0.268935	781.048	49.6258	4.05258	0.142421	-0.0424606
452.609	974.407	0.195503	1800.98	-0.89184	4.05449	0.142206	-0.0330595
453.077	974.81	0.13165	1021.67	-61.106	4.0583	0.139876	-0.0246545
453.587	975.28	0.0832277	26.8749	-160.585	4.0564	0.1296	-0.0181811
454.056	975.757	0.032677	-16.2207	-30.1011	4.0583	0.122645	-0.0110978
454.505	976.196	0.0140531	974.979	85.06	4.06212	0.120092	-0.00850031
454.923	976.668	0.00341084	1446.64	32.8664	4.06021	0.116997	-0.00698829
455.363	977.07	-0.0269196	1623.81	-2.08894	4.0583	0.117692	-0.00245919
455.78	977.454	-0.100351	1636.98	-82.175	4.06593	0.121285	0.00871706
456.239	977.924	-0.134406	997.724	-146.1	4.0583	0.114603	0.0144274
456.647	978.358	-0.205709	230.382	-122.278	4.06212	0.115738	0.0259293
457.018	978.731	-0.259453	-115.58	-38.6005	4.06212	0.124673	0.0352251
457.39	979.188	-0.226994	372.837	10.2412	4.0583	0.12576	0.031913
457.779	979.598	-0.162076	-195.786	14.1916	4.06021	0.12934	0.0235373
458.165	980.059	-0.0918373	-291.554	42.2038	4.06212	0.128922	0.0139739
458.571	980.483	-0.0386261	43.6343	57.7661	4.0583	0.129709	0.00654326
459.056	980.979	-0.0333049	-237.684	29.6342	4.0583	0.118442	0.00597685
459.505	981.381	-0.024259	30.4662	15.0296	4.0564	0.118339	0.00481979
459.995	981.844	0.00660352	850.48	97.031	4.0583	0.109466	0.000335964
460.426	982.271	0.113026	1276.65	131.029	4.06021	0.108489	-0.015667
460.817	982.64	0.34077	1061.17	105.65	4.06021	0.115346	-0.0505068
461.281	983.129	0.371101	283.055	27.8386	4.06212	0.106603	-0.057101
461.694	983.597	0.329064	-714.131	21.4939	4.0564	0.104989	-0.0530221
462.13	984.024	0.196568	730.77	-41.8327	4.06212	0.103746	-0.0351221
462.56	984.39	0.10398	1087.51	1.26295	4.06212	0.107633	-0.0224133
463.025	984.859	0.126329	858.86	-21.6017	4.0583	0.100134	-0.0263895
463.468	985.246	0.215192	229.185	-2.20865	4.06974	0.10199	-0.0404769
463.905	985.745	0.209338	-11.4323	-26.2704	4.0564	0.0950653	-0.0408901
464.327	986.195	0.180072	-12.6294	-45.7831	4.0564	0.0937663	-0.0377562
464.718	986.6	0.174751	48.4227	52.4989	4.0564	0.0984487	-0.0380384
465.215	987.06	0.189118	-953.551	-47.6985	4.06212	0.0904843	-0.041242
465.738	987.47	0.146017	-724.904	-44.9452	4.0583	0.0845716	-0.0359115
466.234	987.888	0.0832277	-207.757	-16.933	4.0564	0.0803156	-0.0273692
466.665	988.293	-0.0386261	-781.168	-44.3466	4.06212	0.0828358	-0.00959054
467.171	988.784	-0.047672	-77.2729	26.0429	4.06974	0.0715224	-0.0080019
467.61	989.221	-0.0529931	-56.9221	-30.1011	4.06974	0.0705532	-0.0069177
468.028	989.659	-0.05725	-310.708	-69.6054	4.06974	0.0712749	-0.0059612
468.463	990.119	-0.0641675	-1026.57	-7.59561	4.06593	0.0689774	-0.00458008
468.907	990.547	-0.124828	-119.171	-10.9475	4.06212	0.0679656	0.00490405
469.373	990.962	-0.122168	424.312	43.4009	4.06021	0.0658117	0.00525393
469.781	991.368	-0.103544	456.634	-22.5594	4.06021	0.0690237	0.00319335
470.17	991.776	-0.0588463	-162.267	-22.4397	4.0564	0.0734103	-0.00289001
470.519	992.189	0.0209706	-599.209	21.2545	4.0583	0.0805812	-0.0145095
470.806	992.605	0.037466	-747.649	6.41047	4.06021	0.0919515	-0.0171096
471.186	992.986	0.0880167	265.098	40.4081	4.0564	0.0971267	-0.024917
471.658	993.357	0.0965305	342.91	48.1893	4.06021	0.0954558	-0.0267222
472.101	993.795	0.108237	-571.676	-26.7492	4.06402	0.0915758	-0.0290573
472.552	994.214	0.105576	-909.258	7.00902	4.06212	0.0892622	-0.0293077
473.028	994.645	0.119943	-752.438	22.691	4.06021	0.0841336	-0.0320962
473.449	995.096	0.144953	-702.16	11.1989	4.06593	0.0821596	-0.0365672
473.873	995.557	0.174751	-954.748	-4.72256	4.06593	0.0793484	-0.0419067
474.26	995.965	0.143356	-861.374	19.2195	4.06783	0.0839941	-0.038246
474.66	996.395	0.0188421	-12.6294	-65.655	4.06212	0.0848097	-0.020429
475.101	996.865	-0.0215985	-295.145	-93.9066	4.0564	0.0792729	-0.014476
475.492	997.272	-0.0343692	-874.542	-127.665	4.06021	0.0836882	-0.0124308
475.908	997.681	-0.0556537	-1453.94	-52.008	4.06212	0.0857749	-0.00903189
476.342	998.055	-0.0519289	-1791.52	-18.2498	4.06402	0.0893627	-0.00925669
476.802	998.59	-0.0301123	-688.991	92.0032	4.06593	0.0769356	-0.0122176
477.21	999.083	0.00819986	-505.835	12.1566	4.06402	0.0730268	-0.0177837
477.612	999.541	0.0215027	-28.1917	20.1771	4.0564	0.0722332	-0.0198284
478.05	999.902	0.0454477	224.397	-5.08169	4.0564	0.0760635	-0.0235491
478.582	1000.34	0.0784387	205.243	-6.99706	4.06593	0.0659761	-0.0287705
479.124	1000.71	0.176347	-571.676	70.6948	4.06593	0.0619289	-0.0439274
479.601	1001.17	0.203485	-712.933	56.569	4.06783	0.0557492	-0.0490562
480.036	1001.61	0.22477	-389.716	73.8073	4.06212	0.0548815	-0.0534698
480.416	1002.01	0.194439	-523.792	16.107	4.06974	0.0611153	-0.0502688
480.809	1002.33	0.0965305	-107.2	-25.5521	4.06212	0.0722097	-0.0367491
481.212	1002.75	0.060879	-711.736	-86.0057	4.06783	0.0739179	-0.0319806
481.653	1003.15	-0.0386261	-745.255	-116.891	4.06593	0.0739017	-0.0174201
482.02	1003.54	-0.1807	-973.901	-94.0263	4.06212	0.081096	0.00412277
482.455	1004	-0.176975	199.257	23.2896	4.07355	0.0758558	0.00464825
482.82	1004.34	-0.137067	238.762	19.3392	4.05449	0.0864484	-0.000276165
483.182	1004.79	-0.071617	-199.377	-24.4747	4.0564	0.08721	-0.00927124
483.495	1005.23	0.0204384	-940.383	29.7539	4.06593	0.0939082	-0.0226499
483.86	1005.63	0.0587506	-848.206	20.5363	4.06212	0.0990984	-0.0285193
484.273	1006.07	0.0475762	-764.409	28.916	4.0564	0.0970486	-0.0271957
484.749	1006.5	0.0252275	-563.296	15.0296	4.06593	0.0910747	-0.0241288
485.181	1006.91	0.00873197	-134.734	4.01627	4.06593	0.0903224	-0.0218058
485.628	1007.28	0.0364018	-85.6526	12.5157	4.06974	0.0920485	-0.0260087
486.071	1007.68	0.0725855	-208.954	6.41048	4.06212	0.0909658	-0.0316547
486.44	1008.11	0.0273559	474.591	-61.944	4.06212	0.0934814	-0.0253058
486.885	1008.54	0.00660352	402.765	-69.1266	4.06212	0.090259	-0.022357
487.262	1008.98	-0.0540573	-237.684	-48.8956	4.06593	0.091705	-0.0132975
487.66	1009.41	-0.105672	-198.18	-52.846	4.06593	0.0927964	-0.00523094
488.113	1009.8	-0.0577821	-114.383	-44.4663	4.0564	0.0920936	-0.0117804
488.508	1010.21	-0.0322407	-1075.66	4.73453	4.06021	0.0956181	-0.0152649
488.936	1010.6	-0.0349013	-866.162	27.3597	4.0583	0.0971472	-0.0146724
489.35	1011.04	-0.0402224	-582.449	-1.01155	4.05449	0.0963657	-0.0136648
489.75	1011.46	-0.0104241	-314.299	25.8035	4.0564	0.0975453	-0.0178933
490.159	1011.86	0.0651359	-273.597	21.7334	4.06021	0.099292	-0.0291647
490.634	1012.31	0.0646038	-29.3888	46.1542	4.06021	0.0919649	-0.0294757
491.111	1012.72	0.0443835	11.3126	-48.1773	4.06021	0.0886766	-0.0268303
491.642	1013.12	-0.0636353	226.791	-69.7251	4.06212	0.0812768	-0.0108938
492.131	1013.55	-0.0966263	904.35	-1.96923	4.06212	0.0751563	-0.0055633
492.576	1013.97	-0.125893	1013.29	-71.7602	4.06593	0.0738319	-0.000593614
492.97	1014.37	-0.131214	664.93	-36.9246	4.06974	0.0787059	0.00095991
493.328	1014.8	-0.112058	208.834	20.1771	4.0583	0.0831728	-0.00112621
493.737	1015.26	-0.0599106	25.6778	1.86149	4.06021	0.0810755	-0.00827593
494.123	1015.7	0.112494	-1418.03	96.6719	4.06021	0.0830347	-0.0337771
494.586	1016.14	0.152402	-1184.59	120.015	4.0583	0.079014	-0.0404384
495	1016.53	0.165173	-515.412	53.0974	4.06021	0.0826177	-0.0432684
495.4	1016.88	0.032677	12.5097	-25.0733	4.0564	0.0898964	-0.024385
495.821	1017.24	-0.0279838	-1055.3	-131.855	4.0583	0.094781	-0.015482
496.17	1017.63	-0.0753418	-1242.05	-78.9428	4.06212	0.103617	-0.00821035
496.455	1018.08	-0.140792	-1741.24	-29.0237	4.0564	0.111265	0.00205918
496.77	1018.48	-0.184425	-1281.56	-54.8811	4.06593	0.120967	0.00944892
497.209	1018.92	-0.159948	-776.38	-4.36343	4.06021	0.115598	0.00688389
497.674	1019.32	-0.117379	-325.073	28.5568	4.06593	0.112064	0.00145822
498.094	1019.72	-0.106736	-423.235	45.5557	4.0564	0.113132	0.000566158
498.566	1020.1	-0.136535	536.84	-21.2426	4.0564	0.110633	0.00567632
498.947	1020.47	-0.137599	492.547	11.4383	4.06593	0.11701	0.00665517
499.359	1020.92	-0.101415	638.593	26.0429	4.0564	0.113744	0.00205321
499.747	1021.35	-0.0205342	550.008	34.9015	4.06212	0.113933	-0.00947046
500.163	1021.81	0.116219	380.02	86.8557	4.0583	0.11092	-0.0298602
500.515	1022.21	0.197632	1538.81	54.0551	4.0564	0.116569	-0.0427695
500.979	1022.65	0.209871	1119.83	12.1566	4.06593	0.109747	-0.0457911
501.376	1023	0.221045	503.321	19.6983	4.05449	0.116653	-0.0487265
501.895	1023.42	0.206146	486.562	18.0224	4.0583	0.107516	-0.0478179
502.332	1023.84	0.172091	698.448	-32.1362	4.0564	0.105968	-0.0439464
502.724	1024.28	0.123668	360.866	-49.3744	4.06021	0.106426	-0.0377157
503.106	1024.75	0.0853562	342.91	-32.9741	4.06593	0.10552	-0.0327108
503.534	1025.24	0.0528973	558.388	-11.4263	4.0583	0.0991204	-0.0283541
503.974	1025.71	0.00394295	919.912	-71.7602	4.0583	0.0936327	-0.0213284
504.429	1026.08	-0.0327728	-271.203	3.05859	4.06212	0.096393	-0.0158447
504.979	1026.51	-0.0221306	-95.2294	20.656	4.0564	0.0854641	-0.0172444
505.434	1026.9	0.023099	-66.4989	29.5145	4.0564	0.0869839	-0.023896
505.89	1027.31	0.0342734	-275.992	8.56526	4.06212	0.0859094	-0.0257108
506.262	1027.75	0.0167137	-262.823	4.13598	4.0564	0.089282	-0.0232825
506.659	1028.2	-0.0221306	219.608	-23.0382	4.0583	0.0898198	-0.0175561
507.118	1028.63	-0.0136168	350.092	-9.98981	4.06212	0.0855161	-0.0187004
507.535	1028.99	0.0113925	-138.325	2.93888	4.06212	0.091943	-0.0223701
507.926	1029.35	0.0167137	-380.139	21.6137	4.06593	0.0991364	-0.0232366
508.318	1029.73	-0.014681	344.107	-20.1652	4.06021	0.103971	-0.0186277
508.731	1030.13	-0.033837	261.507	-28.4252	4.06593	0.105412	-0.0156662
509.039	1030.54	-0.10248	1000.12	-61.3454	4.0583	0.114254	-0.0051668
509.381	1030.94	-0.139727	1055.18	-55.8388	4.06212	0.119669	0.00103526
509.738	1031.33	-0.182296	785.837	-65.0564	4.06974	0.124877	0.00825897
510.16	1031.75	-0.168994	389.596	26.7612	4.0564	0.123421	0.00735733
510.698	1032.22	-0.131746	194.469	7.24845	4.06402	0.10831	0.00278411
511.137	1032.58	-0.147177	-601.603	-10.8278	4.0564	0.111949	0.00588927
511.569	1032.96	-0.205709	-3.05261	-40.037	4.05258	0.113808	0.0155522
511.974	1033.4	-0.117911	-237.684	78.4759	4.06021	0.113216	0.00361666
512.391	1033.87	-0.0141489	-110.792	91.1652	4.0564	0.109262	-0.0112402
512.768	1034.3	0.229559	-155.084	128.634	4.0583	0.111693	-0.0477114
513.156	1034.79	0.239669	-281.977	115.945	4.0583	0.108746	-0.0506053
513.599	1035.23	0.22743	-888.907	8.80468	4.06212	0.10606	-0.0502075
514.009	1035.59	0.070457	238.762	-129.82	4.06212	0.111509	-0.0280261
514.438	1036.03	-0.0200021	723.588	-81.337	4.06021	0.108932	-0.01488
514.861	1036.42	-0.11525	1469.38	-95.3431	4.06212	0.109732	-0.000472741
515.257	1036.83	-0.137067	172.921	-54.7614	4.06212	0.112167	0.00349125
515.707	1037.3	-0.104076	-638.713	-22.6791	4.06212	0.106545	-0.000634992
516.094	1037.74	-0.0237269	-807.504	30.5919	4.06593	0.108003	-0.0120629
516.592	1038.3	0.00926408	-647.093	46.6331	4.0564	0.0913389	-0.0168692
517.155	1038.76	0.075246	661.338	60.6391	4.06212	0.0772672	-0.0268221
517.628	1039.18	0.17954	1219.19	88.4119	4.06021	0.0743326	-0.0429176
518.039	1039.56	0.270531	658.944	71.1736	4.0564	0.0801705	-0.0576436
518.5	1040.01	0.262018	186.089	23.8881	4.0564	0.0760029	-0.0579897
518.932	1040.45	0.255632	42.4372	-2.44807	4.06402	0.0746309	-0.058604
519.322	1040.89	0.228494	178.907	-0.53271	4.06593	0.0771533	-0.0560671
519.689	1041.28	0.0709891	1141.38	-93.1883	4.06212	0.0843872	-0.0338123
520.137	1041.74	0.0108604	1004.91	-106.835	4.06974	0.0783556	-0.0252189
520.575	1042.1	-0.0897089	374.034	-76.788	4.07546	0.0824129	-0.0101987
520.974	1042.47	-0.116847	-581.252	-46.3817	4.06212	0.088558	-0.00558977
521.383	1042.86	-0.134406	-945.171	-31.0588	4.06212	0.0928548	-0.00225473
521.75	1043.22	-0.196663	-716.525	-47.2196	4.0564	0.102021	0.00789028
522.09	1043.64	-0.191342	-420.841	-17.6513	4.06212	0.107217	0.00827209
522.42	1044.02	-0.181764	-301.131	1.26294	4.0564	0.116978	0.00798344
522.813	1044.41	-0.158883	-696.174	-8.31387	4.0564	0.120153	0.0056419
523.245	1044.81	-0.116314	-856.586	9.40323	4.0564	0.119281	0.000209855
523.681	1045.27	-0.107269	-374.154	57.6464	4.0583	0.112881	-0.000449147
524.122	1045.66	-0.0742776	-270.006	23.529	4.0583	0.113244	-0.00475418
524.607	1046.08	-0.0450114	-444.783	6.05135	4.0564	0.107837	-0.00869845
525.019	1046.52	0.0241632	271.083	89.609	4.06212	0.10574	-0.0188046
525.433	1046.97	0.126329	1403.54	32.627	4.06974	0.103246	-0.0342744
525.834	1047.43	0.098659	1232.36	15.5084	4.0583	0.10118	-0.0308819
526.234	1047.9	0.0720534	1310.17	-40.3962	4.0564	0.0978882	-0.027483
526.656	1048.36	0.0795029	1110.25	-22.7988	4.06212	0.0945078	-0.0290328
527.08	1048.78	0.135907	-198.18	58.7238	4.06593	0.0946129	-0.0357555
527.538	1049.19	0.153999	-362.183	42.3235	4.0583	0.0935376	-0.0364558
527.943	1049.59	0.134843	423.115	-4.12401	4.06212	0.0959791	-0.0310395
528.385	1050.05	0.113026	269.886	-19.4469	4.0564	0.0917457	-0.0244473
528.769	1050.53	0.102916	93.9126	-8.31387	4.06212	0.0897876	-0.0187945
529.169	1051.02	0.075246	425.509	-47.2196	4.06212	0.086557	-0.00973722
529.658	1051.47	0.0438514	441.072	-45.6634	4.06212	0.0792127	0.000778394
530.186	1051.81	0.0151173	545.22	-37.4034	4.06212	0.0775765	0.0118409
530.732	1052.23	0.0252275	-256.838	26.2823	4.06212	0.0694543	0.0180306
531.177	1052.64	0.0316128	-1200.15	-14.8979	4.07546	0.07011	0.0255238
531.627	1053.09	0.00713563	-1366.55	-31.5376	4.0564	0.0682288	0.0384373
532.01	1053.58	-0.0498004	-370.563	-12.8628	4.06402	0.0671762	0.0572199
532.411	1053.97	-0.0545894	114.263	-26.6295	4.06593	0.0716801	0.0693992
532.871	1054.36	0.0113925	-359.789	25.8035	4.0583	0.0720958	0.0718927
533.312	1054.8	0.118879	-677.02	73.3284	4.0583	0.0703863	0.0686896
533.669	1055.19	0.221045	-412.461	22.9305	4.0564	0.0784058	0.0665886
534.074	1055.6	0.189118	-399.293	24.2473	4.06593	0.0808828	0.0849615
534.482	1056.01	0.126329	295.026	-22.6791	4.0564	0.0822435	0.109152
534.839	1056.45	0.0757782	579.935	-38.2414	4.06974	0.0847714	0.132904
535.094	1056.88	0.102916	-1015.8	75.6029	4.06021	0.0980203	0.146351
535.462	1057.32	0.157191	-1473.09	29.8737	4.0564	0.0994424	0.156633
535.91	1057.76	0.277449	-1146.28	96.3127	4.0583	0.0951998	0.157785
536.352	1058.21	0.415266	-28.1917	127.437	4.06593	0.090789	0.156697
536.755	1058.62	0.550955	254.324	114.988	4.0583	0.0924546	0.156242
537.209	1059.06	0.747304	-450.768	140.007	4.06212	0.087726	0.147038
537.611	1059.49	0.938333	-863.768	142.281	4.06212	0.0885022	0.138643
537.983	1060	1.06498	-844.615	127.677	4.0583	0.0860786	0.139971
538.303	1060.44	1.1847	278.266	52.9777	4.0583	0.0924025	0.142813
538.708	1060.93	1.23046	166.936	41.8447	4.0564	0.0871588	0.157291
539.101	1061.3	1.38052	739.15	106.249	4.0564	0.0925864	0.155979
539.523	1061.73	1.39382	548.811	87.2148	4.0564	0.0914575	0.17419
539.889	1062.2	1.40233	-626.742	-5.2014	4.0583	0.0921433	0.193744
540.315	1062.72	1.39435	-34.1772	-11.546	4.0564	0.0832036	0.216425
540.682	1063.15	1.47843	964.205	15.9873	4.04877	0.0863046	0.22605
541.096	1063.66	1.55558	2118.21	131.388	4.0564	0.0785982	0.236914
541.496	1064.15	1.74342	2786.19	164.428	4.0583	0.0733512	0.231416
541.914	1064.59	1.90092	1092.29	98.2281	4.06021	0.0720605	0.230046
542.325	1065.01	1.99245	-831.446	23.1699	4.0583	0.0742211	0.238332
542.746	1065.5	2.08131	-1431.19	47.9499	4.0583	0.0700196	0.247172
543.17	1066	2.20795	-481.893	160.358	4.0564	0.0651299	0.250517
543.585	1066.47	2.34896	315.376	100.503	4.05449	0.0621775	0.251651
543.995	1067.01	2.53999	230.382	133.423	4.05449	0.0547632	0.245141
544.362	1067.48	2.61076	579.935	165.505	4.06021	0.0563085	0.256228
544.675	1067.93	2.72676	1121.03	11.3186	4.0564	0.0627756	0.26081
544.994	1068.4	2.84064	389.596	77.9971	4.05449	0.0674284	0.26572
545.332	1068.91	2.95291	-832.643	146.112	4.04687	0.0677711	0.27089
545.754	1069.46	3.05827	-807.504	108.164	4.04877	0.0578362	0.277129
546.044	1069.91	3.22588	-538.157	75.0043	4.0564	0.0671953	0.274101
546.395	1070.42	3.31368	-711.736	55.4916	4.05449	0.066255	0.282745
546.716	1070.89	3.39137	895.97	132.465	4.0583	0.0695591	0.293082
547.068	1071.34	3.51269	1075.54	149.464	4.05258	0.0712752	0.297113
547.398	1071.86	3.51642	-1432.39	10.2412	4.05449	0.0715423	0.318761
547.713	1072.36	3.17799	-916.441	-73.4362	4.03924	0.0740511	0.392412
548.045	1072.92	3.20194	128.629	66.9838	4.05449	0.0690848	0.414443
548.373	1073.49	3.59038	1014.48	292.757	4.05068	0.0639129	0.38236
548.654	1074	3.90539	1214.4	250.021	4.03162	0.0678436	0.359666
548.982	1074.59	4.06875	514.095	163.231	4.04687	0.0608933	0.358534
549.262	1075.09	4.46198	290.237	142.281	4.05449	0.0665074	0.322645
549.491	1075.58	4.8185	1259.89	200.221	4.03924	0.0752838	0.290609
549.717	1076.13	5.20109	964.205	196.989	4.04687	0.0791851	0.253227
549.989	1076.75	5.34529	-777.577	22.8108	4.0564	0.0743859	0.250012
550.245	1077.28	5.67307	-2637.87	300.299	4.06021	0.0801969	0.219099
550.445	1077.82	5.92689	-2217.69	253.971	4.05449	0.0892468	0.198018
550.668	1078.34	6.00458	-2710.89	204.65	4.0583	0.0976442	0.202538
550.963	1078.82	6.05726	705.631	41.3658	4.0564	0.100006	0.211048
551.208	1079.42	6.06843	257.915	-3.40575	4.05258	0.0976812	0.226172
551.468	1079.97	6.10036	-1544.92	-24.9536	4.0583	0.10009	0.238821
551.707	1080.5	6.12696	-1279.16	56.6887	4.05449	0.104899	0.252781
551.951	1081.01	6.2105	8.9184	84.7009	4.05068	0.110446	0.258745
552.161	1081.52	6.28926	-736.875	7.72729	4.05449	0.118509	0.26563
552.407	1082.19	6.16634	353.683	35.8592	4.03733	0.110369	0.302998
552.66	1082.78	4.58064	1490.93	149.584	4.01637	0.108157	0.561225
552.947	1083.3	5.10371	1154.54	170.772	4.0259	0.108805	0.513356
553.201	1083.8	6.53456	1280.24	222.367	4.03543	0.113641	0.326885
553.468	1084.44	7.39339	1213.2	215.664	4.04496	0.106979	0.218336
553.746	1085.06	7.31943	2053.57	191.003	4.05258	0.100357	0.245258
554.004	1085.7	2.40909	1944.63	54.4142	0	0.0942992	0.998784
554.23	1086.3	4.11451	1373.61	35.8592	3.96681	0.0951465	0.790114
554.351	1087.01	7.47108	699.646	144.676	4.02018	0.0957164	0.324243
554.407	1087.81	8.68642	225.594	97.2704	4.03352	0.0948827	0.16012
554.496	1088.61	8.76677	557.191	208.481	4.02971	0.0904689	0.159659
554.581	1089.29	8.84393	1926.67	394.75	4.04687	0.0958799	0.159487
554.655	1089.89	7.03421	1750.7	344.113	4.03543	0.108704	0.440659
554.749	1090.6	3.32273	959.416	264.984	3.96299	0.110013	1.01804
554.847	1091.27	4.51839	-345.423	2.57975	3.9344	0.114678	0.881679
554.959	1092.05	8.87532	-4131.85	-6.63793	4.00302	0.11249	0.263991
554.996	1092.83	10.8372	-686.597	282.821	4.03543	0.113664	-0.0205701
555.039	1093.53	11.1176	3448.19	696.3	4.04496	0.118404	-0.0646917
555.119	1094.14	11.529	7282.5	714.136	4.05449	0.125085	-0.130164
555.234	1094.76	12.0116	3231.51	329.628	4.04687	0.129846	-0.208859
555.402	1095.4	12.0962	-3855.32	27.7189	4.05068	0.133619	-0.230828
555.715	1096.03	11.8685	-3919.97	-52.9657	4.03162	0.126133	-0.206558
556.089	1096.54	11.5822	-757.226	-98.4556	4.05068	0.12171	-0.172273
556.452	1097.01	11.4454	1343.69	-113.659	4.04877	0.120918	-0.158851
556.887	1097.57	11.3582	1021.67	-145.861	4.05068	0.107954	-0.15221
557.281	1098.14	11.2358	611.06	-101.209	4.05449	0.0982154	-0.139979
557.664	1098.77	11.0251	-70.0903	-127.665	4.0564	0.0856039	-0.11399
558.072	1099.32	10.6904	160.95	-169.922	4.06212	0.0784544	-0.0683887
558.545	1099.87	10.2732	-763.212	-368.881	4.05449	0.0665304	-0.00868126
558.974	1100.4	9.85441	-1203.74	-398.808	4.06593	0.0604368	0.053472
559.361	1100.92	9.5559	271.083	-271.915	4.06593	0.0581919	0.0997772
559.688	1101.58	9.36966	134.614	-232.89	4.06021	0.0494192	0.130687
560.005	1102.18	9.23131	75.9561	-129.58	4.0583	0.0463233	0.155162
560.305	1102.69	9.10147	1020.47	-95.9417	4.06212	0.0508652	0.178797
560.601	1103.28	8.9876	1692.04	-81.2173	4.0564	0.0481111	0.2004
560.862	1103.8	8.91098	2231.93	-38.9596	4.06212	0.0537232	0.216657
561.097	1104.35	8.89608	2350.45	-76.1895	4.0564	0.0583787	0.223651
561.328	1104.93	8.99984	2235.53	-35.7275	4.0564	0.0600518	0.212446
561.553	1105.46	9.19353	1402.34	65.3078	4.0564	0.0668511	0.186616
561.767	1106.05	9.31112	-322.679	50.8229	4.0583	0.0700095	0.170502
561.94	1106.65	9.31538	-372.957	59.6815	4.0564	0.0752141	0.170123
562.108	1107.25	9.44309	818.159	104.333	4.0583	0.0802839	0.152253
562.266	1107.92	9.61336	898.364	155.689	4.0564	0.079966	0.127668
562.492	1108.48	9.74799	298.617	97.1507	4.0564	0.0827907	0.107409
562.722	1109.02	9.81503	34.0575	14.6705	4.06974	0.0879209	0.0964793
562.951	1109.58	9.83579	-169.45	25.9232	4.06021	0.0912685	0.092091
563.169	1110.15	9.74852	-2531.33	-40.5159	4.06212	0.0956925	0.103781
563.355	1110.71	9.61017	-2800.68	-60.2681	4.0564	0.103815	0.123657
563.548	1111.3	9.6256	-532.171	-12.2643	4.05449	0.106736	0.121296
563.731	1111.92	9.70436	-1222.9	24.0079	4.0564	0.108351	0.109345
563.924	1112.47	9.76927	-1330.64	81.2293	4.05258	0.114956	0.0989956
564.103	1113.02	9.85388	-316.693	60.5194	4.0583	0.122531	0.0853037
564.329	1113.57	9.88102	-1100.79	34.7818	0.152496	0.125953	0.0797248
564.521	1114.1	9.90762	-17.4178	168.019	4.06212	0.132659	0.0740627
564.724	1114.66	9.99063	1168.91	97.7493	4.06783	0.136333	0.0597804
564.941	1115.2	10.0513	-164.661	-67.6901	4.0564	0.14014	0.0483525
565.194	1115.77	10.072	-815.884	0.7841	4.06974	0.139924	0.0425463
565.398	1116.27	10.146	905.547	42.9221	4.05449	0.148097	0.0286344
565.687	1116.88	10.2045	1512.48	103.615	4.0564	0.139972	0.0165936
566.029	1117.47	10.2774	1487.34	61.3574	4.06021	0.129519	0.00204619
566.345	1118.06	10.2828	2018.85	61.118	4.06212	0.122892	-0.00280184
566.627	1118.62	10.3275	1824.92	41.725	4.0583	0.121802	-0.0135881
566.889	1119.17	10.3067	1177.29	-11.7855	4.06212	0.12321	-0.0148252
567.191	1119.69	10.2162	1516.07	-51.1701	4.06021	0.123285	-0.00548149
567.519	1120.22	10.0859	1517.27	-104.202	4.06021	0.121171	0.0103908
567.853	1120.78	9.85494	-240.079	-208.828	4.04687	0.116946	0.0421309
568.165	1121.35	9.59687	-608.786	-205.237	4.0564	0.113946	0.0793275
568.498	1121.89	9.45799	238.762	-100.371	4.06593	0.111958	0.100193
568.844	1122.48	9.39254	19.6923	-101.209	4.06593	0.105477	0.110877
569.156	1122.93	9.2925	17.2981	-122.278	4.06212	0.112081	0.127143
569.476	1123.49	9.15575	137.008	-97.1388	4.0564	0.109316	0.149516
569.789	1124.13	9.06635	120.249	-97.857	4.06593	0.101064	0.165605
570.093	1124.7	8.89714	97.5039	-63.0214	4.05449	0.0991475	0.194204
570.311	1125.32	8.69654	-279.583	-74.6333	4.0564	0.100984	0.228526
570.529	1125.83	8.71782	1494.52	-8.55328	4.05449	0.110125	0.230769
570.751	1126.29	8.83276	3578.67	60.0406	4.05068	0.11984	0.218837
570.993	1126.96	8.93652	3192.01	27.3597	4.05449	0.111618	0.207891
571.218	1127.51	9.02378	1706.41	-23.2776	4.05258	0.11578	0.198797
571.452	1128.03	9.22971	1996.11	188.849	4.0583	0.121511	0.17138
571.692	1128.57	9.4218	2668.88	193.637	4.0564	0.123589	0.144802
571.92	1129.24	9.5261	1027.65	-4.72256	4.0564	0.117433	0.130242
572.114	1129.89	9.60698	1233.55	168.378	4.06212	0.116203	0.118569
572.329	1130.59	9.57558	1525.65	29.0357	4.06593	0.1094	0.123251
572.569	1131.19	9.68041	679.295	-20.644	4.06212	0.108858	0.107688
572.815	1131.71	9.84856	1229.96	142.162	4.0564	0.114907	0.081998
573.063	1132.2	9.93902	1352.07	84.9403	4.05449	0.122256	0.0669529
573.3	1132.74	9.82248	353.683	-87.9211	4.06212	0.12607	0.0824135
573.535	1133.28	9.59687	-578.858	-153.881	4.0564	0.131141	0.114936
573.756	1133.81	9.3505	-1331.83	-187.041	4.05449	0.137682	0.151925
573.98	1134.42	9.02219	-2356.55	-305.315	4.05449	0.137998	0.202684
574.208	1135	8.87745	-905.667	-166.93	4.04496	0.139801	0.227875
574.436	1135.6	8.94024	1677.68	115.107	4.05068	0.138966	0.222807
574.684	1136.24	8.94982	1566.35	114.748	4.05449	0.133165	0.225344
574.958	1136.92	8.91151	630.214	15.3887	4.05449	0.123071	0.235007
575.198	1137.55	8.98707	748.727	20.2968	4.0564	0.12037	0.227818
575.47	1138.12	8.4954	1936.25	130.909	4.05258	0.119134	0.305262
575.755	1138.71	6.25999	1785.42	168.259	4.03162	0.115902	0.647215
576.027	1139.29	6.39195	-88.0468	57.5267	4.00112	0.116175	0.647475
576.255	1140.06	8.84553	-22.2062	10.72	4.03162	0.103616	0.298703
576.433	1140.79	10.2471	1385.58	108.164	4.04877	0.0985003	0.0930067
576.548	1141.53	10.3025	120.249	70.6948	4.04687	0.0989068	0.080838
576.688	1142.24	10.0981	-1984.25	27.5992	4.05449	0.101555	0.107288
576.843	1142.9	10.1013	-1186.99	137.732	4.0564	0.105318	0.103835
577.031	1143.59	10.3918	334.53	208.481	4.05449	0.102616	0.0572619
577.255	1144.26	10.775	1391.57	331.663	4.06021	0.0979249	-0.00494245
577.458	1144.87	11.124	2204.4	312.629	4.05449	0.0994163	-0.0643373
577.679	1145.45	11.2879	1907.52	241.042	4.05449	0.102187	-0.0980501
577.925	1145.99	11.3385	747.53	28.078	4.07355	0.106773	-0.115746
578.184	1146.54	11.2858	111.869	-102.047	4.0564	0.109106	-0.11826
578.403	1147.1	11.1623	368.049	-63.5002	4.0583	0.114036	-0.109842
578.62	1147.63	10.9878	-183.815	-101.448	4.0583	0.120786	-0.0930213
578.953	1148.15	10.7915	-513.018	-125.989	4.05449	0.119467	-0.0718808
579.279	1148.66	10.5169	-242.473	-212.659	4.0583	0.119179	-0.0378295
579.614	1149.19	10.2285	-516.609	-235.045	4.06021	0.116984	-5.51399e-05
579.935	1149.71	9.98159	-643.502	-238.157	4.0564	0.116486	0.0332239
580.269	1150.26	9.7996	-151.493	-182.731	4.05449	0.113256	0.0582468
580.596	1150.79	9.6139	352.486	-119.884	4.0564	0.111409	0.0849199
580.851	1151.29	9.41382	123.84	-108.511	4.06021	0.118134	0.114863
581.084	1151.79	9.1898	895.97	-169.204	4.0564	0.125981	0.149598
581.331	1152.32	9.01155	1602.26	-238.397	4.05068	0.128562	0.178812
581.594	1152.94	8.92109	1250.31	-108.152	4.05258	0.123391	0.195927
581.886	1153.58	8.98813	1829.71	55.8507	4.04687	0.114406	0.189958
582.171	1154.18	9.05677	1704.01	0.903815	4.05449	0.110191	0.183348
582.481	1154.84	9.20577	2209.19	120.614	4.0564	0.0992881	0.164273
582.767	1155.48	9.40797	3390.73	177.716	4.05449	0.0908898	0.136323
583.041	1156.19	9.47023	2512.06	3.89656	4.06021	0.0794998	0.128151
583.273	1156.8	9.43457	1191.65	-32.3756	4.0564	0.0813966	0.134293
583.52	1157.33	9.38828	437.48	-44.3466	4.06021	0.0881547	0.142244
583.767	1157.9	9.3968	-11.4323	59.2026	4.06212	0.090563	0.142252
584.025	1158.43	9.42127	-86.8497	-0.0538696	4.05449	0.0961464	0.139815
584.277	1158.97	9.42074	-120.368	-52.4869	4.05449	0.100091	0.140982
584.515	1159.56	9.40105	-362.183	-24.2353	4.06212	0.101777	0.145025
584.719	1160.14	9.42659	-268.809	-13.7008	4.0564	0.106109	0.142403
584.937	1160.71	9.37551	-705.751	-15.0176	4.0564	0.110402	0.151121
585.144	1161.26	9.28718	-590.829	-28.904	4.05449	0.116306	0.165732
585.384	1161.78	9.29889	493.744	40.5279	4.05258	0.121718	0.165867
585.624	1162.38	9.40744	1619.02	76.9197	4.05449	0.119563	0.151406
585.872	1162.95	9.46863	1786.61	68.3006	4.0564	0.119177	0.143398
586.085	1163.5	9.42553	1469.38	-0.0538696	0	0.123495	0.150666
586.32	1164.08	9.45426	1328.12	-38.3611	4.0564	0.123407	0.147417
586.581	1164.69	9.19991	420.721	45.6754	4.05258	0.119597	0.186459
586.809	1165.24	9.15043	390.794	70.9342	4.0564	0.124035	0.196298
587.031	1165.78	9.6272	1518.46	90.3272	4.05449	0.128055	0.127494
587.259	1166.28	9.93795	1147.36	121.212	4.0583	0.135752	0.0807324
587.502	1166.96	9.94913	87.9271	15.269	4.06021	0.127679	0.0770435
587.768	1167.5	10.1556	749.924	64.7093	4.0583	0.128748	0.0439946
588.016	1168.02	9.01155	1937.45	233.501	4.05449	0.132389	0.212282
588.276	1168.63	9.32017	1605.85	186.694	4.0564	0.12883	0.169534
588.539	1169.25	10.3461	1627.4	89.4893	4.0583	0.12375	0.0173411
588.784	1169.83	10.7659	2034.41	65.5473	4.05449	0.123055	-0.0500965
588.978	1170.35	10.7308	1598.67	-4.36343	4.0564	0.132602	-0.051809
589.154	1170.87	10.5334	588.315	-47.9379	4.05449	0.142829	-0.028967
589.4	1171.41	10.3615	-570.478	-76.9077	4.0583	0.146605	-0.00877162
589.718	1171.94	10.196	-425.629	-106.476	4.06021	0.144151	0.0114972
590.037	1172.52	10.055	128.628	-106.596	4.06974	0.138255	0.0290874
590.278	1173.07	9.90283	526.066	-192.548	4.0564	0.141101	0.0491997
590.567	1173.62	9.69584	57.9995	-180.936	4.06212	0.141018	0.0784462
590.862	1174.15	9.52237	457.831	-128.263	4.05449	0.14146	0.103907
591.091	1174.71	9.39892	409.947	-98.5753	4.04687	0.144497	0.122905
591.355	1175.25	9.29782	134.614	-116.532	4.05258	0.146473	0.139291
591.626	1175.84	9.28558	635.002	-71.2814	4.05449	0.143557	0.142955
591.927	1176.46	9.28239	308.194	-13.4614	4.0564	0.136898	0.145335
592.211	1177.04	7.33645	693.66	5.4528	4.03162	0.133936	0.439146
592.499	1177.58	7.61475	595.498	-47.4591	4.02971	0.135515	0.410998
592.782	1178.19	8.71569	370.443	-61.8243	4.04496	0.130923	0.257783
593.033	1178.88	9.25685	749.924	32.3876	4.05068	0.122785	0.18193
593.263	1179.56	9.24674	1927.87	44.1192	4.05449	0.117198	0.18552
593.485	1180.21	9.36487	2842.46	41.725	4.0564	0.11408	0.169935
593.729	1180.85	9.38881	1578.32	-5.2014	4.0583	0.110452	0.167769
593.957	1181.41	9.47927	1426.29	179.99	4.0564	0.115434	0.155482
594.215	1182.11	9.27388	2331.29	289.166	4.0564	0.105663	0.187031
594.454	1182.74	7.83292	2106.24	62.9136	4.05068	0.103553	0.405147
594.699	1183.24	8.98228	2683.24	186.215	4.05449	0.110453	0.24336
594.916	1183.82	10.3775	3709.16	307.003	4.0564	0.112787	0.0378007
595.143	1184.45	10.8058	1917.1	71.7722	4.0564	0.110718	-0.031102
595.36	1185.03	10.7617	1692.04	41.1264	4.05449	0.113595	-0.0316973
595.6	1185.62	10.684	2071.52	47.2316	4.0564	0.113231	-0.0269992
595.835	1186.17	10.6116	467.408	-14.0599	4.06212	0.117841	-0.0226332
596.096	1186.66	10.5387	-684.203	-90.6744	4.0564	0.125307	-0.017753
596.341	1187.15	10.4312	-1161.85	-134.129	4.0564	0.133593	-0.00724726
596.576	1187.68	10.2524	-897.287	-105.758	4.05258	0.139477	0.0145985
596.791	1188.24	10.0066	-757.226	-153.043	4.0564	0.143467	0.0475743
597.056	1188.79	9.75437	-345.424	-215.293	4.06212	0.143689	0.0829828
597.375	1189.36	9.541	-357.394	-192.548	4.0564	0.138962	0.114078
597.69	1189.95	9.41063	48.4227	-136.643	4.0564	0.13281	0.134002
597.999	1190.54	9.39307	698.448	-19.9257	4.0564	0.126989	0.137787
598.324	1191.11	9.40158	19.6923	-13.1023	4.0564	0.123028	0.137766
598.615	1191.73	9.40584	1083.92	76.5606	4.0564	0.116903	0.138333
598.884	1192.34	9.49949	2642.54	126.839	4.0564	0.113504	0.125465
599.11	1192.89	9.64423	3740.28	123.128	4.05449	0.117271	0.104373
599.296	1193.42	9.76342	4369.96	81.9475	4.05449	0.124743	0.0862434
599.469	1193.99	6.69845	2722.75	-21.7214	4.04687	0.131004	0.545023
599.722	1194.6	7.02517	2016.46	-21.9608	4.0259	0.126652	0.51344
599.96	1195.19	9.18874	1706.41	16.4661	4.03162	0.126526	0.204368
600.169	1195.86	8.63268	913.927	-0.772128	4.04877	0.122971	0.290259
600.389	1196.5	7.26888	187.286	93.2003	4.0278	0.121366	0.500648
600.582	1197.15	7.25398	959.417	196.031	4.0278	0.121296	0.516885
600.778	1197.9	9.43936	949.84	83.2644	4.04496	0.112107	0.203168
600.957	1198.68	10.8048	399.173	136.655	4.0564	0.103053	-0.000663488
601.115	1199.39	11.1639	594.301	124.804	4.0564	0.102164	-0.0617537
601.271	1200.01	9.86718	-117.974	215.424	4.06593	0.108439	0.123391
601.39	1200.63	10.2418	-1043.33	211.234	4.05449	0.118118	0.065612
601.52	1201.25	11.19	-1050.52	8.20613	4.0564	0.126176	-0.0804577
601.664	1201.9	11.4869	-287.963	-11.546	4.0564	0.129003	-0.134521
601.832	1202.51	10.1423	-351.409	78.3562	4.0564	0.133317	0.0558696
602.12	1203.08	9.42021	-48.5424	75.1241	4.05068	0.131205	0.160942
602.374	1203.63	10.7063	-138.325	-23.1579	4.0564	0.132881	-0.0308814
602.607	1204.22	11.4454	-608.786	-57.0359	4.05449	0.13444	-0.14837
602.777	1204.85	11.4337	-152.69	-34.4107	4.05068	0.136264	-0.157672
603.034	1205.4	11.2177	631.411	65.7867	4.0564	0.138043	-0.136254
603.378	1205.91	10.9958	2034.41	110.558	4.0583	0.134696	-0.112661
603.656	1206.49	11.0682	4111.38	76.9197	4.05449	0.129949	-0.131876
603.923	1207	11.0373	5268.98	-138.678	4.0583	0.132083	-0.136041
604.212	1207.59	10.8202	4336.44	-246.537	4.05449	0.125949	-0.112085
604.558	1208.15	10.6393	2604.23	-170.76	4.05258	0.119284	-0.0922533
604.875	1208.76	10.5972	1611.84	-111.983	4.0583	0.111267	-0.0921687
605.211	1209.27	10.6105	1378.4	-13.7008	4.0564	0.111444	-0.100133
605.557	1209.74	10.5345	451.846	-48.1773	4.05258	0.114366	-0.0947671
605.954	1210.26	10.3594	-803.913	-161.543	4.06212	0.109214	-0.0740994
606.314	1210.78	10.1072	-1323.45	-216.609	4.05068	0.107944	-0.0408077
606.68	1211.31	9.8294	-416.052	-171.838	4.0564	0.104939	-0.00217146
607.092	1211.76	9.54472	293.828	-207.392	4.0564	0.103966	0.0391692
607.548	1212.28	9.28079	157.359	-261.98	4.0564	0.0941066	0.0791049
607.937	1212.76	9.0025	-252.05	-260.064	4.0583	0.0929727	0.122779
608.289	1213.26	8.73485	-671.035	-249.769	0	0.0946736	0.166527
608.542	1213.83	8.5369	-509.426	-226.186	4.0564	0.097219	0.201424
608.847	1214.4	8.41026	-119.171	-109.349	4.0583	0.0953998	0.226814
609.12	1214.99	8.35758	619.44	-6.75763	4.0564	0.0942751	0.24187
609.363	1215.54	8.39163	38.8459	17.5435	4.0564	0.0988179	0.244231
609.643	1216.14	8.38631	114.263	25.0852	4.04687	0.0957209	0.252294
609.973	1216.73	8.38578	1350.87	49.6258	4.0564	0.0886881	0.259671
610.23	1217.33	8.45974	2428.26	71.4131	4.05449	0.0875668	0.255876
610.447	1217.9	8.55074	2723.94	61.4771	4.0564	0.0903551	0.249084
610.649	1218.45	8.63321	1332.91	-31.4179	4.05449	0.0973911	0.243023
610.89	1219.11	8.68536	743.938	25.0852	4.05449	0.0925918	0.241016
611.146	1219.69	8.79125	1257.49	83.8629	4.05449	0.0917721	0.230635
611.389	1220.28	8.87053	102.292	36.338	4.04687	0.0930157	0.22361
611.593	1220.84	8.92109	-570.478	29.1554	4.04687	0.099813	0.220419
611.833	1221.45	9.04613	1859.64	179.751	4.0564	0.0973042	0.205751
612.074	1222.04	9.26855	2090.68	233.261	4.0564	0.0966811	0.175725
612.306	1222.61	9.19619	2166.09	239.366	4.0564	0.0981965	0.188584
612.538	1223.13	9.65647	2672.47	246.429	4.0583	0.104108	0.12198
612.802	1223.69	10.0284	476.985	54.8931	4.06783	0.103968	0.0658637
613.051	1224.27	10.0912	-198.18	5.5725	4.06021	0.104588	0.0538897
613.286	1224.83	9.94327	-542.945	-53.3249	4.06212	0.108515	0.0731466
613.505	1225.36	9.60432	35.2546	-20.1652	4.0583	0.114652	0.121945
613.713	1225.82	9.6687	178.907	38.0139	4.06021	0.126973	0.112276
613.961	1226.43	9.86612	-818.278	-61.7046	4.0564	0.124464	0.0822666
614.206	1227	9.89432	-1333.03	-55.9585	4.0564	0.126282	0.0764544
614.451	1227.59	9.9023	-1256.42	57.7661	4.05449	0.125712	0.0735062
614.657	1228.13	9.96456	-110.792	29.6342	4.0564	0.132336	0.0623685
614.879	1228.66	9.98159	-546.536	-13.9402	4.05258	0.138146	0.057642
615.107	1229.18	9.96615	-360.986	20.4166	4.0564	0.143827	0.0576822
615.338	1229.71	9.98744	850.48	76.9197	4.06783	0.147473	0.0523071
615.556	1230.27	10.0023	532.051	42.4432	4.05449	0.150475	0.0477626
615.814	1230.88	10.0183	838.509	-21.0031	4.0583	0.145216	0.0429688
616.092	1231.46	10.054	2471.35	-4.72256	4.0564	0.141501	0.0351263
616.375	1231.94	10.0013	3281.79	132.345	4.0583	0.144296	0.0385124
616.639	1232.48	9.99542	2386.36	85.4191	4.05449	0.144562	0.0342718
616.916	1233.08	9.98372	1186.87	-116.891	4.0583	0.139727	0.0303103
617.223	1233.71	9.9188	784.64	-157.114	4.05449	0.131741	0.033743
617.503	1234.2	9.69318	694.857	-151.008	4.0564	0.136758	0.0609882
617.752	1234.71	9.56813	217.214	-111.863	4.0564	0.142856	0.073796
618.021	1235.24	9.47714	-214.939	-114.616	4.0564	0.145987	0.0815158
618.275	1235.84	9.3803	117.855	-85.886	4.04496	0.144224	0.0899065
618.546	1236.48	9.34145	795.414	-6.63792	4.0564	0.137479	0.0894001
618.851	1237.06	9.38402	802.596	-0.65242	4.0564	0.133002	0.0761137
619.099	1237.59	9.36434	1431.07	9.28352	4.0564	0.137184	0.0710848
619.347	1238.12	9.32815	3030.4	56.2099	4.0583	0.140725	0.0677995
619.6	1238.63	9.29144	2800.56	-5.56053	4.05449	0.14458	0.0639377
619.93	1239.15	9.22333	1158.14	-84.0903	4.06212	0.142522	0.0641082
620.214	1239.73	9.14032	674.506	-112.821	4.0583	0.14018	0.0660012
620.49	1240.3	9.03815	674.506	-131.256	4.05449	0.138867	0.0703208
620.793	1240.86	8.93332	694.857	-105.997	4.0583	0.136322	0.0746835
621.118	1241.42	8.85404	1985.33	-24.5944	4.05449	0.132079	0.074851
621.374	1241.99	8.7971	2217.57	-25.0733	4.06021	0.132183	0.0711254
621.592	1242.54	8.62576	911.532	-146.34	4.0583	0.138008	0.0838616
621.843	1243.1	8.49114	927.095	-134.967	4.05449	0.139376	0.0910535
622.128	1243.67	8.40121	862.451	-85.1677	4.0583	0.137937	0.09126
622.387	1244.21	8.29373	512.898	-69.8449	4.0583	0.140237	0.093528
622.649	1244.7	8.2453	839.706	-72.5982	4.04687	0.147232	0.0864446
622.931	1245.24	8.25116	504.518	-68.528	4.0564	0.147481	0.0703503
623.223	1245.85	8.232	1523.25	2.22062	4.05449	0.140565	0.0567878
623.529	1246.46	8.23626	1924.28	64.829	4.05449	0.13329	0.0386202
623.821	1247.06	8.29798	2593.46	85.06	4.0564	0.128408	0.0105749
624.09	1247.55	8.32618	3339.25	38.2534	4.0564	0.133564	-0.014068
624.363	1248.04	8.28734	2322.91	-90.6744	4.0583	0.138002	-0.0293125
624.699	1248.57	8.19848	1462.2	-104.202	4.0564	0.135283	-0.0364646
624.988	1249.09	8.17081	1001.32	-21.2426	4.0583	0.137331	-0.0529669
625.269	1249.62	8.06172	718.799	-67.4506	4.05449	0.139268	-0.0577955
625.565	1250.2	7.92444	1026.45	-160.465	4.0564	0.135082	-0.0584439
625.969	1250.71	7.80631	1499.31	-67.6901	4.0564	0.128544	-0.0618464
626.303	1251.19	7.76374	1336.5	-29.1434	4.04877	0.130425	-0.0765783
626.672	1251.71	7.71851	939.066	-55.9585	4.05068	0.126684	-0.0913604
627.059	1252.23	7.6073	-355	-164.296	4.05258	0.122187	-0.096678
627.454	1252.78	7.32102	-1124.74	-231.214	4.0564	0.115112	-0.0757731
627.781	1253.31	7.02996	38.8459	-191.949	4.05449	0.115479	-0.0531364
628.122	1253.81	6.80487	359.669	-217.088	4.0564	0.115906	-0.0393553
628.429	1254.27	6.59416	-462.739	-196.139	4.06402	0.122628	-0.027083
628.773	1254.74	6.42016	-478.302	-174.471	4.0564	0.125855	-0.019758
629.129	1255.24	6.27489	-492.667	-104.561	4.05068	0.124915	-0.0164036
629.486	1255.74	6.13228	-266.415	-80.2596	4.0564	0.123583	-0.0132812
629.802	1256.26	5.96307	372.837	-155.916	4.06021	0.123694	-0.00601668
630.153	1256.75	5.77364	656.55	-192.189	4.0583	0.123576	0.00459171
630.485	1257.21	5.61773	78.3502	-125.031	4.06212	0.127649	0.0106038
630.776	1257.72	5.48736	204.046	-91.1532	4.06021	0.130369	0.013016
631.101	1258.17	5.41393	1176.09	-43.0298	4.06212	0.13474	0.00696531
631.487	1258.72	5.42351	2028.43	-1.6101	4.05258	0.125294	-0.0118006
631.84	1259.24	5.37349	2989.7	22.9305	4.06021	0.120659	-0.0223888
632.152	1259.75	5.38467	2703.59	-16.4542	4.0583	0.120867	-0.0425601
632.472	1260.27	5.42511	2199.61	-17.2921	4.0564	0.120067	-0.0678932
632.888	1260.75	5.47779	1742.32	4.73453	4.0564	0.114613	-0.0960087
633.267	1261.19	5.44639	697.251	-79.6611	4.05449	0.116269	-0.112534
633.642	1261.67	5.28463	731.967	-127.425	4.0564	0.115295	-0.11002
634.079	1262.17	5.01644	341.712	-187.041	4.0564	0.107997	-0.0912762
634.442	1262.67	4.80094	550.008	-147.297	4.0564	0.106938	-0.0795297
634.795	1263.15	4.64343	1107.86	-124.313	4.0564	0.107786	-0.0758947
635.183	1263.59	4.47262	524.869	-199.85	4.0564	0.109324	-0.0700238
635.596	1263.98	4.2651	170.527	-194.343	4.0564	0.112324	-0.0583248
636.081	1264.39	4.07993	-528.58	-137.361	4.06593	0.108881	-0.0494376
636.483	1264.83	3.91816	-750.044	-92.7095	4.06212	0.109944	-0.0436556
636.873	1265.3	3.76332	435.086	-149.931	4.0583	0.108162	-0.038645
637.209	1265.8	3.58027	121.446	-181.295	4.0564	0.108617	-0.0291794
637.502	1266.29	3.34614	311.785	-188.358	4.05258	0.113186	-0.0116577
637.818	1266.75	3.14181	937.869	-170.76	4.06021	0.118406	0.00209477
638.19	1267.19	3.01304	958.219	-168.725	4.06021	0.119647	0.00503493
638.528	1267.63	2.88693	467.408	-129.939	4.0564	0.123611	0.00764402
638.919	1268.09	2.80764	491.35	-111.025	4.0564	0.121177	0.0032816
639.308	1268.59	2.73634	312.982	-108.511	4.06021	0.117174	-0.00250676
639.73	1269.1	2.71665	-91.6381	-29.0237	4.06212	0.110024	-0.016314
640.144	1269.61	2.69963	-35.3743	19.6983	4.0583	0.103134	-0.0311066
640.538	1270.14	2.62673	518.883	20.2968	4.05449	0.0975967	-0.0381206
640.887	1270.6	2.52296	1529.24	-25.6718	4.06593	0.100374	-0.0407723
641.251	1271.07	2.55755	2222.36	-22.6791	4.0564	0.100207	-0.0642582
641.589	1271.55	2.67728	2278.62	128.994	4.06593	0.100783	-0.101427
642.012	1272.01	2.79328	1532.83	39.0913	4.06783	0.097443	-0.139459
642.409	1272.51	2.74698	-206.56	-211.941	4.06212	0.0934934	-0.154548
642.809	1272.99	2.50008	-1240.85	-159.747	4.0583	0.0924866	-0.139972
643.263	1273.39	2.22285	-595.618	-122.038	4.06212	0.092575	-0.119989
643.694	1273.78	2.02118	194.469	-185.245	4.0583	0.0944201	-0.108222
644.092	1274.19	1.85836	-337.044	-184.048	4.06212	0.097614	-0.101161
644.505	1274.63	1.66999	-633.925	-144.783	4.05258	0.0974238	-0.0893571
644.932	1275.07	1.43373	-326.27	-158.311	4.05449	0.0957622	-0.069281
645.328	1275.53	1.22142	-29.3889	-189.196	4.0564	0.0951367	-0.0513967
645.853	1275.96	1.07455	308.194	-112.581	4.0564	0.0858909	-0.0420497
646.323	1276.38	0.99314	435.086	-94.146	4.0564	0.0826776	-0.0416088
646.776	1276.79	0.923434	710.419	-97.4979	4.06212	0.0811524	-0.0423812
647.231	1277.2	0.82925	225.594	-65.0564	4.0564	0.0807378	-0.0389858
647.623	1277.63	0.735598	152.57	-78.3443	4.0583	0.0828283	-0.035003
648.024	1278.07	0.655249	103.489	-113.419	4.0583	0.0835425	-0.0323278
648.453	1278.55	0.521689	-175.435	-95.1037	4.06212	0.0787711	-0.0210391
648.87	1278.98	0.359926	-79.6671	-110.905	4.06212	0.0784984	-0.00454489
649.281	1279.38	0.186458	171.724	-139.396	4.0583	0.0819926	0.0148735
649.69	1279.83	0.0677965	494.941	-97.019	4.06783	0.0802056	0.0273332
650.027	1280.2	0.0369339	511.701	-23.2776	4.06783	0.0909861	0.0275806
650.396	1280.67	0.0454477	576.344	-16.8133	4.0564	0.0908261	0.0223762
650.742	1281.13	0.0470441	371.64	-15.4965	4.06212	0.0929123	0.0184517
651.104	1281.6	0.0486404	170.527	-46.3817	4.06593	0.0926914	0.0148349
651.548	1282.07	0.037466	-246.064	-62.6622	4.06021	0.0867878	0.0134654
652.031	1282.54	0.0294844	-1154.66	-56.3176	4.0583	0.078131	0.0120491
652.469	1283	0.0103283	-1577.24	-37.7626	4.06021	0.0757739	0.0127459
652.906	1283.41	0.0411908	-1493.44	26.8809	4.0583	0.0763849	0.00646792
653.325	1283.84	0.102384	-1647.87	93.0806	4.06212	0.0778327	-0.00410792
653.705	1284.23	0.145485	-1086.43	58.4844	4.06212	0.0842392	-0.0118763
654.132	1284.65	0.199228	-82.0612	83.7432	4.0583	0.0840701	-0.0210149
654.512	1285.07	0.295541	102.292	135.697	4.0583	0.0868096	-0.0363526
654.924	1285.52	0.349284	-15.0236	47.3513	4.06212	0.0854771	-0.0453503
655.318	1285.94	0.341834	208.834	-52.6066	4.06974	0.0871967	-0.0449349
655.766	1286.36	0.347688	44.8314	-30.9391	4.06021	0.0845203	-0.0471393
656.186	1286.76	0.382807	-453.163	59.3223	4.06593	0.0866534	-0.0544934
656.584	1287.14	0.394514	-677.02	12.0368	4.07546	0.0915909	-0.0585462
656.976	1287.52	0.356201	-827.855	-59.3104	4.0564	0.0974649	-0.0551664
657.432	1287.87	0.302458	-1087.63	-25.4324	4.06402	0.0998073	-0.0492421
657.89	1288.24	0.259357	-757.226	1.86149	4.0564	0.0998023	-0.0445917
658.408	1288.64	0.179008	227.988	29.7539	4.06593	0.0931869	-0.0340955
658.942	1289.07	0.0427872	771.472	-44.4663	4.0583	0.0819453	-0.0147364
659.427	1289.48	-0.0774703	1134.19	-102.765	4.0564	0.0776078	0.00304546
659.841	1289.85	-0.150902	1386.78	-73.1967	4.0583	0.0821427	0.014525
660.223	1290.27	-0.158884	1507.69	-62.5425	4.06212	0.0847671	0.0166277
660.607	1290.7	-0.114186	995.33	-47.9379	4.06212	0.0861447	0.0108764
661.065	1291.13	-0.0434151	-201.771	-29.0237	4.06021	0.0824588	0.000945829
661.504	1291.58	-0.0130846	-1069.67	7.00903	4.06212	0.0802908	-0.00334324
661.931	1292.02	-0.0450114	-1000.24	4.85424	4.06593	0.0785758	0.00152428
662.376	1292.43	-0.0785345	-532.171	-27.3478	4.06593	0.0781962	0.00682281
662.77	1292.84	-0.0269196	-633.925	4.61482	4.06783	0.082303	-0.000448221
663.101	1293.25	0.0481083	-1171.42	50.4638	4.06593	0.0912678	-0.0115409
663.398	1293.66	0.0725855	-1534.14	26.8809	4.06974	0.102424	-0.0155011
663.837	1294.09	0.0789708	-939.185	16.2267	4.06212	0.099378	-0.0168944
664.264	1294.51	0.0731176	-623.151	47.8302	4.06212	0.0975356	-0.0164903
664.676	1294.96	0.0528973	-632.728	3.77686	4.0564	0.0960819	-0.0138959
665.059	1295.41	0.065668	-619.56	-24.1156	4.06212	0.0964404	-0.0161289
665.522	1295.87	0.0795029	-857.783	2.34033	4.0564	0.0896518	-0.0185982
665.938	1296.31	0.0874846	-665.049	1.26294	4.0564	0.0889406	-0.0202724
666.313	1296.67	0.0651359	-566.887	65.9064	4.0564	0.0981329	-0.017445
666.696	1297.08	0.0544936	-46.1482	10.4806	4.06021	0.101132	-0.0162395
667.118	1297.57	0.0789708	432.692	-36.4457	4.06021	0.0945687	-0.0202381
667.499	1297.96	0.0800351	-316.693	33.465	4.06021	0.0999205	-0.0208715
667.884	1298.4	0.0539615	469.802	-9.75039	4.0564	0.100126	-0.0174407
668.258	1298.76	0.0715213	666.127	6.05135	4.06021	0.107648	-0.0203984
668.642	1299.12	0.140164	85.5329	58.6041	4.0583	0.114728	-0.0311239
669.134	1299.51	0.264146	287.843	54.4142	4.06974	0.109917	-0.0505622
669.575	1299.87	0.362055	-260.429	81.9475	4.06974	0.112006	-0.0668334
669.989	1300.29	0.376954	-123.96	69.7371	4.06021	0.111638	-0.0712406
670.42	1300.69	0.274788	851.677	28.916	4.06974	0.110912	-0.0581775
670.944	1301.14	0.130586	1470.58	-95.4628	4.0564	0.0988361	-0.0381959
671.451	1301.55	-0.00137817	1429.88	-178.302	4.0564	0.0922214	-0.0191848
671.899	1301.98	-0.0737455	1038.43	-73.3164	4.06021	0.0893243	-0.00832142
672.318	1302.39	-0.1227	681.689	-35.4881	4.06212	0.0905837	-0.000535795
672.763	1302.78	-0.148773	607.469	-74.9924	4.06212	0.0911907	0.00411143
673.123	1303.18	-0.178572	43.6343	-47.5788	4.06212	0.0982921	0.00947382
673.518	1303.6	-0.206774	-97.6236	-50.4518	4.06212	0.100727	0.0147755
673.931	1304.02	-0.200388	50.8169	-33.6924	4.06212	0.101017	0.0150584
674.395	1304.45	-0.174847	-688.991	3.1783	4.05258	0.0965098	0.0124295
674.802	1304.89	-0.176443	-1013.41	19.818	4.0583	0.0970257	0.013718
675.213	1305.29	-0.20092	-722.51	18.5012	4.06212	0.100177	0.0184483
675.6	1305.67	-0.217416	-344.226	-16.4542	4.0564	0.105985	0.0221281
675.941	1306.04	-0.228058	-304.722	-18.4892	4.06212	0.11554	0.0250289
676.224	1306.46	-0.233911	-181.421	3.89656	4.0583	0.125448	0.0272753
676.603	1306.93	-0.214223	170.527	16.8253	4.06212	0.122859	0.0257255
677.065	1307.42	-0.135471	230.382	46.0345	4.06402	0.112814	0.015198
677.479	1307.9	-0.0732134	25.6778	73.927	4.06212	0.108099	0.00667221
677.906	1308.36	-0.0253232	696.054	92.3623	4.06021	0.103545	-7.2028e-05
678.336	1308.76	0.0768424	1281.44	89.1301	4.06021	0.103798	-0.0152449
678.746	1309.15	0.181669	1292.21	109.361	4.06974	0.106115	-0.0314299
679.158	1309.57	0.222109	1249.11	5.21337	4.0583	0.106186	-0.038586
679.536	1310.03	0.222109	406.356	-112.342	4.06402	0.106599	-0.0399187
679.929	1310.47	0.213063	-417.25	12.396	4.05449	0.106944	-0.0398944
680.33	1310.91	0.226366	-171.844	72.3707	4.06021	0.106788	-0.0431682
680.789	1311.34	0.277981	694.857	39.0913	4.0564	0.10289	-0.0522687
681.162	1311.75	0.324275	475.788	29.3948	4.06212	0.107581	-0.0608806
681.637	1312.16	0.274788	188.484	-18.4892	4.06212	0.10367	-0.0554033
682.091	1312.56	0.194439	429.101	-30.8194	4.06212	0.10248	-0.0449997
682.462	1312.98	0.120476	680.492	-35.1289	4.0564	0.105705	-0.0350718
682.908	1313.4	0.0651359	438.678	-89.9561	0	0.103239	-0.0274937
683.355	1313.85	0.0305486	186.089	-90.0759	4.06593	0.0987913	-0.0226964
683.852	1314.27	0.023099	-168.253	-44.1072	4.06593	0.0934466	-0.0217622
684.338	1314.68	-0.01947	-979.887	-10.3489	4.06783	0.0901381	-0.0155155
684.809	1315.05	-0.062039	-491.47	-7.23648	4.06021	0.091945	-0.00901331
685.245	1315.42	-0.0748097	-202.968	-29.6223	4.0564	0.0954439	-0.00672547
685.652	1315.81	-0.110461	-698.568	-11.9052	4.0564	0.099338	-0.000928877
686.089	1316.27	-0.162076	-84.4555	-29.0237	4.0564	0.0946061	0.00747613
686.516	1316.67	-0.177507	123.84	-53.9234	4.06212	0.0962302	0.0107633
686.976	1317.12	-0.19826	-375.351	-19.806	4.0583	0.0915497	0.0149412
687.41	1317.55	-0.253067	-220.925	-13.7008	4.0583	0.0902985	0.0243519
687.824	1317.95	-0.298297	539.234	-7.83502	4.0583	0.0924015	0.0326547
688.211	1318.42	-0.3116	541.628	11.558	4.0564	0.0910915	0.0364399
688.58	1318.8	-0.330756	378.823	-43.5086	4.06212	0.0982139	0.0411829
688.905	1319.2	-0.341398	393.188	-67.6901	4.05258	0.107254	0.0447638
689.266	1319.67	-0.269563	293.828	28.4371	4.0583	0.106671	0.0360369
689.657	1320.19	-0.11525	-266.415	106.249	4.06212	0.100331	0.0145074
690.068	1320.64	0.0427872	-377.745	118.818	4.06021	0.0992587	-0.00850672
690.505	1321.07	0.129522	-85.6526	111.636	4.06593	0.096969	-0.0217736
690.97	1321.45	0.171026	102.292	78.476	4.06593	0.0962443	-0.0287765
691.41	1321.86	0.218916	-232.896	14.7902	4.0583	0.0962057	-0.0369861
691.818	1322.28	0.227962	-827.855	-25.7915	4.05449	0.097974	-0.0396565
692.2	1322.7	0.206146	-556.113	38.7322	4.0564	0.101233	-0.0377518
692.594	1323.14	0.188586	-111.989	19.6983	4.0564	0.10133	-0.0363547
693.057	1323.58	0.202953	544.022	-11.4263	4.07355	0.0955034	-0.0396413
693.485	1324	0.200825	662.535	83.0249	4.06021	0.0946499	-0.0405397
693.878	1324.39	0.134843	735.559	-43.2692	4.0583	0.0994274	-0.0318474
694.294	1324.75	0.065668	787.034	-190.153	4.06212	0.103788	-0.0222802
694.759	1325.13	-0.0689565	-332.255	-147.178	4.05449	0.103402	-0.00248058
695.139	1325.54	-0.161012	-899.681	-72.7179	4.05449	0.107225	0.0117415
695.555	1325.97	-0.15037	-987.07	-26.1507	4.06021	0.106646	0.0111112
696.027	1326.4	-0.0918373	-1589.21	28.7963	0	0.102625	0.00323358
696.5	1326.81	-0.066828	-1335.43	52.2594	4.06593	0.0996266	3.32044e-05
697.044	1327.21	-0.0588463	-649.487	29.8737	4.06212	0.0923362	-0.00076308
697.563	1327.63	-0.0503325	-109.595	69.2583	4.06593	0.0847379	-0.00168707
698.007	1328.08	-0.0556537	528.46	104.094	4.06593	0.0811739	-0.000586908
698.41	1328.49	-0.0471399	1579.51	13.1142	4.06212	0.0838922	-0.00153006
698.762	1328.92	-0.0444793	1733.94	-27.4675	4.0583	0.0879068	-0.0016463
699.136	1329.35	-0.0364976	1425.09	7.96671	4.06783	0.0910747	-0.00257668
699.58	1329.77	0.0209706	1577.12	13.1142	4.06974	0.0878987	-0.0109779
700.026	1330.21	0.0906773	927.095	7.96671	4.0564	0.0839562	-0.0215598
700.44	1330.63	0.122604	-26.9946	-6.51821	4.0564	0.084956	-0.0268928
700.826	1331.05	0.11143	-176.632	9.40323	4.06212	0.0889027	-0.0259523
701.259	1331.44	0.105044	1.73579	-11.546	4.06974	0.0902484	-0.0256631
701.643	1331.82	0.0880167	-198.18	-14.2994	4.06212	0.0959886	-0.0237392
701.975	1332.22	0.0779066	-1356.97	-44.4663	4.0583	0.105182	-0.0227508
702.248	1332.65	0.0161815	-1688.57	-85.5269	4.05449	0.116137	-0.0139595
702.642	1333.12	-0.0311765	-1007.42	-33.2136	4.06021	0.11374	-0.00695285
703.133	1333.58	-0.0455435	-836.235	28.1977	4.06021	0.103539	-0.00461074
703.6	1333.98	0.0124568	-683.006	36.338	4.06212	0.101566	-0.0130375
704.092	1334.37	0.0598148	-483.09	52.9777	4.06212	0.0982342	-0.020216
704.542	1334.77	0.0241632	-341.832	46.7528	4.0564	0.0979688	-0.0152271
704.91	1335.18	-0.0859841	348.895	-84.5692	4.06212	0.102532	0.00115
705.288	1335.59	-0.100883	395.582	-84.2101	4.06212	0.106293	0.00390078
705.652	1336.03	-0.0301123	-758.423	46.0345	4.06021	0.109154	-0.00610957
706.045	1336.47	0.0475762	-1113.96	38.4928	4.0564	0.110082	-0.0175822
706.49	1336.9	0.0677965	-595.618	45.7951	4.0564	0.106312	-0.0209007
706.893	1337.34	0.109833	-52.1337	93.4397	4.06212	0.106065	-0.027613
707.331	1337.76	0.164641	442.269	86.1374	4.05258	0.104053	-0.0364931
707.732	1338.14	0.208806	681.689	48.5484	4.05258	0.10847	-0.0441058
708.136	1338.52	0.160916	934.277	-32.7347	4.0564	0.111648	-0.0381751
708.594	1338.97	0.104512	1150.95	-49.3744	4.06021	0.105084	-0.03068
709.087	1339.39	0.0720534	530.854	-21.1228	4.05449	0.0987232	-0.0264382
709.536	1339.8	0.01831	710.419	-35.7275	4.06974	0.0973741	-0.018809
710.05	1340.25	-0.029048	1243.13	-50.2124	4.0583	0.0875722	-0.0118152
710.482	1340.65	-0.0503325	1133	-36.8049	4.0583	0.0879747	-0.00844824
710.911	1341.02	-0.0492683	772.669	-19.6863	4.06212	0.092082	-0.00830588
711.357	1341.41	-0.0396903	-53.3308	-15.1373	0	0.0931984	-0.00944697
711.729	1341.84	-0.0466077	2.9329	-11.4263	4.06593	0.0967016	-0.00817121
712.138	1342.29	-0.0396903	304.602	12.5157	4.06212	0.0952439	-0.00892918
712.551	1342.73	-0.0870483	-159.873	-17.6513	4.06212	0.0942484	-0.00158734
712.981	1343.15	-0.205177	249.536	-120.123	4.06974	0.0930945	0.0166543
713.432	1343.56	-0.295104	521.278	-110.905	4.0583	0.0913192	0.0313744
713.831	1343.93	-0.280737	-462.739	-19.4469	4.0583	0.0977982	0.03099
714.222	1344.33	-0.243489	-1816.66	-10.9475	4.06021	0.102796	0.0270872
714.588	1344.72	-0.264774	-1979.47	13.2339	4.06212	0.110544	0.0317408
714.92	1345.11	-0.279141	-717.722	2.22062	4.0564	0.119157	0.0354845
715.223	1345.56	-0.2536	-915.243	-19.4469	4.0564	0.125561	0.0333282
715.652	1346.05	-0.184957	-644.699	111.037	4.0564	0.117397	0.0245534
716.13	1346.52	-0.0732134	425.51	127.078	4.0564	0.107747	0.00890159
716.58	1346.93	0.0470441	521.278	96.9113	4.0564	0.105596	-0.00869774
717.008	1347.36	0.212531	933.08	172.089	4.06593	0.103873	-0.0338031
717.421	1347.76	0.404092	1510.08	177.835	0	0.10541	-0.0638123
717.806	1348.14	0.530202	1372.42	118.339	4.06212	0.110278	-0.0851535
718.242	1348.57	0.556276	322.559	-23.0382	4.06021	0.107812	-0.0922457
718.629	1349.02	0.405156	-129.945	-97.019	4.0564	0.108041	-0.0729154
719.048	1349.47	0.1971	1091.1	-125.271	4.0564	0.104677	-0.0441379
719.477	1349.93	0.133778	1480.16	-68.1689	4.06212	0.10032	-0.0358223
719.938	1350.33	0.160384	1453.82	34.7818	4.0583	0.0980461	-0.0406158
720.308	1350.7	0.179008	1330.52	-70.6828	4.0564	0.105939	-0.0443717
720.734	1351.06	0.170494	-776.38	-135.566	4.0564	0.110679	-0.0441687
721.154	1351.41	0.107173	-1900.46	-68.6478	4.06021	0.116493	-0.0356934
721.631	1351.79	0.0507689	-740.467	68.1809	4.0583	0.115357	-0.0278759
722.06	1352.21	-0.0237269	99.8981	-8.673	4.0564	0.113231	-0.0170061
722.47	1352.67	-0.123764	305.799	-140.115	4.0583	0.110836	-0.0018582
722.967	1353.08	-0.214755	496.138	-84.2101	4.0564	0.104914	0.0125331
723.482	1353.49	-0.238168	0.538696	-31.2982	4.0564	0.0978891	0.0173335
723.962	1353.9	-0.167929	-580.055	42.3235	4.06974	0.0951137	0.00822672
724.377	1354.28	-0.131214	-234.093	33.1058	4.06212	0.100131	0.00372694
724.781	1354.71	-0.162076	184.892	-2.08894	4.06783	0.101072	0.0091436
725.246	1355.19	-0.174847	41.2401	17.7829	4.06593	0.092817	0.0120317
725.678	1355.63	-0.161544	158.556	22.5713	4.06974	0.0907147	0.0110853
726.122	1356.08	-0.146645	866.043	61.2377	4.06974	0.0867678	0.00981971
726.543	1356.51	-0.144516	1361.64	51.9003	4.07546	0.0862539	0.0103803
726.974	1356.93	-0.139727	1283.83	-23.8762	4.06212	0.0858224	0.0105291
727.331	1357.33	-0.124828	509.307	-48.1773	4.0564	0.0931375	0.00913255
727.644	1357.78	-0.10248	-325.073	-53.8037	4.06212	0.0994452	0.00652921
727.996	1358.23	-0.0386261	-773.986	1.14323	4.0564	0.10289	-0.00243394
728.398	1358.65	0.0502368	-1372.54	71.5328	4.0583	0.104748	-0.0155316
728.883	1359.11	0.0826956	-1274.37	64.3502	4.06212	0.0960396	-0.0207019
729.303	1359.63	0.0603469	-412.461	19.3392	4.0564	0.0888311	-0.0178457
729.738	1360.1	0.0544937	1.7358	-12.0249	4.06021	0.0839385	-0.0173298
730.193	1360.52	0.0731176	-811.096	-12.8628	4.06212	0.0831192	-0.0204504
730.578	1360.92	0.114622	-1505.41	5.09366	4.06021	0.0892674	-0.0271148
730.972	1361.35	0.164109	-1291.13	31.0708	4.06593	0.0920675	-0.0352255
731.401	1361.78	0.170494	-1136.71	59.9209	4.06021	0.0908798	-0.037168
731.783	1362.2	0.0949342	-557.31	23.7684	4.06212	0.0948008	-0.0268569
732.203	1362.61	0.0140531	791.822	-69.0069	4.06593	0.0945904	-0.0152944
732.609	1363.01	-0.0173416	742.741	-52.1278	4.0583	0.0970785	-0.0106695
733.023	1363.39	-0.0152131	363.26	30.1131	4.0583	0.0996428	-0.0108847
733.505	1363.78	0.00287873	992.935	39.6899	4.0564	0.0965701	-0.0135072
733.902	1364.16	0.0145852	990.541	-16.095	4.06021	0.100616	-0.0152804
734.316	1364.55	-0.00882775	794.217	-58.233	4.06212	0.102816	-0.011856
734.76	1364.95	-0.0588463	154.965	-78.3443	4.0564	0.101862	-0.00430025
735.306	1365.36	-0.0960942	-413.658	-32.2559	4.06212	0.0920633	0.00164001
735.836	1365.75	-0.113654	-444.783	-3.28604	4.06212	0.0860297	0.00485054
736.294	1366.17	-0.122168	-283.174	-29.0237	4.06593	0.0841755	0.00680953
736.725	1366.59	-0.116314	-353.803	-13.1023	4.0564	0.0846151	0.00666455
737.125	1367	-0.0987548	-661.458	-1.72981	4.05449	0.0883046	0.00472848
737.54	1367.4	-0.109397	-472.316	14.0719	0	0.090578	0.00691735
737.942	1367.82	-0.119507	-235.29	8.32584	4.06593	0.092484	0.00909025
738.356	1368.24	-0.115782	-65.3018	12.396	4.06593	0.0930695	0.00924857
738.809	1368.69	-0.0833235	413.538	62.6742	4.0583	0.0875242	0.00507444
739.224	1369.12	-0.0434151	558.388	68.3006	4.06783	0.0871464	-0.000411888
739.635	1369.54	-0.0178737	992.935	-11.3066	4.06021	0.0876722	-0.00398261
740.013	1369.93	0.032677	539.234	-26.7492	4.06021	0.0928611	-0.011458
740.355	1370.34	0.0810993	-445.98	26.7612	4.06212	0.10013	-0.0189174
740.662	1370.76	0.127393	-588.435	35.7394	4.06212	0.108803	-0.026348
741.011	1371.18	0.193375	-1088.82	37.4154	4.0564	0.113649	-0.0370097
741.436	1371.61	0.222641	-1178.61	31.789	4.0564	0.11233	-0.0425599
741.888	1372.05	0.18965	-703.357	-6.15908	4.05449	0.107591	-0.0389471
742.406	1372.49	0.153467	-143.113	-12.1446	4.0583	0.09723	-0.0346574
742.864	1372.95	0.0991911	222.002	-5.08169	4.06021	0.0910765	-0.0274369
743.254	1373.4	0.0215027	753.515	-41.9524	4.06212	0.0912276	-0.0163788
743.617	1373.79	-0.0556537	785.837	-75.8304	4.0564	0.0983638	-0.00493435
744.046	1374.24	-0.0274517	29.2691	-26.7492	4.0564	0.0952751	-0.00883072
744.464	1374.66	0.0805672	-491.47	106.728	4.06212	0.0956507	-0.0248688
744.862	1375.09	0.134843	-181.421	50.1047	0	0.0970918	-0.0334936
745.271	1375.52	0.111962	216.017	-51.1701	4.06974	0.0922403	-0.0308705
745.669	1375.95	0.0747139	-4.24971	-18.8484	4.0564	0.0854981	-0.0259551
746.109	1376.29	0.0800351	-459.148	1.9812	4.06974	0.082667	-0.0272015
746.516	1376.7	0.107173	-858.98	7.00903	4.06212	0.0762972	-0.0317524
746.942	1377.08	0.140696	-635.122	37.7745	4.06974	0.0708688	-0.0374239
747.35	1377.42	0.150806	-287.963	17.6632	4.07355	0.0691667	-0.0397846
747.794	1377.81	0.140696	-395.702	-30.4602	4.06212	0.0603417	-0.0391729
748.266	1378.22	0.144953	-638.713	4.13598	4.06593	0.0474878	-0.0406556
748.764	1378.68	0.172623	-745.255	22.691	4.06593	0.0292656	-0.0456758
749.247	1379.11	0.152402	-443.586	-5.08169	4.06593	0.014906	-0.0436785
749.651	1379.51	0.0651359	-98.8207	-41.4736	4.06212	0.00935978	-0.031503
750.019	1379.86	-0.0120204	-34.1772	-47.6985	4.0564	0.00916619	-0.0203203
750.417	1380.25	-0.0588463	-119.171	-57.395	4.06593	0.00327856	-0.0132243
750.802	1380.68	-0.0960942	-442.389	-53.3249	4.0583	-0.00523527	-0.00728406
751.195	1381.05	-0.0838556	-405.279	11.9171	4.06593	-0.0105172	-0.00854328
751.601	1381.45	-0.0843877	-516.609	-5.2014	4.06593	-0.0195794	-0.00796033
751.982	1381.87	-0.139195	-1773.56	-138.558	4.06021	-0.0272469	0.000767138
752.382	1382.25	-0.279141	-2651.04	-180.337	4.06593	-0.0333557	0.0225942
752.734	1382.61	-0.391417	-3134.67	-67.8098	4.06021	-0.0338273	0.0411104
753.058	1382.98	-0.456334	-2594.78	33.3453	4.06212	-0.0348329	0.0531965
753.33	1383.36	-0.431857	-1327.05	41.3658	4.0564	-0.0337498	0.052263
753.734	1383.74	-0.326499	-1103.19	51.0623	4.06402	-0.0454492	0.0390504
754.105	1384.16	-0.208902	-2165.02	7.60758	4.06212	-0.0555696	0.0233698
754.529	1384.56	-0.195599	-2384.09	-12.8629	4.0564	-0.0698658	0.0226278
754.927	1384.96	-0.173783	-1992.63	77.2789	4.0564	-0.0815756	0.0205289
755.357	1385.32	-0.066828	-2135.09	120.734	4.06974	-0.0922759	0.00552841
755.757	1385.66	0.0858883	-3034.11	92.1229	4.05449	-0.0995431	-0.0169781
756.11	1386.03	0.200825	-4581.96	-48.7759	4.0583	-0.104906	-0.0347339
756.452	1386.35	0.197632	-4364.09	15.3887	4.05449	-0.107195	-0.0354599
756.818	1386.7	0.202421	-3856.52	81.4687	4.05449	-0.114151	-0.037364
757.163	1387.04	0.210403	-4171.36	-7.71532	4.04496	-0.119302	-0.0397758
757.512	1387.35	0.138035	-4183.33	-32.3756	4.0583	-0.123542	-0.0301831
757.854	1387.63	0.0763103	-3098.76	-1.96923	4.0583	-0.126837	-0.0217526
758.173	1387.9	0.0789708	-2586.4	4.01627	4.0564	-0.127755	-0.0226095
758.456	1388.16	0.0667322	-3205.3	-32.9741	4.0583	-0.126109	-0.0212476
758.73	1388.4	0.00394295	-2922.78	-73.1967	4.05449	-0.124162	-0.0122296
758.988	1388.64	-0.0567179	-3621.89	-118.687	4.0564	-0.121868	-0.00315411
759.266	1388.89	-0.0817272	-5205.65	-76.4289	4.05449	-0.121666	0.000937594
759.497	1389.12	-0.153562	-4836.95	-23.9959	4.05068	-0.117643	0.0122032
759.705	1389.36	-0.225398	-4043.27	-44.4663	4.0564	-0.114235	0.0238999
759.898	1389.58	-0.271691	-3550.06	73.3284	4.05449	-0.110364	0.0321963
760.095	1389.84	-0.273288	-2769.55	20.8954	4.0564	-0.110966	0.0340659
760.273	1390.05	-0.258389	-2935.95	-94.6248	4.0564	-0.107292	0.0334708
760.452	1390.27	-0.264242	-4883.63	-82.7735	4.0564	-0.104399	0.0358991
760.647	1390.5	-0.319049	-5154.18	-93.0686	4.05068	-0.104194	0.0457057
760.859	1390.76	-0.365875	-4828.57	20.8954	4.0564	-0.109378	0.0546439
761.068	1391.07	-0.383967	-5135.02	-6.87734	4.0583	-0.118779	0.0595529
761.283	1391.38	-0.364811	-5109.88	-32.8544	4.06021	-0.128607	0.0589833
761.504	1391.65	-0.279141	-5378.04	60.0406	4.0564	-0.136741	0.0483217
761.72	1391.9	-0.139195	-4845.33	142.042	4.04687	-0.143083	0.0290047
761.934	1392.08	-0.00350662	-5082.35	85.2994	4.0564	-0.140197	0.00948653
762.111	1392.28	0.05609	-5308.6	67.2232	4.05068	-0.134159	0.000568073
762.269	1392.48	0.0853562	-4556.82	89.0104	4.05449	-0.127577	-0.0041584
762.437	1392.66	0.152934	-4514.93	37.6548	4.05449	-0.121015	-0.0148073
762.602	1392.83	0.228494	-5217.62	21.4939	4.05449	-0.114668	-0.0270589
762.77	1392.98	0.258293	-6004.12	-15.4965	4.04687	-0.107824	-0.0328996
762.958	1393.16	0.291816	-6978.56	-23.6367	4.0564	-0.105092	-0.0394778
763.22	1393.35	0.371633	-7629.78	90.0878	4.0564	-0.108858	-0.0532012
763.455	1393.53	0.389725	-6836.1	74.1664	4.05449	-0.110982	-0.0581448
763.679	1393.69	0.304054	-4493.38	37.176	4.05449	-0.112737	-0.0476326
763.904	1393.82	0.200825	-2253.6	-1.01155	4.0564	-0.114264	-0.0339725
764.138	1393.94	0.100255	-2238.04	-120.123	4.05449	-0.116018	-0.020092
764.349	1394.06	0.00341084	-2698.92	-82.8932	4.0564	-0.116338	-0.00616691
764.545	1394.16	-0.0732134	-2895.25	-83.1327	4.0583	-0.115029	0.00530626
764.701	1394.25	-0.11525	-4146.22	-114.377	4.0583	-0.109793	0.0120511
764.912	1394.34	-0.161544	-4911.17	-63.9791	4.06021	-0.109281	0.0196866
765.115	1394.43	-0.230719	-5180.51	-73.1968	4.0583	-0.109525	0.0310321
765.314	1394.54	-0.298829	-5545.63	-66.3733	4.0564	-0.110919	0.042633
765.504	1394.66	-0.338738	-5343.32	-11.4263	4.06021	-0.113374	0.0504122
765.664	1394.78	-0.354701	-4828.57	40.049	4.05068	-0.192716	0.0548392
765.812	1394.89	-0.360554	-4452.68	2.46003	4.04305	-0.193667	0.0578453
765.937	1395	-0.366407	-4434.72	4.25569	0.162027	-0.189951	0.0608867
766.02	1395.07	-0.372261	-4494.58	-72.1193	4.05068	-0.180443	0.0639631
766.074	1395.14	-0.371196	-5179.32	-103.962	4.04687	-0.169115	0.066037
766.109	1395.22	-0.356297	-6077.14	-76.4289	0	-0.157365	0.0660293
766.133	1395.32	-0.3116	-6642.17	-31.6573	4.0564	-0.146922	0.0614625
766.153	1395.44	-0.221141	-6997.71	16.107	4.04687	-0.138312	0.0497632
766.166	1395.55	-0.104076	-7188.05	112.234	0	-0.12905	0.0335303
766.169	1395.66	-0.0162773	-7387.97	132.226	4.05258	-0.119443	0.020985
766.162	1395.77	0.0348055	-6211.22	142.641	0	-0.110049	0.0134203
766.161	1395.87	0.0757782	-4628.65	106.009	4.06021	-0.102321	0.00706552
766.172	1395.94	0.165705	-3330.99	56.2099	4.06212	-0.0944802	-0.0068782
766.184	1396.01	0.197632	-3463.87	42.9221	4.06212	-0.0868401	-0.0126614
766.21	1396.08	0.277449	-4074.39	46.0345	4.06212	-0.0798936	-0.0258198
766.259	1396.18	0.271596	-4961.44	-42.6707	0.076248	-0.07696	-0.0266065
766.324	1396.3	0.252972	-5169.74	-21.8411	4.06212	-0.0765975	-0.0254425
766.411	1396.42	0.248183	-5240.37	0.0658447	4.06593	-0.0785498	-0.0262419
766.503	1396.53	0.293944	-4743.57	42.5629	0	-0.079531	-0.0345953
766.601	1396.65	0.377486	-3512.95	118.459	4.05449	-0.0817856	-0.0488902
766.679	1396.74	0.403027	-2781.52	90.5667	4.06021	-0.0813178	-0.0549863
766.756	1396.83	0.330128	-2988.62	-31.6573	0	-0.0801522	-0.0464696
766.831	1396.92	0.209338	-3076.01	-84.4495	4.0564	-0.0788706	-0.0303319
766.906	1397.01	0.100255	-3259.17	-97.9767	4.0564	-0.0774896	-0.0152255
766.99	1397.11	0.0172458	-3319.02	-67.5704	0.186808	-0.077727	-0.00337558
767.071	1397.2	-0.0237269	-3460.28	-53.4446	4.0564	-0.0762286	0.00266684
767.153	1397.28	-0.0237269	-3040.1	-4.00431	4.06212	-0.0752397	0.00280921
767.228	1397.36	0.00819985	-2457.11	18.6209	0	-0.0735205	-0.00183745
767.306	1397.43	0.0390624	-2946.72	-10.9475	0	-0.071437	-0.00651603
767.386	1397.5	0.0395945	-3839.76	-20.7637	4.0564	-0.0695664	-0.00683022
767.462	1397.58	0.01831	-3929.54	6.41047	4.06974	-0.0676482	-0.00387511
767.531	1397.64	-0.000313947	-3381.27	26.0429	0	-0.0644543	-0.00119138
767.6	1397.72	-0.00616719	-2645.05	21.1348	4.06783	-0.0628822	-0.000311507
767.672	1397.79	0.00660352	-2057.28	15.7479	0.076248	-0.0615666	-0.00219011
767.734	1397.85	0.0502367	-1582.03	33.3452	4.06212	-0.059167	-0.00877472
767.796	1397.91	0.105576	-1275.57	57.7661	4.0564	-0.0565826	-0.0173771
767.857	1397.97	0.127393	-1143.89	40.2884	0	-0.054527	-0.021283
767.914	1398.02	0.10398	-1219.31	0.424969	4.06021	-0.0514217	-0.0185355
767.975	1398.08	0.070457	-1268.39	-20.2849	4.06021	-0.0493059	-0.0141309
768.031	1398.13	0.0459798	-1207.34	-26.6295	0	-0.0462822	-0.010882
768.091	1398.17	0.0486404	-1212.12	-7.95474	4.0564	-0.0432378	-0.011557
768.147	1398.22	0.05609	-1319.86	0.185553	4.06593	-0.0401455	-0.0129663
768.201	1398.26	0.0422551	-1627.52	-10.4686	0.19062	-0.0361374	-0.0112276
768.264	1398.31	0.032677	-1852.57	-32.9741	4.0564	-0.0335559	-0.0100444
768.317	1398.35	0.0204384	-2127.91	-21.482	4.06402	-0.0295482	-0.00840469
768.366	1398.39	0.00553929	-2155.44	-1.49039	0	-0.0250652	-0.00629244
768.416	1398.43	-0.0317086	-2042.91	-9.63068	0	-0.0207674	-0.000738496
768.458	1398.47	-0.0801308	-1810.68	-24.9536	4.06783	-0.0161415	0.00671509
768.502	1398.51	-0.101947	-1310.29	-12.2643	4.06974	-0.0120319	0.0104684
768.541	1398.55	-0.0897089	-964.325	7.96671	0	-0.00786869	0.00924427
768.586	1398.6	-0.0561858	-703.357	27.3597	4.06974	-0.00437687	0.00475406
