0	0.470565	0	261.471	0	-0	0	-0	0	-0.0362794	0	1.45089	0	0	0	-0
0	0.0626649	0	-139.558	0	-0	-0	0	0.00753982	0.0222529	7.53982	16.1752	0.0170527	-0	0	-0
0	-0.786481	0	-536.995	0	0	-0	0	0.0301593	0.0451338	15.0796	-42.2433	0.0343315	-0	0	0
0	-3.29587	0	-1151.11	0	0	0	0	0.0678584	0.18774	22.6195	110.148	0.0518363	-0	-0	-0
0	-3.90681	0	-59.3523	0	0	0	0	0.120637	0.279263	30.1593	51.9685	0.0695671	-0	-0	-0
0	-3.24674	0	350.056	0	0	0	-0	0.188496	0.170712	37.6991	-55.7705	0.0875239	0	-0	0
0	-2.33879	0	206.404	0	0	0	-0	0.271434	0.0382163	45.2389	-33.5045	0.105707	0	-0	0
0	-1.62494	0	297.384	0	0	0	-0	0.369451	-0.00275634	52.7788	-38.2929	0.124116	0	0	0
0	-2.13352	0	-314.335	0	0	0	0	0.482549	0.0185282	60.3186	5.64074	0.14275	0	0	0
0	-2.42127	0	120.213	0	0	0	-0	0.610726	0.0259777	67.8584	24.6746	0.161611	0	0	0
0	-1.64183	0	383.575	0	0	0	-0	0.753982	0.10207	75.3982	40.4764	0.180698	0	0	0
0	-1.05106	0	201.616	0	0	0	-0	0.912319	0.219135	82.9381	32.5755	0.200011	0	0	0
0	-1.43709	0	-90.4769	0	0	0	0	1.08573	0.298952	90.4779	35.2091	0.21955	0	0	0
0	-0.948961	0	225.558	0	0	0	-0	1.27423	0.34897	98.0177	27.0688	0.239315	0	0	0
0	-0.73538	0	-10.2711	0	0	0	0	1.47781	0.422934	105.558	14.7387	0.259306	0	0	0
0	0.419569	0	-228.143	0	-0	0	0	1.69646	0.512861	113.097	48.7364	0.279523	0	0	0
0	3.12095	0	20.8535	0	-0	0	-0	1.93019	0.594274	120.637	39.1596	0.299966	0	0	0
0	7.12262	0	-193.428	0	-0	0	0	2.17901	0.749119	128.177	68.2491	0.320635	0	0	0
0	7.3338	0	-498.688	0	-0	0	0	2.30907	0.848092	131.947	68.6082	0.331054	0	0	0
0	5.53261	0	-610.019	0	-0	0	0	2.5805	1.01358	139.487	83.8114	0.352062	0	0	0
0	5.95057	0	1404.7	0	-0	0	-0	2.86702	1.34615	147.027	233.569	0.373296	0	0	-0
0	3.3067	0	383.575	0	-0	-0	-0	3.16672	2.0214	150.796	209.028	0.386258	0	0	-0
0	0.385951	0	-158.712	0	-0	-0	0	3.46832	2.53489	150.796	223.992	0.390778	0	0	-0
0	-0.660512	0	435.05	0	0	-0	-0	3.76991	3.04572	150.796	242.427	0.395298	0	0	-0
0	-3.41271	0	-65.3378	0	0	-0	0	4.0715	3.64807	150.796	224.95	0.399818	0	0	-0
0	-8.26128	0	-559.74	0	0	0	0	4.37309	4.1573	150.796	215.253	0.404339	0	0	-0
0	-10.4635	0	-280.816	0	0	0	0	4.67469	4.58884	150.796	207.233	0.408859	0	0	-0
0	-9.22536	0	-249.691	0	0	0	0	4.97628	5.1433	150.796	219.204	0.413379	-0	0	-0
0	-5.87136	0	-1465.95	0	0	0	0	5.27787	5.86804	150.796	300.367	0.4179	-0	0	-0
0	-1.52689	0	-607.625	0	0	0	0	5.57946	6.39058	150.796	248.293	0.42242	-0	0	-0
0	6.30065	0	-159.909	0	-0	0	0	5.88105	6.81573	150.796	162.581	0.42694	-0	0	-0
0	10.4917	0	-1464.75	0	-0	0	0	6.18265	7.27601	150.796	175.031	0.43146	-0	0	-0
0	7.90434	0	-1671.85	0	-0	0	0	6.48424	7.67669	150.796	152.405	0.435981	-0	0	-0
0	8.10162	0	-1237.3	0	-0	0	0	6.78583	8.12207	150.796	206.634	0.440501	-0	0	-0
0	2.88288	0	-1528.2	0	-0	0	0	7.08743	8.74092	150.796	279.777	0.445021	-0	0	-0
0	7.66246	0	-1515.03	0	-0	-0	0	7.38902	9.29006	150.796	222.436	0.449541	-0	0	-0
0	10.82	0	-174.274	0	-0	-0	0	7.69061	9.5774	150.796	124.992	0.454062	-0	0	0
0	18.5079	0	-198.216	0	-0	-0	0	7.99221	9.99883	150.796	275.108	0.458582	-0	0	-0
0	20.2891	0	42.4013	0	-0	-0	-0	8.2938	10.4751	150.796	144.504	0.463102	-0	0	0
0	21.1512	0	108.242	0	-0	-0	-0	8.59539	10.7677	150.796	164.257	0.467623	-0	0	-0
0	22.8688	0	-732.123	0	-0	-0	0	8.89699	11.3068	150.796	196.578	0.472143	-0	-0	-0
0	22.8863	0	65.1462	0	-0	-0	-0	9.19858	11.8469	150.796	240.871	0.476663	-0	-0	-0
0	24.1	0	1164.08	0	-0	-0	-0	9.50017	12.1773	150.796	261.701	0.481183	-0	-0	-0
0	22.3485	0	-1692.2	0	-0	-0	0	9.80177	12.695	150.796	101.289	0.485704	-0	-0	0
0	18.0283	0	-79.703	0	-0	-0	0	10.2542	13.2181	150.796	188.558	0.492484	-0	-0	-0
0	21.0144	0	196.827	0	-0	-0	-0	10.5558	13.6763	150.796	224.351	0.497005	-0	-0	-0
0	19.8003	0	-1767.62	0	-0	-0	0	10.8573	14.1738	150.796	122.717	0.501525	-0	-0	0
0	21.7964	0	-1145.12	0	-0	-0	0	11.1589	14.5952	150.796	185.206	0.506045	-0	-0	-0
0	21.1303	0	666.091	0	-0	-0	-0	11.4605	14.9501	150.796	242.068	0.510565	-0	-0	-0
0	19.818	0	-1588.05	0	-0	-0	0	11.7621	15.4594	150.796	124.393	0.515086	-0	-0	0
0	20.9817	0	-2812.68	0	-0	-0	0	12.0637	15.8553	150.796	210.944	0.519606	-0	-0	-0
0	24.2509	0	-797.964	0	-0	-0	0	12.3653	16.2437	150.796	195.501	0.524126	-0	-0	-0
0	30.8457	0	-535.798	0	-0	-0	0	12.6669	16.7625	150.796	252.842	0.528646	-0	-0	-0
0	27.6616	0	-402.92	0	-0	-0	0	12.9685	17.1738	150.796	83.9311	0.533167	-0	-0	0
0	11.288	0	1551.95	0	-0	-0	-0	13.2701	17.5357	150.796	313.415	0.537687	-0	-0	-0
0	17.8099	0	-1783.18	0	-0	-0	0	13.5717	18.1306	150.796	33.2938	0.542207	-0	-0	0
0	17.6349	0	101.059	0	-0	-0	-0	13.8733	18.7276	150.796	594.495	0.546728	-0	-0	-0
0	21.5875	0	3142.89	0	-0	-0	-0	14.1749	19.033	150.796	-0.823608	0.551248	-0	-0	0
0	10.76	0	-1550.94	0	-0	-0	0	14.4765	19.4076	150.796	26.8294	0.555768	-0	-0	0
0	8.12517	0	43.5984	0	-0	-0	-0	14.7781	19.5455	150.796	195.381	0.560288	-0	-0	-0
0	2.27467	0	2659.26	0	-0	-0	-0	15.0797	20.168	150.796	376.981	0.564809	-0	-0	-0
0	-12.6033	0	-3514.19	0	0	-0	0	15.3812	21.3946	150.796	366.088	0.569329	-0	-0	-0
0	-20.282	0	-912.885	0	0	-0	0	15.6828	22.2055	150.796	450.005	0.573849	-0	-0	-0
0	-25.3859	0	-975.134	0	0	-0	0	15.9844	22.645	150.796	96.381	0.57837	-0	-0	0
0	-25.0039	0	-3596.79	0	0	-0	0	16.286	22.8658	150.796	174.193	0.58289	-0	-0	-0
0	-18.9353	0	-1698.18	0	0	-0	0	16.5876	23.2484	150.796	179.939	0.58741	-0	-0	-0
0	-5.71249	0	-1588.05	0	0	-0	0	16.8892	23.681	150.796	180.896	0.591931	-0	-0	-0
0	1.97338	0	-339.474	0	-0	-0	0	17.1908	23.7843	150.796	120.443	0.596451	-0	-0	0
0	17.9846	0	1300.55	0	-0	-0	-0	17.4924	23.8189	150.796	61.7848	0.600971	-0	-0	0
0	17.3934	0	-908.097	0	-0	-0	0	17.794	24.2935	150.796	174.911	0.605491	-0	-0	-0
0	17.7579	0	-3219.7	0	-0	-0	0	18.0956	24.3478	150.796	129.541	0.610012	-0	-0	0
0	21.6065	0	-2883.31	0	-0	-0	0	18.3972	21.237	150.796	247.934	0.614532	-0	-0	-0
0	5.75303	0	-1116.39	0	-0	-0	0	18.6988	24.2403	150.796	438.512	0.619052	-0	-0	-0
0	-2.83942	0	577.505	0	0	-0	-0	19.0004	27.1361	150.796	239.913	0.623573	-0	-0	-0
0	-9.57747	0	-1400.11	0	0	-0	0	19.302	27.243	150.796	129.78	0.628093	-0	-0	0
0	-18.4784	0	-2120.76	0	0	-0	0	19.6036	27.3553	150.796	82.8537	0.632613	-0	-0	0
0	-10.2621	0	2304.92	0	0	-0	-0	19.9052	23.7614	150.796	498.846	0.637133	-0	-0	-0
0	-3.64671	0	-5048.87	0	0	-0	0	20.2067	25.8898	150.796	430.971	0.641654	-0	-0	-0
0	9.62188	0	-515.448	0	-0	-0	0	20.5083	29.5933	150.796	-37.9337	0.646174	-0	-0	0
0	13.0955	0	-485.52	0	-0	-0	0	20.8099	29.2086	150.796	-5.01346	0.650694	-0	-0	0
0	23.3614	0	-3279.55	0	-0	-0	0	21.1115	29.3986	150.796	100.092	0.655214	-0	-0	0
0	22.554	0	-1313.91	0	-0	-0	0	21.4131	28.5371	150.796	154.44	0.659735	-0	-0	-0
0	20.8526	0	-1609.6	0	-0	-0	0	21.7147	28.4333	150.796	558.462	0.664255	-0	-0	-0
0	25.8943	0	-1754.45	0	-0	-0	0	22.0163	27.7666	150.796	590.664	0.668775	-0	-0	-0
0	32.4922	0	-1828.67	0	-0	-0	0	22.3146	33.0148	145.769	87.6422	0.661951	-0	-0	0
0	20.8137	0	-2020.2	0	-0	-0	0	22.5985	32.1666	138.229	-103.894	0.649268	-0	-0	0
0	11.563	0	-948.798	0	-0	-0	0	22.8675	21.3211	130.69	64.5381	0.636358	0	-0	0
0	10.4276	0	1402.31	0	-0	-0	-0	23.1213	27.1653	123.15	168.446	0.623223	-0	-0	-0
0	2.84104	0	-3410.04	0	-0	-0	0	23.3601	22.1901	115.61	-58.7633	0.609862	0	-0	0
0	-10.6529	0	2659.26	0	0	-0	-0	23.5837	21.7255	108.07	841.935	0.596275	0	-0	-0
0	-8.71051	0	-5321.81	0	0	-0	0	23.7923	19.712	100.53	698.403	0.582461	0	-0	-0
0	-18.4661	0	-608.822	0	0	-0	0	23.9859	24.3808	92.9904	410.021	0.568422	-0	-0	-0
0	-22.0932	0	-2092.03	0	0	-0	0	24.1643	16.2911	85.4505	-132.146	0.554157	0	-0	0
0	-29.5462	0	-1871.76	0	0	-0	0	24.3277	26.9727	77.9107	120.203	0.539666	-0	-0	-0
0	-25.9401	0	-1456.37	0	0	-0	0	24.476	30.5389	70.3708	-34.103	0.524948	-0	-0	0
0	-19.4183	0	-1609.6	0	0	-0	0	24.6092	15.9292	62.831	74.3543	0.510005	0	-0	-0
0	-18.9895	0	-710.575	0	0	-0	0	24.7273	11.4568	55.2912	602.874	0.494836	0	-0	-0
0	-13.0315	0	-175.471	0	0	-0	0	24.8303	13.1489	47.7513	66.4535	0.47944	0	-0	-0
0	-22.7973	0	-3277.16	0	0	-0	0	24.9183	20.9274	40.2115	329.217	0.463819	0	-0	-0
0	-28.2402	0	529.621	0	0	-0	-0	24.9912	28.0646	32.6717	167.13	0.447971	-0	-0	-0
0	-30.6857	0	-3608.76	0	0	-0	0	25.049	34.6011	25.1318	113.619	0.431898	-0	-0	-0
0	-42.2706	0	-2287.16	0	0	-0	0	25.0917	34.6011	17.592	39.8778	0.415599	-0	-0	-0
0	-42.2845	0	-1892.11	0	0	-0	0	25.1193	34.6011	10.0521	125.351	0.399073	-0	-0	-0
0	-32.2814	0	-232.932	0	0	-0	0	25.1319	29.389	2.51231	143.068	0.382322	-0	-0	-0
0	-21.9493	0	-6631.44	0	0	-0	0	25.1327	28.2178	0	214.535	0.37669	-0	-0	-0
0	-15.2046	0	-22.2421	0	0	-0	0	25.1327	34.4893	0	-312.549	0.37669	-0	-0	0
0	-4.91588	0	-2178.22	0	0	-0	0	25.1327	34.6011	0	131.695	0.37669	-0	-0	-0
0	-5.1512	0	-3548.9	0	0	-0	0	25.1327	34.6011	0	21.6819	0.37669	-0	-0	-0
0	-7.70951	0	-2095.62	0	0	-0	0	25.1327	34.6011	0	145.941	0.37669	-0	-0	-0
0	-10.299	0	-3374.12	0	0	-0	0	25.1327	33.8572	0	108.352	0.37669	-0	-0	-0
0	-21.5551	0	-2824.66	0	0	-0	0	25.1327	34.6011	0	14.3796	0.37669	-0	-0	-0
0	-14.3385	0	-2623.54	0	0	-0	0	25.1327	34.6011	0	22.041	0.37669	-0	-0	-0
0	-12.5467	0	-1026.61	0	0	-0	0	25.1327	34.6011	0	-50.0245	0.37669	-0	-0	0
0	-14.2827	0	-2192.59	0	0	-0	0	25.1327	34.6011	0	13.1825	0.37669	-0	-0	-0
0	0.393624	0	-608.822	0	-0	-0	0	25.1327	34.6011	0	27.9068	0.37669	-0	-0	-0
0	-0.783052	0	-441.227	0	0	-0	0	25.1327	33.1048	0	-47.5105	0.37669	-0	-0	0
0	7.36644	0	-1895.71	0	-0	-0	0	25.1327	33.921	0	23.9564	0.37669	-0	-0	-0
0	9.9298	0	-2585.24	0	-0	-0	0	25.1327	34.6011	0	8.15465	0.37669	-0	-0	-0
0	14.1125	0	-1621.57	0	-0	-0	0	25.1327	34.6011	0	-90.8456	0.37669	-0	-0	0
0	11.7136	0	-2311.1	0	-0	-0	0	25.1327	34.6011	0	-24.5262	0.37669	-0	-0	0
0	6.26196	0	-3204.14	0	-0	-0	0	25.1327	34.6011	0	41.5538	0.37669	-0	-0	-0
0	11.5785	0	-2537.35	0	-0	-0	0	25.1327	34.6011	0	-41.8842	0.37669	-0	-0	0
0	12.4077	0	-3374.12	0	-0	-0	0	25.1327	34.6011	0	-18.7801	0.37669	-0	-0	0
0	15.0386	0	-2360.18	0	-0	-0	0	25.1327	34.6011	0	106.317	0.37669	-0	-0	-0
0	20.5142	0	-1005.06	0	-0	-0	0	25.1327	34.6011	0	-28.9555	0.37669	-0	-0	0
0	29.8692	0	-1974.71	0	-0	-0	0	25.1327	34.6011	0	-10.5201	0.37669	-0	-0	0
0	23.4946	0	-2983.87	0	-0	-0	0	25.1327	34.6011	0	70.2842	0.37669	-0	-0	-0
0	30.7887	0	-1634.74	0	-0	-0	0	25.1327	34.6011	0	-56.2494	0.37669	-0	-0	0
0	27.4356	0	490.117	0	-0	-0	-0	25.1327	34.6011	0	27.428	0.37669	-0	-0	-0
0	28.1791	0	-1998.66	0	-0	-0	0	25.1327	34.6011	0	104.88	0.37669	-0	-0	-0
0	29.2533	0	-1906.48	0	-0	-0	0	25.1327	25.9287	0	-26.2021	0.37669	-0	-0	0
0	24.965	0	-490.309	0	-0	-0	0	25.1327	24.0189	0	0.732625	0.37669	0	-0	-0
0	29.9533	0	-2872.54	0	-0	-0	0	25.1327	30.0265	0	6.47871	0.37669	-0	-0	-0
0	35.6144	0	-1139.14	0	-0	-0	0	25.1327	34.6011	0	45.5042	0.37669	-0	-0	-0
0	40.1712	0	-3649.46	0	-0	-0	0	25.1327	34.6011	0	-79.8323	0.37669	-0	-0	0
0	48.0634	0	-1155.9	0	-0	-0	0	25.1327	34.6011	0	34.4909	0.37669	-0	-0	-0
0	51.6761	0	-1705.37	0	-0	-0	0	25.1327	34.6011	0	-64.2699	0.37669	-0	-0	0
0	47.9867	0	-3351.38	0	-0	-0	0	25.1327	34.6011	0	18.4497	0.37669	-0	-0	-0
0	39.5592	0	-2683.4	0	-0	-0	0	25.1327	34.6011	0	56.7569	0.37669	-0	-0	-0
0	38.3002	0	-2361.38	0	-0	-0	0	25.1327	34.6011	0	-16.1465	0.37669	-0	-0	0
0	38.2164	0	-2320.68	0	-0	-0	0	25.1327	34.6011	0	19.0483	0.37669	-0	-0	-0
0	32.6882	0	-2930	0	-0	-0	0	25.1327	34.6011	0	-8.60476	0.37669	-0	-0	0
0	33.8324	0	-2594.81	0	-0	-0	0	25.1327	34.6011	0	68.9674	0.37669	-0	-0	-0
0	40.1477	0	1223.94	0	-0	-0	-0	25.1327	34.6011	0	-158.721	0.37669	-0	-0	0
0	51.4189	0	-1657.48	0	-0	-0	0	25.1327	34.6011	0	-285.973	0.37669	-0	-0	0
0	47.1384	0	-1130.76	0	-0	-0	0	25.1327	32.3625	0	-72.1708	0.37669	-0	-0	0
0	53.8298	0	-1203.78	0	-0	-0	0	25.1327	31.9644	0	90.7546	0.37669	-0	-0	-0
0	47.5694	0	-268.845	0	-0	-0	0	25.1327	34.277	0	97.0992	0.37669	-0	-0	-0
0	34.3998	0	-3009.01	0	-0	-0	0	25.1327	34.6011	0	-41.8842	0.37669	-0	-0	0
0	19.8726	0	-1856.2	0	-0	-0	0	25.1327	34.6011	0	44.6662	0.37669	-0	-0	-0
0	16.6815	0	-135.967	0	-0	-0	0	25.1327	34.6011	0	56.7569	0.37669	-0	-0	-0
0	14.6748	0	-1669.45	0	-0	-0	0	25.1327	34.6011	0	-75.2833	0.37669	-0	-0	0
0	4.28806	0	-1439.61	0	-0	-0	0	25.1327	34.6011	0	133.252	0.37669	-0	-0	-0
0	4.64416	0	-893.732	0	-0	-0	0	25.1327	34.6011	0	207.233	0.37669	-0	-0	-0
0	9.45105	0	-1871.76	0	-0	-0	0	25.1327	25.1805	0	-134.3	0.37669	-0	-0	0
0	5.96201	0	-642.34	0	-0	-0	0	25.1327	32.8754	0	-275.917	0.37669	-0	-0	0
0	13.0927	0	-387.358	0	-0	-0	0	25.1327	34.6011	0	54.3627	0.37669	-0	-0	-0
0	19.5049	0	-789.584	0	-0	-0	0	25.1327	34.0509	0	75.1923	0.37669	-0	-0	-0
0	23.0556	0	-2114.77	0	-0	-0	0	25.1327	34.1344	0	-57.8056	0.37669	-0	-0	0
0	17.8702	0	-855.424	0	-0	-0	0	25.1327	34.1019	0	89.4378	0.37669	-0	-0	-0
0	6.43275	0	-2621.15	0	-0	-0	0	25.1327	34.4404	0	59.3906	0.37669	-0	-0	-0
0	-0.293641	0	-1826.27	0	0	-0	0	25.1327	34.4867	0	113.021	0.37669	-0	-0	-0
0	-6.84304	0	-942.813	0	0	-0	0	25.1327	34.4728	0	37.1245	0.37669	-0	-0	-0
0	-9.40188	0	-592.062	0	0	-0	0	25.1327	34.3925	0	17.6117	0.37669	-0	-0	-0
0	-12.7068	0	-13.8624	0	0	-0	0	25.1327	32.4912	0	2.88741	0.37669	-0	-0	-0
0	-11.4934	0	-235.326	0	0	-0	0	25.1327	34.4414	0	-20.9349	0.37669	-0	-0	0
0	-7.52388	0	-1688.61	0	0	-0	0	25.1327	34.3558	0	6.359	0.37669	-0	-0	-0
0	-1.57308	0	-331.094	0	0	-0	0	25.1327	34.0376	0	-32.1876	0.37669	-0	-0	0
0	0.795823	0	-564.529	0	-0	-0	0	25.1327	34.0445	0	96.9795	0.37669	-0	-0	-0
0	-2.29861	0	-2386.52	0	0	-0	0	25.1327	34.3653	0	51.2503	0.37669	-0	-0	-0
0	-13.5779	0	-2358.98	0	0	-0	0	25.1327	34.3111	0	51.8488	0.37669	-0	-0	-0
0	-28.1968	0	-1170.26	0	0	-0	0	25.1327	34.3515	0	44.0677	0.37669	-0	-0	-0
0	-27.8797	0	-1726.91	0	0	-0	0	25.1327	34.3637	0	45.1451	0.37669	-0	-0	-0
0	-27.0106	0	-951.192	0	0	-0	0	25.1327	33.8992	0	-162.432	0.37669	-0	-0	0
0	-24.3392	0	-916.477	0	0	-0	0	25.1327	33.341	0	-107.485	0.37669	-0	-0	0
0	-15.7588	0	-497.491	0	0	-0	0	25.1327	30.316	0	-107.246	0.37669	-0	-0	0
0	-8.28169	0	-2252.44	0	0	-0	0	25.1327	33.0063	0	-181.227	0.37669	-0	-0	0
0	-3.67271	0	377.59	0	0	-0	-0	25.1327	32.8701	0	71.4813	0.37669	-0	-0	-0
0	2.41133	0	2.89697	0	-0	-0	-0	25.1327	32.9504	0	102.965	0.37669	-0	-0	-0
0	-7.27456	0	-1571.29	0	0	-0	0	25.1327	33.1133	0	-29.554	0.37669	-0	-0	0
0	-17.9506	0	-1391.73	0	0	-0	0	25.1327	33.0457	0	142.35	0.37669	-0	-0	-0
0	-25.0715	0	-1877.75	0	0	-0	0	25.1327	33.1947	0	39.8778	0.37669	-0	-0	-0
0	-23.7212	0	-1029	0	0	-0	0	25.1327	33.2793	0	109.19	0.37669	-0	-0	-0
0	-26.1955	0	-988.303	0	0	-0	0	25.1327	33.2766	0	24.9141	0.37669	-0	-0	-0
0	-34.1693	0	-1740.08	0	0	-0	0	25.1327	33.283	0	6.47871	0.37669	-0	-0	-0
0	-34.1083	0	-777.613	0	0	-0	0	25.1327	33.0718	0	-16.5056	0.37669	-0	-0	0
0	-27.3698	0	-2333.84	0	0	-0	0	25.1327	32.9393	0	-81.3885	0.37669	-0	-0	0
0	-25.5296	0	-1689.8	0	0	-0	0	25.1327	32.7328	0	-11.2384	0.37669	-0	-0	0
0	-7.64445	0	-1730.51	0	0	-0	0	25.1327	32.3774	0	-134.3	0.37669	-0	-0	0
0	-5.01425	0	1081.48	0	0	-0	-0	25.1327	32.4093	0	161.503	0.37669	-0	-0	-0
0	3.75287	0	469.766	0	-0	-0	-0	25.1327	32.3694	0	-162.312	0.37669	-0	-0	0
0	0.852631	0	-1898.1	0	-0	-0	0	25.1327	32.3449	0	26.59	0.37669	-0	-0	-0
0	-6.46392	0	-3925.99	0	0	-0	0	25.1327	32.4316	0	78.7836	0.37669	-0	-0	-0
0	-8.37747	0	102.256	0	0	-0	-0	25.1327	32.4997	0	108.591	0.37669	-0	-0	-0
0	-13.4091	0	-1683.82	0	0	-0	0	25.1327	32.5407	0	21.9213	0.37669	-0	-0	-0
0	-20.1141	0	-1130.76	0	0	-0	0	25.1327	32.5386	0	-21.4137	0.37669	-0	-0	0
0	-17.5309	0	-635.158	0	0	-0	0	25.1327	32.4545	0	23.5973	0.37669	-0	-0	-0
0	-14.9628	0	-301.167	0	0	-0	0	25.1327	32.5088	0	22.9987	0.37669	-0	-0	-0
0	-10.1727	0	-2429.61	0	0	-0	0	25.1327	32.4779	0	-22.7306	0.37669	-0	-0	0
0	-4.3321	0	-722.546	0	0	-0	0	25.1327	32.4279	0	36.4062	0.37669	-0	-0	-0
0	0.501855	0	-454.396	0	-0	-0	0	25.1327	32.4992	0	57.954	0.37669	-0	-0	-0
0	3.00087	0	-3065.27	0	-0	-0	0	25.1327	32.5993	0	149.053	0.37669	-0	-0	-0
0	1.2579	0	-2757.62	0	-0	-0	0	25.1327	32.869	0	127.386	0.37669	-0	-0	-0
0	-10.8463	0	-2108.79	0	0	-0	0	25.1327	32.9888	0	28.5054	0.37669	-0	-0	-0
0	-6.72446	0	-473.549	0	0	-0	0	25.1327	32.9999	0	51.9685	0.37669	-0	-0	-0
0	3.34477	0	-867.395	0	-0	-0	0	25.1327	32.9973	0	20.7242	0.37669	-0	-0	-0
0	0.660621	0	-2063.3	0	-0	-0	0	25.1327	32.3433	0	-258.32	0.37669	-0	-0	0
0	8.39511	0	194.433	0	-0	-0	-0	25.1327	28.7755	0	-65.1079	0.37669	-0	-0	0
0	13.8196	0	-2339.83	0	-0	-0	0	25.1327	27.2159	0	-117.9	0.37669	-0	-0	0
0	22.4709	0	-2027.39	0	-0	-0	0	25.1327	31.9761	0	-122.569	0.37669	-0	-0	0
0	25.4875	0	-1865.78	0	-0	-0	0	25.1327	31.4148	0	-24.2868	0.37669	-0	-0	0
0	34.7542	0	716.369	0	-0	-0	-0	25.1327	31.2381	0	49.5743	0.37669	-0	-0	-0
0	33.7233	0	-1948.38	0	-0	-0	0	25.1327	31.1892	0	-129.512	0.37669	-0	-0	0
0	20.9668	0	-965.558	0	-0	-0	0	25.1327	31.2067	0	105.24	0.37669	-0	-0	-0
0	16.7347	0	-2186.6	0	-0	-0	0	25.1327	31.2557	0	44.4268	0.37669	-0	-0	-0
0	13.9425	0	-789.584	0	-0	-0	0	25.1327	31.2126	0	35.688	0.37669	-0	-0	-0
0	1.39566	0	-2726.49	0	-0	-0	0	25.1327	31.2801	0	112.302	0.37669	-0	-0	-0
0	11.3583	0	-28.2276	0	-0	-0	0	25.1327	23.5783	0	49.3349	0.37669	0	-0	-0
0	2.77917	0	-1528.2	0	-0	-0	0	25.1327	30.1755	0	58.5526	0.37669	-0	-0	-0
0	0.832597	0	-2391.3	0	-0	-0	0	25.1327	32.5828	0	74.7135	0.37669	-0	-0	-0
0	8.64642	0	-422.074	0	-0	-0	0	25.1327	31.0114	0	-206.725	0.37669	-0	-0	0
0	12.3536	0	815.728	0	-0	-0	-0	25.1327	28.2854	0	47.2998	0.37669	-0	-0	-0
0	22.3935	0	-1627.55	0	-0	-0	0	25.1327	22.8366	0	-43.3207	0.37669	0	-0	0
0	33.5813	0	-2793.53	0	-0	-0	0	25.1327	23.6278	0	59.3906	0.37669	0	-0	-0
0	35.0607	0	-602.836	0	-0	-0	0	25.1327	27.7357	0	-241.8	0.37669	-0	-0	0
0	40.166	0	-115.616	0	-0	-0	0	25.1327	31.0354	0	66.214	0.37669	-0	-0	-0
0	38.8645	0	-1110.41	0	-0	-0	0	25.1327	30.4442	0	-69.4175	0.37669	-0	-0	0
0	31.7034	0	-3450.74	0	-0	-0	0	25.1327	30.3027	0	48.7364	0.37669	-0	-0	-0
0	34.186	0	-2074.07	0	-0	-0	0	25.1327	30.374	0	18.33	0.37669	-0	-0	-0
0	40.8303	0	-626.778	0	-0	-0	0	25.1327	30.5437	0	162.102	0.37669	-0	-0	-0
0	30.7774	0	-1972.32	0	-0	-0	0	25.1327	30.5985	0	26.1112	0.37669	-0	-0	-0
0	18.9728	0	-17.4537	0	-0	-0	0	25.1327	20.8225	0	88.2407	0.37669	0	-0	-0
0	12.0792	0	-989.5	0	-0	-0	0	25.1327	26.6066	0	-28.8358	0.37669	-0	-0	0
0	17.3596	0	-780.007	0	-0	-0	0	25.1327	32.3465	0	87.8816	0.37669	-0	-0	-0
0	15.6964	0	-1033.79	0	-0	-0	0	25.1327	30.6597	0	22.2804	0.37669	-0	-0	-0
0	14.5882	0	-1276.8	0	-0	-0	0	25.1327	30.8811	0	80.5793	0.37669	-0	-0	-0
0	17.0888	0	-1689.8	0	-0	-0	0	25.1327	31.0061	0	114.457	0.37669	-0	-0	-0
0	12.79	0	-1070.9	0	-0	-0	0	25.1327	30.9694	0	-72.4102	0.37669	-0	-0	0
0	16.7138	0	-1789.16	0	-0	-0	0	25.1327	30.8513	0	1.09175	0.37669	-0	-0	-0
0	22.5416	0	-477.14	0	-0	-0	0	25.1327	30.6512	0	12.1051	0.37669	-0	-0	-0
0	22.6853	0	-712.969	0	-0	-0	0	25.1327	30.715	0	-29.6737	0.37669	-0	-0	0
0	20.6709	0	-159.909	0	-0	-0	0	25.1327	30.6091	0	69.6856	0.37669	-0	-0	-0
0	21.8418	0	-693.816	0	-0	-0	0	25.1327	30.7092	0	-3.57694	0.37669	-0	-0	0
0	14.939	0	-3449.54	0	-0	-0	0	25.1327	30.9449	0	96.0219	0.37669	-0	-0	-0
0	12.4186	0	-2180.61	0	-0	-0	0	25.1327	30.6879	0	-37.5746	0.37669	-0	-0	0
0	13.3187	0	940.227	0	-0	-0	-0	25.1327	30.4559	0	-13.5129	0.37669	-0	-0	0
0	13.5116	0	-1437.22	0	-0	-0	0	25.1327	30.5171	0	-84.1418	0.37669	-0	-0	0
0	27.4583	0	-2102.8	0	-0	-0	0	25.1327	30.3261	0	-20.6955	0.37669	-0	-0	0
0	30.8726	0	268.653	0	-0	-0	-0	25.1327	26.9269	0	57.4752	0.37669	-0	-0	-0
0	26.8729	0	-132.375	0	-0	-0	0	25.1327	17.5857	0	-138.011	0.37669	0	-0	0
0	27.567	0	226.755	0	-0	-0	-0	25.1327	28.8638	0	87.7619	0.37669	-0	-0	-0
0	17.4088	0	-1233.71	0	-0	-0	0	25.1309	31.1439	-3.75908	0.134076	0.368216	-0	-0	-0
0	10.4226	0	-1725.72	0	-0	-0	0	25.1158	30.0371	-11.2988	32.5755	0.351051	-0	-0	-0
0	11.3757	0	-621.99	0	-0	-0	0	25.0857	30.4314	-18.8385	47.8984	0.33366	-0	-0	-0
0	3.99287	0	-705.787	0	-0	-0	0	25.0405	30.3356	-26.3783	67.5309	0.316043	-0	-0	-0
0	-0.503204	0	-884.155	0	0	-0	0	24.9802	30.4165	-33.918	60.7074	0.298199	-0	-0	-0
0	2.66825	0	188.448	0	-0	-0	-0	24.9048	30.4437	-41.4577	17.3723	0.28013	-0	-0	-0
0	0.866622	0	-510.659	0	-0	-0	0	24.8143	30.3569	-48.9974	-20.4561	0.261835	-0	-0	-0
0	1.76937	0	-422.074	0	-0	-0	0	24.7088	29.9749	-56.5372	-129.153	0.243314	-0	-0	0
0	5.42544	0	-200.61	0	-0	-0	0	24.5882	29.7237	-64.0769	-111.077	0.224566	-0	-0	0
0	4.82246	0	-1555.73	0	-0	-0	0	24.4525	29.7407	-71.6166	96.9795	0.205593	-0	-0	-0
0	1.132	0	-1249.27	0	-0	-0	0	24.3017	29.1804	-79.1563	-244.912	0.186394	-0	-0	0
0	2.05549	0	-1249.27	0	-0	-0	0	24.1359	28.5158	-86.6961	-269.333	0.166968	-0	-0	0
0	-1.23632	0	-1622.77	0	0	-0	0	23.9549	28.2466	-94.2358	-62.4743	0.147317	-0	-0	-0
0	-5.74741	0	-610.019	0	0	-0	0	23.7589	28.0534	-101.776	-100.063	0.12744	-0	-0	-0
0	-10.4227	0	-1500.66	0	0	-0	0	23.5478	27.8352	-109.315	-74.4453	0.107337	-0	-0	-0
0	-13.5444	0	-1175.05	0	0	-0	0	23.3217	27.4963	-116.855	-71.5723	0.0870072	-0	-0	-0
0	-15.417	0	1247.88	0	0	-0	-0	23.0804	26.8136	-124.395	-265.742	0.0664519	-0	-0	0
0	-16.301	0	-224.552	0	0	-0	0	22.8241	26.1596	-131.934	-212.112	0.0456705	-0	-0	0
0	-20.1248	0	909.102	0	0	-0	-0	22.5527	25.726	-139.474	-181.825	0.0246632	-0	-0	0
0	-21.8873	0	-643.537	0	0	-0	0	22.2662	25.71	-147.014	-84.9798	0.00342983	-0	-0	-0
0	-23.374	0	-1692.2	0	0	-0	0	21.9665	25.6626	-150.796	-1.66157	-0.00956026	-0	-0	-0
0	-26.3083	0	-995.485	0	0	-0	0	21.6649	25.0534	-150.796	-171.171	-0.0140805	-0	-0	0
0	-28.2562	0	-647.129	0	0	-0	0	21.3633	24.3999	-150.796	-286.931	-0.0186007	-0	-0	0
0	-19.8029	0	-807.54	0	0	-0	0	21.0618	23.6571	-150.796	-280.945	-0.0231209	-0	-0	0
0	-12.6742	0	-797.964	0	0	-0	0	20.7602	23.0675	-150.796	-236.892	-0.0276411	-0	-0	0
0	-9.8072	0	-577.697	0	0	-0	0	20.4586	22.636	-150.796	-147.588	-0.0321613	-0	-0	-0
0	-14.1911	0	-473.549	0	0	-0	0	20.157	22.0645	-150.796	-181.227	-0.0366816	-0	-0	0
0	-17.2128	0	595.462	0	0	-0	-0	19.8554	21.038	-150.796	-460.75	-0.0412018	-0	-0	0
0	-18.7506	0	669.682	0	0	-0	-0	19.5538	20.0568	-150.796	-393.712	-0.045722	-0	-0	0
0	-17.9083	0	235.135	0	0	-0	-0	19.2522	19.496	-150.796	-289.684	-0.0502422	-0	-0	0
0	-12.5998	0	-1592.84	0	0	-0	0	18.9506	19.2863	-150.796	-83.4236	-0.0547624	-0	-0	-0
0	-13.8337	0	-1620.37	0	0	-0	0	18.649	18.6089	-150.796	-292.078	-0.0592826	0	-0	0
0	-19.1651	0	-599.245	0	0	-0	0	18.3475	17.5692	-150.796	-362.587	-0.0638029	0	-0	0
0	-17.7997	0	814.531	0	0	-0	-0	18.0459	16.8641	-150.796	-295.67	-0.0683231	0	-0	0
0	-14.44	0	952.198	0	0	-0	-0	17.7443	16.4007	-150.796	-200.979	-0.0728433	0	-0	0
0	-13.0021	0	443.43	0	0	-0	-0	17.4427	15.9851	-150.796	-189.367	-0.0773635	0	-0	0
0	-13.2978	0	-868.592	0	0	-0	0	17.1411	15.5626	-150.796	-224.322	-0.0818838	0	-0	0
0	-13.0341	0	-854.227	0	0	-0	0	16.8395	14.9108	-150.796	-271.728	-0.086404	0	-0	0
0	-13.144	0	-1189.42	0	0	-0	0	16.5379	14.3233	-150.796	-214.746	-0.0909242	0	-0	0
0	-10.7179	0	-548.967	0	0	-0	0	16.2363	13.7236	-150.796	-274.002	-0.0954444	0	-0	0
0	-11.1024	0	485.329	0	0	-0	-0	15.9347	13.2484	-150.796	-163.39	-0.0999646	0	-0	0
0	-12.8517	0	-376.584	0	0	-0	0	15.6332	12.9643	-150.796	-99.9436	-0.104485	0	-0	-0
0	-13.5851	0	51.9781	0	0	-0	-0	15.3316	12.338	-150.796	-254.37	-0.109005	0	-0	0
0	-13.214	0	1046.77	0	0	-0	-0	15.03	11.6026	-150.796	-299.5	-0.113525	0	-0	0
0	-12.4353	0	430.262	0	0	-0	-0	14.7284	10.9205	-150.796	-296.986	-0.118046	0	-0	0
0	-11.407	0	53.1752	0	0	-0	-0	14.4268	10.283	-150.796	-306.683	-0.122566	0	-0	0
0	-9.96728	0	-994.288	0	0	-0	0	14.1252	9.79823	-150.796	-212.232	-0.127086	0	-0	0
0	-10.2516	0	-1315.11	0	0	-0	0	13.8236	9.1698	-150.796	-274.002	-0.131606	0	-0	0
0	-9.72653	0	-1200.19	0	0	-0	0	13.522	8.47805	-150.796	-286.212	-0.136126	0	-0	0
0	-8.196	0	-267.648	0	0	-0	0	13.2204	7.89592	-150.796	-186.733	-0.140647	0	-0	0
0	-5.66468	0	1074.3	0	0	-0	-0	12.9189	7.30315	-150.796	-246.948	-0.145167	0	-0	0
0	-3.54089	0	852.839	0	0	-0	-0	12.6173	6.84181	-150.796	-205.887	-0.149687	0	-0	0
0	-3.53644	0	1009.66	0	0	-0	-0	12.3157	6.15166	-150.796	-307.281	-0.154207	0	-0	0
0	-3.63731	0	-74.9147	0	0	-0	0	12.0141	5.36147	-150.796	-375.037	-0.158727	0	-0	0
0	-4.4262	0	-633.961	0	0	-0	0	11.7125	4.61385	-150.796	-289.205	-0.163248	0	-0	0
0	-3.89452	0	-289.196	0	0	-0	0	11.4109	3.89071	-150.796	-320.809	-0.167768	0	-0	0
0	-3.25354	0	-163.5	0	0	-0	0	11.1093	3.30326	-150.796	-241.441	-0.172288	0	-0	0
0	-3.38557	0	-176.668	0	0	-0	0	10.8077	2.68016	-150.796	-263.348	-0.176808	0	-0	0
0	-2.6648	0	323.72	0	0	-0	-0	10.5061	1.9916	-150.796	-287.769	-0.181329	0	-0	0
0	-1.85358	0	526.03	0	0	-0	-0	10.2046	1.40149	-150.796	-236.174	-0.185849	0	-0	0
0	-0.698427	0	530.818	0	0	-0	-0	9.90297	0.735284	-150.796	-296.747	-0.190369	0	-0	0
0	0.928569	0	735.523	0	-0	-0	-0	9.60138	0.0924918	-150.796	-258.799	-0.194889	0	-0	0
0	1.44108	0	201.616	0	-0	-0	-0	9.29979	-0.419933	-150.796	-243.237	-0.199409	0	-0	0
0	1.83727	0	442.233	0	-0	-0	-0	8.9982	-0.815292	-150.796	-144.715	-0.20393	0	-0	-0
0	2.86706	0	407.517	0	-0	-0	-0	8.69661	-1.0159	-150.796	-107.725	-0.20845	0	-0	-0
0	2.24194	0	8.88248	0	-0	-0	-0	8.39502	-1.19096	-150.796	-76.0015	-0.21297	0	-0	-0
0	2.30506	0	496.103	0	-0	-0	-0	8.09343	-1.34581	-150.796	-47.8697	-0.21749	0	-0	-0
0	2.53937	0	373.998	0	-0	-0	-0	7.79184	-1.42563	-150.796	-41.8842	-0.222011	0	-0	-0
0	2.92836	0	467.372	0	-0	-0	-0	7.49026	-1.55227	-150.796	-42.1236	-0.226531	0	-0	-0
0	3.7622	0	769.042	0	-0	-0	-0	7.18867	-1.63209	-150.796	-33.7439	-0.231051	0	-0	-0
0	3.72218	0	311.749	0	-0	-0	-0	6.88708	-1.73904	-150.796	-60.0801	-0.235571	0	-0	-0
0	3.82444	0	277.033	0	-0	-0	-0	6.58549	-1.90453	-150.796	-75.2833	-0.240091	0	-0	-0
0	2.73738	0	30.4303	0	-0	-0	-0	6.2839	-2.01361	-150.796	-36.7366	-0.244612	0	-0	-0
0	0.739355	0	-194.625	0	-0	-0	0	5.98231	-2.22113	-150.796	-111.915	-0.249132	0	-0	-0
0	-1.26387	0	-168.288	0	0	-0	0	5.68072	-2.38822	-150.796	-46.7923	-0.253652	0	-0	-0
0	-1.81111	0	-139.558	0	0	-0	0	5.37913	-2.47229	-150.796	-46.3134	-0.258172	0	-0	-0
0	-2.49211	0	183.659	0	0	-0	-0	5.07754	-2.6713	-150.796	-82.9447	-0.262693	0	-0	-0
0	-2.41344	0	108.242	0	0	-0	-0	4.77595	-2.8022	-150.796	-45.9543	-0.267213	0	-0	-0
0	-3.13331	0	-60.5494	0	0	-0	0	4.47437	-2.98418	-150.796	-93.7186	-0.271733	0	-0	-0
0	-2.61682	0	248.303	0	0	-0	-0	4.17278	-3.24385	-150.796	-95.1552	-0.276253	0	-0	-0
0	-3.10144	0	366.816	0	0	-0	-0	3.87119	-3.4551	-150.796	-85.2192	-0.280773	0	-0	-0
0	-2.85452	0	403.926	0	0	-0	-0	3.5696	-3.69083	-150.796	-107.126	-0.285294	0	-0	-0
0	-1.96302	0	431.459	0	0	-0	-0	3.26801	-3.83769	-150.796	-47.6302	-0.289814	0	-0	-0
0	-3.27976	0	-283.21	0	0	-0	0	2.96662	-3.96274	-149.559	-95.1552	-0.29155	0	-0	-0
0	-5.8377	0	-356.233	0	0	-0	0	2.67505	-4.19953	-142.019	-84.9798	-0.278981	0	-0	-0
0	-7.17634	0	-529.813	0	0	-0	0	2.39855	-4.37619	-134.479	-70.016	-0.266185	0	-0	-0
0	-8.08695	0	-46.1841	0	0	-0	0	2.13714	-4.64012	-126.939	-110.717	-0.253164	0	-0	-0
0	-7.2194	0	73.5259	0	0	-0	-0	1.8908	-4.76516	-119.4	-28.1175	-0.239916	0	-0	-0
0	-7.17375	0	134.578	0	0	-0	-0	1.65954	-4.78698	-111.86	-31.1103	-0.226443	0	-0	-0
0	-6.46186	0	339.282	0	0	-0	-0	1.44337	-4.89872	-104.32	-41.525	-0.212743	0	-0	-0
0	-5.44493	0	122.607	0	0	-0	-0	1.24227	-4.83753	-96.7806	41.6735	-0.198818	0	-0	-0
0	-5.60467	0	-335.883	0	0	-0	0	1.05625	-4.80135	-89.2408	-23.5685	-0.184667	0	-0	-0
0	-4.84835	0	-120.404	0	0	-0	0	0.885309	-4.81305	-81.7011	15.6964	-0.170289	0	-0	-0
0	-4.45553	0	-169.486	0	0	-0	0	0.729448	-4.74175	-74.1614	45.7436	-0.155686	0	-0	-0
0	-3.18921	0	68.7375	0	0	-0	-0	0.588667	-4.5917	-66.6217	59.9891	-0.140856	0	-0	-0
0	-1.57693	0	457.795	0	0	-0	-0	0.462965	-4.30435	-59.0819	131.695	-0.125801	0	-0	-0
0	-0.768812	0	142.958	0	0	-0	-0	0.352342	-3.99254	-51.5422	124.633	-0.110519	0	-0	-0
0	-0.310396	0	180.068	0	0	-0	-0	0.256799	-3.72648	-44.0025	111.345	-0.0950116	0	-0	-0
0	-0.792151	0	-533.404	0	0	-0	0	0.176335	-3.34496	-36.4628	168.806	-0.0792781	0	-0	-0
0	-1.34558	0	-137.164	0	0	-0	0	0.11095	-3.02569	-28.923	126.787	-0.0633185	0	-0	-0
0	-0.715466	0	-188.639	0	0	-0	0	0.0606441	-2.65693	-21.3833	172.876	-0.047133	0	-0	-0
0	-1.48093	0	-420.877	0	0	-0	0	0.0254177	-2.29084	-13.8436	134.808	-0.0307214	0	-0	-0
0	-2.82307	0	-235.326	0	0	-0	0	0.00527049	-1.96785	-6.30385	124.633	-0.0140839	0	-0	-0
0	-4.67812	0	-976.332	0	0	-0	0	0	-1.52726	0	219.563	0	0	-0	-0
0	-5.61342	0	-6.67981	0	0	-0	0	0	-1.28302	0	99.3737	0	0	-0	-0
0	-5.58539	0	96.2708	0	0	-0	-0	0	-0.97333	0	154.919	0	0	-0	-0
0	-5.90623	0	-146.741	0	0	-0	0	0	-0.620007	0	127.266	0	0	-0	-0
0	-5.35996	0	224.361	0	0	-0	-0	0	-0.391731	0	112.662	0	0	-0	-0
0	-4.84087	0	320.129	0	0	-0	-0	0	-0.0506465	0	148.814	0	0	-0	-0
0	-4.87025	0	108.242	0	0	-0	-0	0	0.229245	0	103.444	0	-0	-0	-0
0	-4.44191	0	333.297	0	0	-0	-0	0	0.446347	0	99.1343	0	-0	-0	-0
0	-5.22952	0	-380.175	0	0	-0	0	0	0.682605	0	82.1355	0	-0	-0	-0
0	-5.82136	0	-3.08852	0	0	-0	0	0	0.767743	0	44.9056	0	-0	-0	-0
0	-6.18918	0	-246.1	0	0	-0	0	0	0.892789	0	47.1801	0	-0	-0	-0
0	-6.79207	0	-380.175	0	0	-0	0	0	0.920991	0	2.16915	0	-0	-0	-0
0	-6.67417	0	757.071	0	0	-0	-0	0	0.775724	0	-31.8285	0	-0	-0	0
0	-5.96077	0	551.169	0	0	-0	-0	0	0.624604	0	-84.7404	0	-0	-0	0
0	-6.34535	0	-10.2711	0	0	-0	0	0	0.481466	0	-63.0729	0	-0	-0	0
0	-6.15331	0	267.456	0	0	-0	-0	0	0.358548	0	-35.779	0	-0	-0	0
0	-5.81536	0	255.485	0	0	-0	-0	0	0.206896	0	-86.0572	0	-0	-0	0
0	-5.01831	0	522.439	0	0	-0	-0	0	-0.0102059	0	-81.1491	0	0	-0	0
0	-4.68864	0	158.52	0	0	-0	-0	0	-0.116628	0	-46.6726	0	0	-0	0
0	-4.62743	0	303.369	0	0	-0	-0	0	-0.268281	0	-60.1998	0	0	-0	0
0	-3.39421	0	696.018	0	0	-0	-0	0	-0.314574	0	4.92248	0	0	-0	-0
0	-2.95155	0	57.9636	0	0	-0	-0	0	-0.258703	0	0.014365	0	0	-0	-0
0	-1.99093	0	697.216	0	0	-0	-0	0	-0.289033	0	6.95755	0	0	-0	-0
0	-0.859439	0	472.161	0	0	-0	-0	0	-0.188464	0	41.6735	0	0	-0	-0
0	-0.550036	0	415.897	0	0	-0	-0	0	-0.1145	0	27.6674	0	0	-0	-0
0	1.06816	0	939.03	0	-0	-0	-0	0	-0.0580961	0	42.3917	0	0	-0	-0
0	1.40042	0	277.033	0	-0	-0	-0	0	0.0882349	0	42.7509	0	-0	-0	-0
0	1.80841	0	639.755	0	-0	-0	-0	0	0.0908955	0	5.52103	0	-0	-0	-0
0	2.06532	0	373.998	0	-0	-0	-0	0	0.154217	0	22.041	0	-0	-0	-0
0	1.40094	0	-70.1262	0	-0	-0	0	0	0.158474	0	-21.1743	0	-0	-0	0
0	1.52108	0	467.372	0	-0	-0	-0	0	0.0664183	0	-15.0691	0	-0	-0	0
0	1.32804	0	-76.1117	0	-0	-0	0	0	0.0951524	0	1.21147	0	-0	-0	-0
0	1.04273	0	221.966	0	-0	-0	-0	0	0.0201245	0	-29.7934	0	-0	-0	0
0	1.56726	0	514.059	0	-0	-0	-0	0	-0.00701324	0	0.373495	0	0	-0	-0
0	1.40849	0	-59.3523	0	-0	-0	0	0	0.00948225	0	-13.6326	0	-0	-0	0
0	1.96799	0	585.885	0	-0	-0	-0	0	-0.0650135	0	-11.5975	0	0	-0	0
0	1.96045	0	7.68539	0	-0	-0	-0	0	-0.00754536	0	17.492	0	0	-0	-0
0	1.23926	0	-25.8334	0	-0	-0	0	0	-0.0171234	0	-10.7595	0	0	-0	0
0	1.79675	0	439.839	0	-0	-0	-0	0	-0.0208482	0	18.5694	0	0	-0	-0
0	1.12593	0	-262.859	0	-0	-0	0	0	0.0531155	0	9.83059	0	-0	-0	-0
0	1.24821	0	429.065	0	-0	-0	-0	0	0.00256478	0	-6.6894	0	-0	-0	0
0	1.59231	0	225.558	0	-0	-0	-0	0	0.0376842	0	13.1825	0	-0	-0	-0
0	1.1874	0	-5.48273	0	-0	-0	0	0	0.0275741	0	-19.7378	0	-0	-0	0
0	1.95588	0	577.505	0	-0	-0	-0	0	-0.03894	0	-0.464474	0	0	-0	0
0	1.38671	0	-218.567	0	-0	-0	0	0	0.0137391	0	0.852336	0	-0	-0	-0
0	1.44345	0	284.216	0	-0	-0	-0	0	-0.0368115	0	-11.1187	0	0	-0	0
0	1.68942	0	251.894	0	-0	-0	-0	0	-0.00116001	0	18.9286	0	0	-0	-0
0	1.09155	0	-235.326	0	-0	-0	0	0	0.0339594	0	-8.48505	0	-0	-0	0
0	1.50228	0	582.294	0	-0	-0	-0	0	-0.024573	0	4.32393	0	0	-0	-0
0	1.41016	0	-60.5494	0	-0	-0	0	0	0.0371521	0	5.40132	0	-0	-0	-0
