0	0.0232285	0	25.8095	0	-1.85828e-05	0	-0	0	-0.00390571	0	0	0	0.000234342	0	0	0	0	0	0	0	-3.90571e-06
0.12	-0.535407	240	-618.231	0	0.000428325	-4.64571e-07	0	0	0.0493056	0	12.7707	0	-0.00295833	3.51514e-05	-0	4e-05	9.53674e-07	0	5.64907e-11	0	5.92348e-05
0.48	-0.535407	480	-618.231	0	0.000428325	-4.64571e-07	0	0	0.0493056	0	12.7707	0	-0.00295833	3.51514e-05	-0	0.00032	9.53674e-07	0	5.64907e-11	0	5.92348e-05
1.08	-2.62862	720	-2251.08	0.0166557	0.00296689	1.02436e-05	0	0	0.285564	0	40.4406	0	-0.0171338	-0.000408599	-0	0.00108	9.53674e-07	0	5.64907e-11	0	5.92348e-05
1.92	-4.71941	960	-2480.92	0.0222954	0.00531153	8.44159e-05	0	0	0.602703	0	24.4772	0	-0.0361622	-0.00297867	-0	0.00256	-0.00120687	0	-4.66531e-07	0	0.000386303
3	-5.06268	1200	-637.384	0.0279791	0.00645015	0.000217204	0	0	0.655914	0	-6.38539	0	-0.0393548	-0.00840299	0	0.005	-0.00241518	0	-1.66155e-06	0	0.000989006
4.31999	-4.11305	1440	492.679	0.0337068	0.00674644	0.000378458	0	0	0.533528	0	0	0	-0.0320117	-0.0143062	0	0.00864	-0.00483083	0	-5.63511e-06	0	0.00164492
5.87999	-3.62497	1680	353.815	0.0394783	0.00760397	0.000547119	0	0	0.339839	0	-17.0276	0	-0.0203903	-0.019108	0	0.01372	-0.00483131	0	-5.63615e-06	0	0.00217845
7.67998	-3.70261	1920	-220.793	0.0452938	0.00910607	0.000737218	0	0	0.253637	0	-6.38539	0	-0.0152182	-0.0221665	0	0.02048	-0.00724791	0	-1.17219e-05	0	0.00251829
9.71996	-4.11541	2160	-467.396	0.0511532	0.0110683	0.00096487	0	0	0.204682	0	-7.44958	0	-0.0122809	-0.0244493	0	0.02916	-0.00966213	0	-1.84139e-05	0	0.00277192
11.9999	-4.25205	2400	-206.428	0.0570566	0.0130016	0.00124158	0	0	0.149343	0	-8.51381	0	-0.00896056	-0.0262914	0	0.04	-0.0132861	0	-2.9201e-05	0	0.00297661
14.5199	-4.1703	2640	-113.054	0.0630038	0.0149522	0.00156662	0	0	0.106774	0	-4.2569	0	-0.00640642	-0.0276355	0	0.05324	-0.01691	0	-4.05062e-05	0	0.00311956
17.2799	-3.74535	2880	277.201	0.0689951	0.0168202	0.00194042	0	0	0.0663332	0	0	0	-0.00397999	-0.0285964	0	0.06912	-0.0193271	0	-4.83045e-05	0	0.00322634
20.2799	-1.59807	3120	2103.98	0.0750302	0.0175024	0.00236093	0	0	-0.123099	0	-37.2479	0	0.00738594	-0.0291934	0	0.08788	-0.0217427	0	-5.62584e-05	0	0.00329267
23.5199	1.33866	3360	3219.67	0.0811093	0.017745	0.00279849	0	0	-0.440238	0	0	0	0.0264143	-0.0280856	0	0.10976	-0.022951	0	-6.00432e-05	0	0.00313232
26.9999	2.96902	3600	2094.4	0.0872323	0.0192247	0.00324211	0	0	-0.682881	0	-14.8991	0	0.0409729	-0.0241234	0	0.135	-0.0241589	0	-6.32472e-05	0	0.00265271
30.7199	3.3718	3840	777.589	0.0933992	0.0218785	0.00372273	0	0	-0.727579	0	0	0	0.0436547	-0.0179775	0	0.16384	-0.0253662	0	-6.56255e-05	0	0.00196983
34.68	3.52991	4080	416.064	0.0996101	0.0249201	0.00426969	0	0	-0.710551	0	7.44957	0	0.0426331	-0.0114293	-0	0.19652	-0.0253676	0	-6.56273e-05	0	0.00124118
38.88	4.04726	4320	698.58	0.105865	0.0278662	0.00489269	0	0	-0.727579	0	-17.0276	0	0.0436547	-0.00503431	0	0.23328	-0.0241593	0	-6.49861e-05	0	0.000530634
43.32	5.2283	4560	1493.46	0.112164	0.0304734	0.00558935	0	0	-0.812717	0	-85.138	0	0.048763	0.0015139	0	0.27436	-0.0217432	0	-6.5462e-05	0	-0.000196945
48	9.48724	4800	4507.76	0.118506	0.0308102	0.00635118	0	0	-0.770148	0	42.5691	0	0.0462089	0.00882835	-0	0.32	-0.0193266	0	-6.79019e-05	0	-0.00100966
52.9199	13.2195	5040	3858.93	0.124893	0.0317603	0.00712144	0	0	-0.43811	0	332.038	0	0.0262866	0.0157597	-0	0.37044	-0.0120787	0	-8.08019e-05	0	-0.00177981
58.0799	14.532	5280	1048.13	0.131323	0.0348383	0.00791544	0	0	-0.10075	0	337.359	0	0.00604501	0.0197027	-0	0.42592	1.00196e-06	0	-0.000107594	0	-0.00221792
63.4798	17.7583	5520	3320.23	0.137798	0.0365772	0.0087864	0	0	-0.024126	0	76.6242	0	0.00144756	0.0206094	-0	0.48668	0.0169125	0	-0.000146806	0	-0.00231867
69.1198	22.4918	5760	4816.61	0.144316	0.0373024	0.00970083	0	0	-0.0677592	0	-43.6332	0	0.00406555	0.0208266	0	0.55296	0.0338254	0	-0.000186429	0	-0.0023428
74.9998	26.0327	6000	3480.64	0.150879	0.0391736	0.0106334	0	0	-0.102879	0	-35.1194	0	0.00617272	0.0214364	0	0.625	0.0555691	0	-0.000238844	0	-0.00241056
80.9998	28.7291	6000	2264.39	0.151977	0.0418165	0.0116127	0	0	-0.10075	0	2.12845	0	0.00604501	0.0223623	-0	0.703	0.0821441	0	-0.000305639	0	-0.00251343
86.9997	33.1239	6000	3645.84	0.153075	0.0431006	0.0126581	0	0	-0.109264	0	-8.51382	0	0.00655584	0.023269	0	0.787	0.114761	0	-0.000390904	0	-0.00261418
92.9997	39.0556	6000	5439.1	0.154173	0.0431553	0.0137357	0	0	-0.113521	0	-4.25689	0	0.00681125	0.0242524	0	0.877	0.154625	0	-0.000499474	0	-0.00272345
98.9996	44.6647	6000	4397.62	0.155272	0.0434679	0.0148145	0	0	-0.0720161	0	41.5048	0	0.00432097	0.0252741	-0	0.973	0.198114	0	-0.00062285	0	-0.00283697
105	49.7952	6000	4086.38	0.15637	0.0441635	0.0159012	0	0	0.0141861	0	86.2022	0	-0.000851167	0.0259223	-0	1.075	0.253682	0	-0.000784498	0	-0.00290899
111	56.4024	6000	5357.7	0.157468	0.0436777	0.0170053	0	0	0.0631405	0	48.9544	0	-0.00378843	0.0257946	-0	1.183	0.312874	0	-0.000955846	0	-0.0028948
117	62.7893	6000	5041.66	0.158567	0.0433682	0.0180973	0	0	0.104645	0	41.5048	0	-0.00627872	0.0252263	-0	1.297	0.380522	0	-0.0011474	0	-0.00283166
123	68.7609	6000	3947.51	0.159665	0.0433909	0.0191815	0	0	0.161049	0	56.4039	0	-0.00966295	0.0242845	-0	1.417	0.455418	0	-0.00135165	0	-0.00272701
129	75.3234	6000	4328.19	0.160763	0.0429409	0.0202662	0	0	0.195104	0	34.0552	0	-0.0117063	0.0228351	-0	1.543	0.542396	0	-0.00157483	0	-0.00256596
135	81.9658	6000	3803.86	0.161862	0.042427	0.0213398	0	0	0.179141	0	-15.9634	0	-0.0107485	0.0210791	0	1.675	0.637828	0	-0.00180108	0	-0.00237086
141	87.8286	6000	2736.05	0.16296	0.0425368	0.0224004	0	0	0.156792	0	-22.3487	0	-0.00940754	0.0194669	0	1.813	0.745339	0	-0.00203672	0	-0.00219172
150	95.6966	6000	4139.05	0.164607	0.0434428	0.0234639	0	0	0.159985	-0	3.19268	0	-0.0095991	0.0180557	-0	1.957	0.861309	0	-0.00227271	0	-0.00203493
156	104.686	6000	4649.01	0.165706	0.0410509	0.0245499	0	0	0.235545	-0	75.56	0	-0.0141327	0.0166159	-0	2.107	0.990565	0	-0.00251506	0	-0.00187494
162	113.23	6000	4347.34	0.166804	0.0390157	0.0255762	0	0	0.357931	-0	122.386	0	-0.0214759	0.014496	-0	2.263	1.13432	0	-0.00275073	0	-0.0016394
168	122.541	6000	5209.26	0.167902	0.0363668	0.0265516	0	0	0.489895	-0	131.964	0	-0.0293937	0.0112746	-0	2.425	1.28532	0	-0.00294423	0	-0.00128147
174	132.953	6000	5855.69	0.169001	0.0328377	0.0274608	0	0	0.532464	-0	42.569	0	-0.0319478	0.00686553	-0	2.593	1.44478	0	-0.00307045	0	-0.000791571
180	141.765	6000	4833.37	0.170099	0.0305878	0.0282817	0	0	0.519693	-0	-12.7707	0	-0.0311816	0.00207335	0	2.767	1.61873	0	-0.00311552	0	-0.000259107
186	150.773	6000	4553.25	0.171197	0.0281814	0.0290464	0	0	0.480317	-0	-39.3763	0	-0.028819	-0.00260388	0	2.947	1.79631	0	-0.00306925	0	0.000260586
192	159.84	6000	5216.44	0.172295	0.0257283	0.0297509	0	0	0.429234	-0	-51.0828	0	-0.025754	-0.00692673	0	3.133	1.98717	0	-0.00292784	0	0.000740903
198	168.768	6000	4593.95	0.173394	0.0233856	0.0303942	0	0	0.418592	-0	-10.6422	0	-0.0251155	-0.0107898	0	3.325	2.18166	0	-0.00270026	0	0.00117014
204	177.278	6000	4852.52	0.174492	0.0213777	0.0309788	0	0	0.432427	-0	13.8349	0	-0.0259456	-0.0145572	-0	3.523	2.38944	0	-0.00237015	0	0.00158873
210	186.104	6000	4136.65	0.17559	0.0191165	0.0315132	0	0	0.432427	-0	0	0	-0.0259456	-0.018449	-0	3.72699	2.59963	0	-0.00194532	0	0.00202116
216	195.867	6000	4277.91	0.176689	0.0161066	0.0319911	0	0	0.382408	-0	-50.0186	0	-0.0229445	-0.0223408	0	3.93699	2.82795	0	-0.00138514	0	0.00245358
222	203.609	6000	6071.17	0.177787	0.0147127	0.0323938	-0	0	0.281307	-0	-101.101	0	-0.0168784	-0.0257825	0	4.15299	3.07317	0	-0.000689677	0	0.00283599
228	211.623	6000	4682.53	0.178885	0.0131018	0.0327616	0	0	0.210004	-0	-71.3031	0	-0.0126002	-0.0283143	0	4.37499	3.29182	0	-8.08017e-06	0	0.0031173
234	219.138	6000	3676.97	0.179984	0.0118896	0.0330892	0	0	0.228095	-0	18.0918	0	-0.0136857	-0.0302043	-0	4.60299	3.53342	0	0.000795801	0	0.0033273
240	227.339	6000	5407.98	0.181082	0.010129	0.0333864	0	0	0.287692	-0	59.5966	0	-0.0172615	-0.0322572	-0	4.83699	3.7871	0	0.00169774	0	0.0035554
246	234.998	6000	4778.3	0.18218	0.00880134	0.0336396	0	0	0.344096	-0	56.4039	0	-0.0206458	-0.0348464	-0	5.07699	4.03958	0	0.00266802	0	0.00384309
252	240.888	6000	3796.68	0.183278	0.00888982	0.0338597	0	0	0.331325	-0	-12.7707	0	-0.0198795	-0.0379433	0	5.32299	4.3005	0	0.00376058	0	0.00418718
258	248.812	6000	4967.44	0.184377	0.00735022	0.0340819	0	0	0.257894	-0	-73.4315	0	-0.0154736	-0.0409252	0	5.57499	4.56022	0	0.00493413	0	0.00451851
264	254.683	6000	3969.06	0.185475	0.00745325	0.0342657	0	0	0.131251	-0	-126.643	0	-0.00787505	-0.0432462	0	5.83299	4.83564	0	0.00624967	0	0.0047764
270	260.242	6000	3200.52	0.186573	0.00780637	0.034452	0	0	-0.014548	-0	-145.799	0	0.000872878	-0.0444275	0	6.09699	5.10744	0	0.00758358	0	0.00490765
276	266.851	6000	4581.98	0.187672	0.00731941	0.0346472	0	0	-0.103943	-0	-89.3949	0	0.00623657	-0.0442966	0	6.36699	5.38891	0	0.00896081	0	0.00489311
282	273.714	6000	4256.36	0.18877	0.00662922	0.0348302	0	0	-0.267834	-0	-163.891	0	0.01607	-0.0433611	0	6.64299	5.67399	0	0.0103262	0	0.00478916
288	279.334	6000	3504.58	0.189868	0.00693276	0.0349959	0	0	-0.528569	-0	-260.735	0	0.0317141	-0.0409506	0	6.92499	5.97116	0	0.0116698	0	0.00452133
294	286.941	6000	4457.48	0.190967	0.00564685	0.0351692	0	0	-0.715872	-0	-187.304	0	0.0429523	-0.0361934	0	7.21299	6.26954	0	0.0128611	0	0.00399276
300	294.18	6000	5295.45	0.192065	0.00465613	0.0353104	0	0	-0.816974	-0	-101.101	0	0.0490184	-0.0297506	0	7.50698	6.58483	0	0.0138943	0	0.00327689
306	301.519	6000	5003.35	0.193163	0.00358489	0.0354268	0	0	-0.72545	-0	91.5233	0	0.043527	-0.0223978	-0	7.80698	6.89649	0	0.0146609	0	0.00245991
312	308.315	6000	5618.66	0.194261	0.00294797	0.0355164	0	0	-0.638184	-0	87.2665	0	0.038291	-0.0158688	-0	8.11299	7.21903	0	0.0152204	0	0.00173446
318	315.461	6000	5419.95	0.19536	0.00203118	0.0355901	0	0	-0.606257	-0	31.9268	0	0.0363754	-0.0101251	-0	8.42499	7.53794	0	0.01557	0	0.00109628
324	320.09	6000	4088.77	0.196458	0.00312776	0.0356409	0	0	-0.636055	-0	-29.7983	0	0.0381633	-0.0046688	0	8.74299	7.86894	0	0.0157322	0	0.000490022
330	325.366	6000	3710.49	0.197556	0.00370745	0.0357191	0	0	-0.560495	-0	75.56	0	0.0336297	0.0010557	-0	9.06699	8.19389	0	0.0156847	0	-0.000146034
336	329.363	6000	3413.6	0.198655	0.00530928	0.0358118	0	0	-0.433853	-0	126.643	0	0.0260312	0.00610016	-0	9.39699	8.53334	0	0.0154449	0	-0.000706529
342	335.431	6000	3875.69	0.199753	0.00525547	0.0359445	0	0	-0.330623	-0	103.23	0	0.0198374	0.0100048	-0	9.73299	8.86796	0	0.0150633	0	-0.00114038
348	339.374	6000	2726.47	0.200851	0.00690105	0.0360759	0	0	-0.301889	-0	28.7341	0	0.0181133	0.0129804	-0	10.075	9.22312	0	0.0145409	0	-0.001471
354	343.469	6000	1455.15	0.201949	0.00842458	0.0362484	0	0	-0.316788	-0	-14.8991	0	0.0190073	0.0156974	0	10.423	9.57344	0	0.0139198	0	-0.00177289
360	348.188	6000	2467.9	0.203048	0.00944976	0.036459	0	0	-0.366807	-0	-50.0186	0	0.0220084	0.0185485	0	10.777	9.94067	0	0.0131524	0	-0.00208968
366	355.077	6000	2719.29	0.204146	0.00873865	0.0366953	0	0	-0.378513	-0	-11.7065	0	0.0227108	0.0218498	0	11.137	10.3091	0	0.0122473	0	-0.00245649
372	363.679	6000	5254.75	0.205244	0.00665647	0.0369137	0	0	-0.337008	-0	41.5048	0	0.0202205	0.0252564	-0	11.503	10.7017	0	0.0111343	0	-0.002835
378	373.86	6000	7158.14	0.206343	0.00331223	0.0370801	-0	0	-0.284861	-0	52.1471	0	0.0170917	0.0282895	-0	11.875	11.0955	0	0.00988511	0	-0.00317201
384	381.919	6000	5664.15	0.207441	0.00166467	0.0371629	0	0	-0.185888	-0	98.9729	0	0.0111533	0.0308532	-0	12.253	11.4966	0	0.00849871	0	-0.00345687
390	390.444	6000	5063.21	0.208539	-0.000354858	0.0372046	0	0	-0.0656308	-0	120.257	0	0.00393785	0.0325262	-0	12.637	11.9001	0	0.00702894	0	-0.00364276
396	396.705	6000	5106.31	0.209638	-0.000563867	0.0371957	0	0	-0.0326398	-0	32.991	0	0.00195839	0.0331169	-0	13.027	12.3216	0	0.00546551	0	-0.00370839
402	402.823	6000	2958.71	0.210736	-0.000658472	0.0371816	0	0	-0.0113553	-0	21.2845	0	0.000681317	0.0334107	-0	13.423	12.7287	0	0.00394254	0	-0.00374103
408	407.02	6000	2712.1	0.211834	0.000783691	0.0371651	0	0	0.0141861	-0	25.5414	0	-0.000851167	0.0335129	-0	13.825	13.16	0	0.00232429	0	-0.00375238
414	413.817	6000	3650.63	0.212932	0.000146387	0.0371847	0	0	-0.00390571	-0	-18.0918	0	0.000234342	0.0333852	0	14.233	13.5804	0	0.000752807	0	-0.0037382
420	417.716	6000	2125.52	0.214031	0.0018271	0.0371884	0	0	-0.0134837	-0	-9.57803	0	0.000809024	0.0334203	0	14.647	14.0225	0	-0.00090169	0	-0.0037421
426	425.676	6000	3715.27	0.215129	0.000259497	0.0372341	0	0	-0.155026	-0	-141.542	0	0.00930154	0.0335417	0	15.067	14.4562	0	-0.0025304	0	-0.00375559
432	431.95	6000	3801.47	0.216227	3.96729e-05	0.0372405	0	0	-0.107136	-0	47.8901	0	0.00642813	0.0349369	-0	15.493	14.9201	0	-0.00434443	0	-0.00391061
438	437.94	6000	2570.85	0.217326	4.7998e-05	0.0372415	0	0	0.117416	-0	224.551	0	-0.00704496	0.0359011	-0	15.925	15.3743	0	-0.00616933	0	-0.00401775
444	445.055	6000	4083.98	0.218424	-0.00084375	0.0372427	0	0	0.373894	-0	256.478	0	-0.0224337	0.0348444	-0	16.363	15.843	0	-0.00799745	0	-0.00390033
450	453.303	6000	3851.74	0.219522	-0.00264219	0.0372216	0	0	0.332389	-0	-41.5048	0	-0.0199434	0.0314793	0	16.807	16.3153	0	-0.00966309	0	-0.00352644
456	459.578	6000	3650.63	0.220621	-0.00286265	0.0371556	0	0	0.0812323	-0	-251.157	0	-0.00487394	0.0284878	0	17.257	16.8082	0	-0.0112373	0	-0.00319405
462	466.694	6000	3133.48	0.221719	-0.00375498	0.037084	0	0	-0.0294471	-0	-110.679	0	0.00176683	0.0277567	0	17.713	17.2914	0	-0.0127415	0	-0.00311282
468	472.825	6000	3770.34	0.222817	-0.00386028	0.0369902	0	0	0.204682	-0	234.13	0	-0.0122809	0.0280218	-0	18.175	17.7939	0	-0.0143205	0	-0.00314226
474	482.522	6000	6131.02	0.223915	-0.0068177	0.0368936	-0	0	0.589932	-0	385.25	0	-0.0353959	0.0261796	-0	18.643	18.288	0	-0.0157719	0	-0.00293758
480	491.979	6000	6808.58	0.225014	-0.00958352	0.0367232	-0	0	0.912392	-0	322.46	0	-0.0547435	0.0208702	-0	19.117	18.8026	0	-0.0169801	0	-0.00234765
486	500.202	6000	6755.91	0.226112	-0.0113618	0.0364836	-0	0	1.0965	-0	184.111	0	-0.0657902	0.0126587	-0	19.597	19.3184	0	-0.0177204	0	-0.00143526
492	505.443	6000	5563.6	0.22721	-0.0107541	0.0361996	0	0	1.17313	-0	76.6242	0	-0.0703876	0.00279018	-0	20.083	19.8318	0	-0.0178943	0	-0.000338754
498	511.026	6000	5587.54	0.228309	-0.0104208	0.0359307	0	0	1.22634	-0	53.2112	0	-0.0735803	-0.00776797	-0	20.575	20.3343	0	-0.017475	0	0.000834373
504	515.561	6000	5848.51	0.229407	-0.00924875	0.0356702	0	0	1.29551	-0	69.1745	0	-0.0777308	-0.018805	-0	21.073	20.8453	0	-0.016422	0	0.00206071
510	518.782	6000	3147.85	0.230505	-0.00702585	0.035439	0	0	1.38704	-0	91.5234	0	-0.0832222	-0.0304646	-0	21.577	21.3491	0	-0.0147314	0	0.00335623
516	518.051	6000	590.841	0.231604	-0.00164111	0.0352633	0	0	1.49452	-0	107.487	0	-0.0896714	-0.042948	-0	22.087	21.8685	0	-0.0122675	0	0.00474326
522	519.921	6000	1385.72	0.232702	0.00166299	0.0352223	0	0	1.51155	-0	17.0276	0	-0.0906931	-0.0563987	-0	22.603	22.3746	0	-0.00911023	0	0.00623779
528	522.084	6000	2590	0.2338	0.00473315	0.0352639	0	0	1.16993	-0	-341.616	0	-0.0701961	-0.0700026	0	23.125	22.8989	0	-0.00504746	0	0.00774934
534	530.183	6000	6339.32	0.234898	0.00305376	0.0353822	-0	0	0.764465	-0	-405.47	0	-0.0458679	-0.0805321	0	23.653	23.4171	0	-0.000425245	0	0.00891927
540	537.643	6000	9482.91	0.235997	0.00188535	0.0354586	-0	0	0.543106	-0	-221.359	0	-0.0325864	-0.0874122	0	24.187	23.9631	0	0.00486221	0	0.00968374
546	544.647	6000	7924.28	0.237095	0.00108271	0.0355057	-0	0	0.505858	-0	-37.2479	0	-0.0303515	-0.0923002	0	24.727	24.4825	0	0.0101744	0	0.0102268
552	548.133	6000	7076.73	0.238193	0.00309365	0.0355328	-0	0	0.735731	-0	229.873	0	-0.0441438	-0.0968529	-0	25.273	25.0189	0	0.0159308	0	0.0107327
558	553.12	6000	6715.21	0.239292	0.00390415	0.0356101	-0	0	0.781492	-0	45.7616	0	-0.0468895	-0.103474	-0	25.825	25.5346	0	0.0218463	0	0.0114684
564	554.938	6000	5628.24	0.24039	0.00724937	0.0357077	0	0	0.519693	-0	-261.799	0	-0.0311816	-0.110508	0	26.383	26.0722	0	0.0284313	0	0.0122499
570	554.987	6000	1850.19	0.241488	0.0120103	0.0358889	0	0	0.202554	-0	-317.139	0	-0.0121532	-0.115185	0	26.947	26.5928	0	0.0350796	0	0.0127696
576	551.252	6000	-1274.24	0.242587	0.0197982	0.0361892	0	0	0.124866	-0	-77.6884	0	-0.00749193	-0.117008	0	27.517	27.1315	0	0.0420685	0	0.0129722
582	554.006	6000	1359.38	0.243685	0.022395	0.0366841	0	0	0.211068	-0	86.2022	0	-0.0126641	-0.118132	-0	28.093	27.6606	0	0.048998	0	0.013097
588	556.26	6000	1646.68	0.244783	0.0253918	0.037244	0	0	0.361124	-0	150.056	0	-0.0216674	-0.120032	-0	28.675	28.2271	0	0.0565376	0	0.0133081
594	558.873	6000	-924.689	0.245881	0.0281014	0.0378788	0	0	0.469675	-0	108.551	0	-0.0281805	-0.123282	-0	29.263	28.7888	0	0.0642158	0	0.0136692
600	560.541	6000	-2356.42	0.24698	0.0315671	0.0385814	0	0	0.596317	-0	126.643	0	-0.035779	-0.127509	-0	29.857	29.3794	0	0.0725675	0	0.0141389
606	569.951	6000	1330.65	0.248078	0.0288394	0.0393705	0	0	0.580354	-0	-15.9634	0	-0.0348212	-0.132876	0	30.457	29.9761	0	0.0813606	0	0.0147352
612	582.801	6000	7138.98	0.249176	0.023359	0.0400915	-0	0	0.0865534	-0	-493.8	0	-0.00519321	-0.138099	0	31.063	30.6187	0	0.0912029	0	0.0153156
618	600.477	6000	9767.82	0.250275	0.0140181	0.0406755	-0	0	-0.572202	-0	-658.755	0	0.0343321	-0.138878	0	31.675	31.2528	0	0.100971	0	0.0154021
624	616.178	6000	11146.9	0.251373	0.00625796	0.0410259	-0	0	-1.15008	-0	-577.874	0	0.0690046	-0.133728	0	32.293	31.9244	0	0.110931	0	0.0148299
630	632.321	6000	10296.9	0.252471	-0.00185698	0.0411824	-0	0	-1.21393	-0	-63.8537	0	0.0728358	-0.123377	0	32.917	32.5815	0	0.11992	0	0.0136798
636	640.973	6000	6988.15	0.253569	-0.00397866	0.041136	-0	0	-0.895726	-0	318.203	0	0.0537436	-0.112452	-0	33.547	33.2664	0	0.128459	0	0.0124659
642	650.967	6000	5278.69	0.254668	-0.00717324	0.0410365	0	0	-0.745671	-0	150.056	0	0.0447402	-0.10439	-0	34.183	33.9223	0	0.136048	0	0.0115702
648	658.085	6000	6952.24	0.255766	-0.00806763	0.0408572	-0	0	-0.623285	-0	122.386	0	0.0373971	-0.0976793	-0	34.825	34.6156	0	0.143553	0	0.0108245
654	665.163	6000	5015.33	0.256864	-0.00893052	0.0406555	0	0	-0.765891	-0	-142.606	0	0.0459535	-0.0920697	0	35.473	35.2752	0	0.150282	0	0.0102012
660	669.267	6000	5046.45	0.257963	-0.00741328	0.0404322	0	0	-1.06707	-0	-301.176	0	0.064024	-0.0851767	0	36.127	35.9589	0	0.156733	0	0.00943535
666	676.241	6000	5068	0.259061	-0.00819238	0.0402469	0	0	-1.27565	-0	-208.588	0	0.0765393	-0.0755731	0	36.787	36.6196	0	0.162262	0	0.00836828
672	677.278	6000	2467.9	0.260159	-0.00422266	0.0400421	0	0	-1.23734	-0	38.3122	0	0.0742406	-0.0640922	-0	37.453	37.313	0	0.16718	0	0.00709262
678	683.409	6000	5154.19	0.261258	-0.00432676	0.0399365	0	0	-1.11709	-0	120.257	0	0.0670251	-0.0529561	-0	38.125	37.9774	0	0.171071	0	0.00585528
684	686.688	6000	5352.91	0.262356	-0.00215054	0.0398283	0	0	-0.866992	-0	250.093	0	0.0520195	-0.0429024	-0	38.8031	38.6696	0	0.17435	0	0.0047382
690	691.495	6000	3387.27	0.263454	-0.00119585	0.0397746	0	0	-0.827616	-0	39.3764	0	0.049657	-0.0350994	-0	39.4871	39.3376	0	0.176937	0	0.0038712
696	694.122	6000	4050.46	0.264552	0.0015021	0.0397447	0	0	-0.96703	-0	-139.414	0	0.0580218	-0.0276509	0	40.1771	40.0419	0	0.17908	0	0.00304359
702	698.783	6000	5393.61	0.265651	0.00257344	0.0397822	0	0	-1.17562	-0	-208.588	0	0.0705371	-0.0189476	0	40.8731	40.7232	0	0.180495	0	0.00207656
708	705.182	6000	8513.25	0.266749	0.00225444	0.0398466	-0	0	-1.42039	-0	-244.772	0	0.0852234	-0.00836707	0	41.5751	41.4154	0	0.181118	0	0.000900941
714	711.95	6000	6145.39	0.267847	0.0016397	0.0399029	-0	0	-1.33099	-0	89.3948	0	0.0798597	0.00441643	-0	42.2831	42.1015	0	0.180762	0	-0.000519449
720	712.902	6000	3387.27	0.268946	0.00567856	0.0399439	0	0	-1.16072	-0	170.276	0	0.0696431	0.0163954	-0	42.9971	42.8191	0	0.179434	0	-0.00185044
726	717.249	6000	3104.75	0.270044	0.00700078	0.0400859	0	0	-1.01386	-0	146.863	0	0.0608313	0.0268419	-0	43.7171	43.5101	0	0.177354	0	-0.00301116
731.84	718.895	5839.98	2197.35	0.267455	0.0103559	0.0402609	0	0	-0.971286	-0	42.5691	0	0.0582772	0.0359665	-0	44.4431	44.2385	0	0.174422	0	-0.00402502
737.44	726.534	5599.98	5549.23	0.262994	0.0087248	0.0405198	0	0	-0.847836	-0	123.45	0	0.0508702	0.0447081	-0	45.1749	44.9524	0	0.170855	0	-0.0049963
742.8	731.616	5359.98	5838.93	0.258489	0.00894688	0.0407379	-0	0	-0.688203	-0	159.634	0	0.0412922	0.0523387	-0	45.9123	45.6978	0	0.166499	0	-0.00584414
747.92	737.659	5119.98	2101.58	0.253941	0.00820894	0.0409616	0	0	-0.687138	-0	1.06424	0	0.0412283	0.0585325	-0	46.6551	46.4225	0	0.161764	0	-0.00653234
752.8	740.435	4879.98	1828.64	0.249348	0.00989175	0.0411668	0	0	-0.737157	-0	-50.0185	0	0.0442294	0.0647167	0	47.403	47.1956	0	0.156183	0	-0.00721948
757.44	747.82	4639.98	4170.17	0.244711	0.00769614	0.0414141	0	0	-0.777597	-0	-40.4406	0	0.0466558	0.0713511	0	48.1558	47.9446	0	0.150223	0	-0.00795664
761.84	755.077	4399.98	4311.43	0.240031	0.00541064	0.0416065	0	0	-0.726515	-0	51.0828	0	0.0435909	0.0783495	-0	48.9132	48.7213	0	0.143439	0	-0.00873424
766	763.52	4159.98	2544.51	0.235306	0.00198359	0.0417418	0	0	-0.476422	-0	250.093	0	0.0285853	0.0848881	-0	49.6751	49.5029	0	0.136045	0	-0.00946075
769.92	769.523	3919.98	3052.08	0.230538	0.000317529	0.0417914	0	0	-0.443431	-0	32.991	0	0.0266058	0.0891759	-0	50.441	50.3194	0	0.12793	0	-0.00993717
773.6	779.558	3679.98	4842.94	0.225725	-0.00476616	0.0417993	-0	0	-0.442366	-0	1.06427	0	0.026542	0.0931668	-0	51.2109	51.1155	0	0.119667	0	-0.0103806
777.04	785.81	3439.98	4172.57	0.220869	-0.00701626	0.0416801	-0	0	-0.341265	-0	101.101	0	0.0204759	0.0971481	-0	51.9845	51.9417	0	0.110724	0	-0.010823
780.24	794.537	3199.98	4797.45	0.215969	-0.0114378	0.0415047	-0	0	0.00673655	-0	348.002	0	-0.000404193	0.10022	-0	52.7616	52.7462	0	0.101742	0	-0.0111642
783.2	801.967	2959.98	4057.65	0.211024	-0.0150139	0.0412188	-0	0	0.388793	-0	382.057	0	-0.0233276	0.100159	-0	53.5418	53.576	0	0.0924827	0	-0.0111575
785.92	807.102	2719.97	3004.2	0.206036	-0.016946	0.0408434	-0	0	0.567583	-0	178.79	0	-0.034055	0.0966597	-0	54.325	54.4083	0	0.0835199	0	-0.0107687
788.4	810.356	2479.97	2424.8	0.201004	-0.0175653	0.0404198	0	0	0.830447	-0	262.864	0	-0.0498268	0.0915515	-0	55.1109	55.2345	0	0.075091	0	-0.0102011
790.64	816.066	2239.97	2561.27	0.195928	-0.0203409	0.0399807	-0	0	1.18164	-0	351.194	0	-0.0708985	0.0840775	-0	55.8993	56.0523	0	0.0674276	0	-0.00937067
792.64	819.175	1999.97	4332.98	0.190808	-0.0212281	0.0394721	-0	0	1.49133	-0	309.689	0	-0.0894798	0.0734427	-0	56.6899	56.8967	0	0.0605129	0	-0.00818903
794.4	826.68	1759.97	5939.49	0.185645	-0.0258246	0.0389414	-0	0	1.78399	-0	292.662	0	-0.10704	0.0600207	-0	57.4825	57.7048	0	0.0551001	0	-0.0066977
795.92	828.731	1519.97	5410.37	0.180437	-0.0262494	0.0382958	-0	0	2.18521	-0	401.213	0	-0.131112	0.0439648	-0	58.2769	58.5456	0	0.0509688	0	-0.00491371
797.2	827.154	1279.97	667.456	0.175185	-0.0239634	0.0376396	0	0	2.51512	-0	329.91	0	-0.150907	0.0242979	-0	59.0728	59.3441	0	0.0487901	0	-0.0027285
798.24	825.63	1039.97	1625.14	0.169889	-0.0219122	0.0370405	-0	0	2.53427	-0	19.156	0	-0.152056	0.00166188	-0	59.87	60.151	0	0.0486179	0	-0.000213387
799.04	828.391	799.971	3935.54	0.16455	-0.0234811	0.0364927	-0	0	2.45658	-0	-77.6885	0	-0.147395	-0.0211466	0	60.6683	60.9483	0	0.0504683	0	0.00232088
799.6	826.272	559.97	4189.33	0.159166	-0.0213382	0.0359057	-0	0	2.35122	-0	-105.358	0	-0.141073	-0.0432558	0	61.4673	61.7661	0	0.0543754	0	0.00477747
799.919	825.508	319.97	3310.65	0.153739	-0.0204705	0.0353722	-0	0	2.13306	-0	-218.166	0	-0.127984	-0.0644168	0	62.2669	62.5356	0	0.0598609	0	0.00712869
799.999	819.306	79.9692	1076.86	0.148268	-0.0154452	0.0348605	-0	0	1.77335	-0	-359.708	0	-0.106401	-0.0836144	0	63.0668	63.3244	0	0.0671667	0	0.00926175
799.999	815.757	0	516.621	0.14644	-0.0126061	0.0344743	-0	0	1.48707	-0	-286.276	0	-0.0892244	-0.0995745	0	63.8668	64.0782	0	0.0754848	0	0.0110351
799.999	809.637	0	1158.27	0.14644	-0.0077104	0.0341592	-0	0	1.34553	-0	-141.542	0	-0.0807319	-0.112958	0	64.6668	64.8573	0	0.0852414	0	0.0125222
799.999	806.406	0	1943.57	0.14644	-0.00512549	0.0339664	-0	0	1.0699	-0	-275.635	0	-0.0641938	-0.125068	0	65.4668	65.6013	0	0.0955606	0	0.0138677
799.999	799.86	0	1390.5	0.14644	0.000111328	0.0338383	-0	0	0.715511	-0	-354.387	0	-0.0429306	-0.134697	0	66.2668	66.3611	0	0.10691	0	0.0149376
799.999	796.743	0	1117.57	0.14644	0.00260493	0.0338411	-0	0	0.59206	-0	-123.45	0	-0.0355236	-0.141137	0	67.0668	67.0894	0	0.118312	0	0.0156531
799.999	790.375	0	380.151	0.14644	0.00769976	0.0339062	-0	0	0.662299	-0	70.2389	0	-0.039738	-0.146465	-0	67.8668	67.848	0	0.130636	0	0.0162452
799.999	784.86	0	-184.88	0.14644	0.0121118	0.0340987	0	0	0.612281	-0	-50.0187	0	-0.0367368	-0.152426	0	68.6668	68.5775	0	0.142971	0	0.0169075
799.999	779.706	0	1081.65	0.14644	0.0162345	0.0344015	-0	0	0.223838	-0	-388.442	0	-0.0134303	-0.157936	0	69.4668	69.3143	0	0.155881	0	0.0175198
799.999	779.007	0	2369.73	0.14644	0.016794	0.0348073	-0	0	-0.137998	-0	-361.837	0	0.00827989	-0.159951	0	70.2668	70.0378	0	0.168719	0	0.0177436
799.999	775.285	0	2827.03	0.14644	0.0197713	0.0352272	-0	0	-0.304017	-0	-166.019	0	0.018241	-0.158709	0	71.0668	70.789	0	0.181947	0	0.0176056
799.999	774.926	0	2793.51	0.14644	0.0200587	0.0357215	-0	0	-0.570074	-0	-266.056	0	0.0342044	-0.155973	0	71.8668	71.5053	0	0.19434	0	0.0173016
799.999	769.34	0	32.9921	0.14644	0.0245278	0.0362229	-0	0	-0.839323	-0	-269.249	0	0.0503593	-0.150842	0	72.6668	72.2517	0	0.206831	0	0.0167315
799.999	764.677	0	-1978.14	0.14644	0.0282579	0.0368361	0	0	-1.13092	-0	-291.598	0	0.0678552	-0.143288	0	73.4668	72.9704	0	0.218253	0	0.0158922
799.999	759.886	0	985.884	0.14644	0.0320911	0.0375426	-0	0	-1.37037	-0	-239.451	0	0.0822223	-0.13311	0	74.2668	73.7108	0	0.229184	0	0.0147613
799.999	759.665	0	1773.58	0.14644	0.0322675	0.0383449	-0	0	-1.4587	-0	-88.3307	0	0.0875221	-0.120777	0	75.0668	74.4186	0	0.238663	0	0.0133909
799.999	756.373	0	1960.32	0.14644	0.0349014	0.0391515	-0	0	-1.61514	-0	-156.441	0	0.0969086	-0.107648	0	75.8668	75.1603	0	0.247513	0	0.0119322
799.999	757.533	0	3722.46	0.14644	0.0339731	0.0400241	-0	0	-1.83863	-0	-223.487	0	0.110318	-0.093112	0	76.6668	75.8694	0	0.254828	0	0.010317
799.999	755.342	0	2678.58	0.14644	0.0357258	0.0408734	-0	0	-1.66516	-0	173.469	0	0.0999097	-0.0765644	-0	77.4668	76.6038	0	0.261055	0	0.00847842
799.999	756.127	0	3459.09	0.14644	0.0350981	0.0417665	-0	0	-1.30332	-0	361.837	0	0.0781995	-0.0615779	-0	78.2668	77.3153	0	0.265903	0	0.00681325
799.999	755.008	0	2506.2	0.14644	0.035993	0.042644	-0	0	-1.11815	-0	185.175	0	0.067089	-0.049848	-0	79.0668	78.0474	0	0.269937	0	0.00550993
799.999	754.499	0	1447.97	0.14644	0.0364003	0.0435438	-0	0	-1.11602	-0	2.1286	0	0.0669613	-0.0397846	-0	79.8668	78.7697	0	0.273109	0	0.00439178
799.999	752.365	0	2001.03	0.14644	0.0381079	0.0444538	-0	0	-1.0692	-0	46.8256	0	0.0641517	-0.0297404	-0	80.6668	79.5066	0	0.275523	0	0.00327576
799.999	756.711	0	4670.56	0.14644	0.0346306	0.0454065	-0	0	-1.00215	-0	67.0464	0	0.0601289	-0.0201177	-0	81.4668	80.2218	0	0.277101	0	0.00220656
799.999	757.96	0	4261.15	0.14644	0.0336318	0.0462723	-0	0	-0.873378	-0	128.771	0	0.0524027	-0.0110983	-0	82.2668	80.9756	0	0.278009	0	0.00120441
799.999	756.216	0	135.943	0.14644	0.0350264	0.0471131	-0	0	-0.787175	-0	86.2022	0	0.0472305	-0.00323795	-0	83.0668	81.7064	0	0.278251	0	0.000331037
799.999	753.171	0	-833.709	0.14644	0.0374631	0.0479887	0	0	-0.80101	-0	-13.835	0	0.0480606	0.00384663	0	83.8668	82.4457	0	0.277914	0	-0.000456138
799.999	754.195	0	-139.39	0.14644	0.0366434	0.0489253	0	0	-0.82868	-0	-27.6698	0	0.0497208	0.0110557	0	84.6668	83.179	0	0.276992	0	-0.00125715
799.999	753.283	0	775.195	0.14644	0.037373	0.0498414	-0	0	-0.841451	-0	-12.7706	0	0.0504871	0.0185138	0	85.4668	83.9436	0	0.275397	0	-0.00208583
799.999	755.972	0	246.076	0.14644	0.0352222	0.0507757	-0	0	-0.820166	-0	21.2844	0	0.04921	0.0260869	-0	86.2668	84.6817	0	0.273236	0	-0.00292728
799.999	758.28	0	2403.25	0.14644	0.0333757	0.0516563	-0	0	-0.870185	-0	-50.0185	0	0.0522111	0.0334684	0	87.0668	85.4597	0	0.270321	0	-0.00374745
799.999	763.61	0	2661.83	0.14644	0.0291119	0.0524907	-0	0	-0.714808	-0	155.377	0	0.0428885	0.0413001	-0	87.8668	86.2171	0	0.266824	0	-0.00461763
799.999	765.992	0	3200.52	0.14644	0.0272057	0.0532185	-0	0	-0.328494	-0	386.314	0	0.0197097	0.0477333	-0	88.6668	87.0047	0	0.262624	0	-0.00533244
799.999	772.454	0	3703.3	0.14644	0.0220361	0.0538986	-0	0	0.120609	-0	449.103	0	-0.00723652	0.0506898	-0	89.4668	87.7633	0	0.258329	0	-0.00566093
799.999	774.489	0	3528.53	0.14644	0.0204084	0.0544495	-0	0	0.549491	-0	428.883	0	-0.0329695	0.0496043	-0	90.2668	88.5606	0	0.253912	0	-0.00554033
799.999	780.266	0	5630.64	0.14644	0.0157864	0.0549597	-0	0	0.666556	-0	117.065	0	-0.0399934	0.0446589	-0	91.0668	89.3216	0	0.250114	0	-0.00499083
799.999	781.839	0	1869.34	0.14644	0.0145287	0.0553544	-0	0	0.590996	-0	-75.56	0	-0.0354598	0.0386599	0	91.8668	90.1032	0	0.246734	0	-0.00432428
799.999	782.701	0	583.659	0.14644	0.0138388	0.0557176	-0	0	0.580354	-0	-10.6422	0	-0.0348212	0.0333409	0	92.6668	90.8824	0	0.243825	0	-0.00373328
799.999	783.801	0	2017.79	0.14644	0.0129589	0.0560636	-0	0	0.526078	-0	-54.2755	0	-0.0315647	0.0281177	0	93.4668	91.6676	0	0.241349	0	-0.00315293
799.999	785.191	0	583.659	0.14644	0.0118464	0.0563875	-0	0	0.486702	-0	-39.3764	0	-0.0292021	0.023383	0	94.2668	92.4431	0	0.239312	0	-0.00262685
799.999	784.415	0	1282.77	0.14644	0.0124677	0.0566837	-0	0	0.556941	-0	70.2389	0	-0.0334165	0.0190027	-0	95.0668	93.2356	0	0.237616	0	-0.00214015
799.999	788.704	0	2530.14	0.14644	0.00903672	0.0569954	-0	0	0.658042	-0	101.101	0	-0.0394825	0.0139902	-0	95.8668	94.0014	0	0.236404	0	-0.00158321
799.999	790.849	0	2906.03	0.14644	0.00732036	0.0572213	-0	0	0.564391	-0	-93.6518	0	-0.0338634	0.00806785	0	96.6668	94.806	0	0.235659	0	-0.000925163
799.999	791.037	0	164.673	0.14644	0.00717017	0.0574043	-0	0	0.497344	-0	-67.0462	0	-0.0298407	0.00298834	0	97.4668	95.59	0	0.235376	0	-0.000360773
799.999	789.284	0	-627.808	0.14644	0.00857207	0.0575836	0	0	0.603767	-0	106.423	0	-0.036226	-0.00148776	-0	98.2668	96.3812	0	0.235484	0	0.000136572
799.999	792.031	0	1088.84	0.14644	0.00637461	0.0577979	-0	0	0.712318	-0	108.551	0	-0.0427391	-0.00692166	-0	99.0668	97.1604	0	0.236061	0	0.000740339
799.999	793.33	0	3408.82	0.14644	0.00533574	0.0579572	-0	0	0.807034	-0	94.716	0	-0.048422	-0.0133325	-0	99.8669	97.9673	0	0.237234	0	0.00145266
799.999	798.485	0	4483.81	0.14644	0.00121128	0.0580906	-0	0	0.802777	-0	-4.2569	0	-0.0481666	-0.0205958	0	100.667	98.7417	0	0.238983	0	0.00225969
799.999	799.914	0	2391.28	0.14644	6.82129e-05	0.0581209	-0	0	0.975181	-0	172.404	0	-0.0585109	-0.0278208	-0	101.467	99.5462	0	0.241447	0	0.00306247
799.999	801.613	0	2314.67	0.14644	-0.00129111	0.0581226	-0	0	1.01988	-0	44.6974	0	-0.0611927	-0.0365975	-0	102.267	100.337	0	0.244642	0	0.00403765
799.999	803.196	0	2776.75	0.14644	-0.00255698	0.0580904	-0	0	0.883658	-0	-136.221	0	-0.0530195	-0.0457764	0	103.067	101.134	0	0.248668	0	0.00505753
799.999	805.18	0	444.795	0.14644	-0.00414468	0.0580264	-0	0	0.495216	-0	-388.442	0	-0.029713	-0.0537293	0	103.867	101.926	0	0.253376	0	0.00594119
799.999	802.132	0	-630.202	0.14644	-0.00170635	0.0579228	0	0	0.248316	-0	-246.9	0	-0.0148989	-0.0581862	0	104.667	102.745	0	0.258648	0	0.0064364
799.999	803.122	0	162.279	0.14644	-0.00249819	0.0578802	-0	0	0.268536	-0	20.2203	0	-0.0161122	-0.0604211	-0	105.467	103.525	0	0.263864	0	0.00668472
799.999	802.417	0	1206.15	0.14644	-0.00193394	0.0578177	-0	0	0.242995	-0	-25.5414	0	-0.0145797	-0.0628379	0	106.267	104.336	0	0.2695	0	0.00695325
799.999	806.577	0	2776.75	0.14644	-0.00526196	0.0577694	-0	0	0.0237642	-0	-219.23	0	-0.00142585	-0.0650248	0	107.067	105.121	0	0.275151	0	0.00719625
799.999	806.094	0	1704.14	0.14644	-0.00487603	0.0576378	-0	0	-0.117778	-0	-141.542	0	0.00706667	-0.0652387	0	107.867	105.94	0	0.281064	0	0.00722001
799.999	806.754	0	-34.0456	0.14644	-0.00540361	0.0575159	0	0	-0.0943648	-0	23.413	0	0.00566189	-0.0641787	-0	108.667	106.726	0	0.28665	0	0.00710223
799.999	804.572	0	-163.332	0.14644	-0.0036583	0.0573808	0	0	-0.057117	-0	37.2479	0	0.00342702	-0.0633294	-0	109.467	107.539	0	0.292347	0	0.00700787
799.999	807.943	3.63798e-12	1467.12	0.14644	-0.00635498	0.0572894	-0	0.0127708	-0.0592454	25.5416	-2.12844	0.0253366	0.00432097	-0.0628154	0	110.8	108.326	8.51387e-07	0.297813	4.25694e-06	0.00695075
799.999	812.143	1.16415e-10	3971.45	0.14644	-0.00971445	0.0571305	-0	0.0510833	0.094003	51.0833	153.248	0.0508596	-0.00257518	-0.0621672	-0	111.6	109.151	1.36222e-05	0.303499	3.40555e-05	0.00689151
799.999	813.882	9.31323e-10	2374.52	0.14644	-0.011106	0.0568876	-0	0.114937	0.195104	76.6249	101.101	0.076569	-0.00481002	-0.0625535	-0	112.4	109.965	6.89624e-05	0.309186	0.000114937	0.00698551
799.999	814.647	2.65452e-09	1352.2	0.14644	-0.0117179	0.05661	-0	0.204333	-0.0166764	102.167	-211.781	0.102465	0.0132606	-0.063275	0	113.2	110.773	0.000217955	0.314989	0.000272444	0.00718061
799.999	815.326	-1.36004e-08	1206.15	0.14644	-0.0122611	0.056317	-0	0.31927	-0.230586	127.708	-213.909	0.128547	0.0329914	-0.0612859	0	114	111.583	0.000532117	0.320788	0.000532117	0.00716394
799.999	815.233	2.1895e-08	559.716	0.14644	-0.0121872	0.0560105	-0	0.45975	-0.32743	153.25	-96.8445	0.154816	0.0472308	-0.0563372	0	114.8	112.393	0.0011034	0.326408	0.000919499	0.00693335
799.999	816.886	-5.02259e-08	1012.22	0.14644	-0.013509	0.0557058	-0	0.62577	-0.246549	178.791	80.8811	0.181271	0.0523392	-0.0492526	0	115.6	113.202	0.00204418	0.331754	0.00146013	0.00660592
799.999	818.19	5.99206e-08	1881.32	0.14644	-0.0145527	0.0553681	-0	0.817332	0.179141	204.333	425.69	0.207913	0.0382915	-0.0414017	-0	116.4	114.025	0.00348728	0.336986	0.00217955	0.00635937
799.999	818.973	2.3954e-07	1313.89	0.14644	-0.015179	0.0550043	-0	1.03444	0.572904	229.875	393.763	0.234741	0.0276919	-0.035658	-0	117.2	114.838	0.00558595	0.342301	0.00310331	0.00653851
799.999	818.875	-1.74592e-07	420.853	0.14644	-0.0151002	0.0546248	-0	1.27708	0.82619	255.416	253.286	0.261755	0.0270535	-0.0315042	0	118	115.652	0.00851387	0.348091	0.00425694	0.00711142
799.999	820.865	2.48296e-07	717.734	0.14644	-0.0166927	0.0542473	-0	1.54527	0.855988	280.958	29.7983	0.288956	0.0413569	-0.0274462	0	118.8	116.466	0.0124651	0.354554	0.00566598	0.00793761
799.999	821.288	7.11852e-08	942.789	0.14644	-0.017031	0.05383	-0	1.839	0.979438	306.5	123.45	0.316343	0.0515736	-0.0212427	0	119.6	117.299	0.0176543	0.361873	0.00735599	0.0087936
799.999	821.796	7.48868e-07	-393.176	0.14644	-0.0174373	0.0534042	0	2.15827	1.1412	332.041	161.762	0.343917	0.0610241	-0.0135066	0	120.4	118.115	0.0243163	0.369854	0.00935249	0.00977303
799.999	823.007	-1.24334e-07	176.644	0.14644	-0.0184062	0.0529683	-0	2.50308	1.66161	357.583	520.406	0.371677	0.0504884	-0.00435301	-0	121.2	118.945	0.0327066	0.378911	0.011681	0.0109142
799.999	827.403	2.85332e-06	2776.75	0.14644	-0.0219229	0.0525081	-0	2.87343	1.96065	383.125	299.047	0.399624	0.0547668	0.00322025	0	122	119.777	0.0431009	0.389378	0.0143672	0.0125758
799.999	828.577	3.05758e-06	-1793.78	0.14644	-0.0228617	0.0519601	0	3.26906	2.30653	404.945	345.873	0.424078	0.0577519	0.0114353	0	122.8	120.619	0.0557954	0.401617	0.0174364	0.0145365
799.999	830.939	-4.62887e-06	-1013.27	0.14644	-0.0247513	0.0513885	0	3.674	2.57897	404.945	272.442	0.427034	0.0657021	0.0200981	0	123.6	121.474	0.0711052	0.416022	0.0209079	0.016843
799.999	835.605	-3.55355e-06	1543.73	0.14644	-0.0284847	0.0507697	-0	4.07895	2.87269	404.945	293.726	0.429989	0.0723753	0.0299534	0	124.399	122.336	0.0893535	0.43275	0.0247844	0.019422
799.999	840.202	6.82093e-07	-165.727	0.14644	-0.0321621	0.0500576	0	4.48389	3.41332	404.945	540.627	0.432945	0.0642344	0.0408097	-0	125.199	123.199	0.110864	0.452004	0.0290658	0.0222947
799.999	849.201	-1.32844e-05	3090.39	0.14644	-0.0393616	0.0492536	-0	4.88884	4.0029	404.945	589.58	0.435901	0.0531563	0.0504448	-0	125.999	124.082	0.13596	0.474703	0.0337522	0.025708
799.999	856.169	1.43383e-05	2906.03	0.14644	-0.0449356	0.0482695	-0	5.29379	4.53395	404.945	531.049	0.438857	0.0455901	0.0584183	-0	126.798	124.984	0.164965	0.50151	0.0388435	0.0297109
799.999	862.71	1.32578e-05	1596.41	0.14644	-0.0501685	0.0471461	-0	5.69873	5.12353	404.945	589.581	0.441813	0.034512	0.0652568	-0	127.597	125.876	0.198202	0.532075	0.0443398	0.0342449
799.999	869.785	8.63775e-06	2245.23	0.14644	-0.0558285	0.0458919	-0	6.10368	5.76526	404.945	641.727	0.444768	0.020305	0.0704336	-0	128.397	126.783	0.235993	0.567782	0.050241	0.0393684
799.999	874.25	-6.01041e-06	-136.996	0.14644	-0.0594002	0.0444962	0	6.50862	6.42295	404.945	657.692	0.447724	0.00514029	0.0734794	-0	129.195	127.695	0.278661	0.608986	0.0565471	0.0451337
799.999	879.036	1.97648e-05	-627.808	0.14644	-0.0632294	0.0430112	0	6.91357	7.14769	404.945	724.737	0.45068	-0.0140473	0.0742504	-0	129.994	128.609	0.326527	0.656174	0.0632582	0.0515566
799.999	886.518	-8.89909e-06	3437.55	0.14644	-0.0692146	0.0414305	-0	7.31851	7.7692	404.945	621.507	0.453636	-0.027041	0.0721433	-0	130.792	129.535	0.379913	0.710606	0.0703742	0.0587043
799.999	892.555	-6.1533e-06	3066.45	0.14644	-0.0740441	0.0397001	-0	7.72346	8.21085	404.945	441.654	0.456592	-0.0292434	0.0680871	-0	131.59	130.456	0.43914	0.77191	0.0778952	0.0664735
799.999	895.314	4.3156e-05	-309.379	0.14644	-0.0762519	0.037849	0	8.1284	8.48329	404.945	272.442	0.459547	-0.0212933	0.0637006	0	132.387	131.373	0.504526	0.840503	0.0858211	0.0746843
799.999	900.469	7.2405e-05	380.151	0.14644	-0.0803759	0.0359427	-0	8.53335	8.71103	404.945	227.744	0.462503	-0.0106612	0.0605066	0	133.184	132.293	0.576391	0.917173	0.094152	0.0831676
799.999	903.824	-3.86585e-05	1768.79	0.14644	-0.0830597	0.0339333	-0	8.93829	9.21335	404.945	502.314	0.465459	-0.0165033	0.0589075	-0	133.98	133.232	0.655052	1.00373	0.102888	0.0918787
799.999	908.244	5.9315e-06	3059.26	0.14644	-0.086596	0.0318568	-0	9.34324	9.86146	404.945	648.113	0.468415	-0.0310933	0.056432	-0	134.776	134.146	0.740827	1.09639	0.112029	0.101092
799.999	911.576	7.92653e-05	1802.31	0.14644	-0.0892612	0.0296919	-0	9.74818	10.665	404.945	803.491	0.471371	-0.0550061	0.051768	-0	135.57	135.061	0.834028	1.19831	0.121574	0.110953
799.999	913.632	4.96501e-05	1292.34	0.14644	-0.0909058	0.0274604	-0	10.1531	11.7228	404.945	1057.84	0.474326	-0.0941799	0.043517	-0	136.364	135.979	0.934971	1.31057	0.131525	0.121618
799.999	917.747	-8.16977e-06	3540.5	0.14644	-0.094198	0.0251877	-0	10.5581	13.068	404.945	1345.18	0.477282	-0.150594	0.0293901	-0	137.156	136.891	1.04397	1.43295	0.14188	0.133341
799.999	916.995	-1.24332e-05	-67.5644	0.14644	-0.0935965	0.0228328	0	10.963	14.0439	404.945	975.894	0.480238	-0.184851	0.00680095	-0	137.948	137.804	1.16132	1.56759	0.152641	0.146409
799.999	914.497	-5.1728e-05	-1018.06	0.14644	-0.091598	0.0204929	0	11.368	14.3376	404.945	293.726	0.483194	-0.178178	-0.0209267	0	138.738	138.704	1.28735	1.71311	0.163806	0.160453
799.999	913.854	3.47561e-05	899.693	0.14644	-0.0910837	0.0182029	-0	11.7729	14.2854	404.945	-52.146	0.48615	-0.150752	-0.0476534	0	139.526	139.591	1.42234	1.86983	0.175377	0.174791
799.999	913.628	2.41179e-05	-453.031	0.14644	-0.090903	0.0159258	0	12.1779	14.212	404.945	-73.432	0.489105	-0.12205	-0.0702662	0	140.313	140.475	1.56661	2.03898	0.187352	0.189076
799.999	909.207	-3.12857e-05	-575.135	0.14644	-0.0873663	0.0136533	0	12.5828	14.2344	404.945	22.3484	0.492061	-0.099094	-0.0885737	0	141.098	141.372	1.72045	2.22384	0.199733	0.203288
799.999	906.846	0.00015821	-120.237	0.14644	-0.0854776	0.0114691	0	12.9877	14.2812	404.945	46.8264	0.495017	-0.077607	-0.103438	0	141.881	142.226	1.88416	2.41259	0.212518	0.217522
799.999	904.561	6.25355e-05	507.044	0.14644	-0.0836496	0.00933216	-0	13.3927	14.3003	404.945	19.1555	0.497973	-0.0544596	-0.115079	0	142.662	143.089	2.05802	2.61629	0.225708	0.231804
799.999	902.039	-0.000109107	392.122	0.14644	-0.0816317	0.00724092	-0	13.7976	14.3323	404.945	31.9262	0.500929	-0.0320786	-0.123248	0	143.441	143.942	2.24233	2.83054	0.239303	0.246104
799.999	897.2	-3.40224e-05	-2863.99	0.14644	-0.0777605	0.00520013	0	14.2026	14.46	404.945	127.707	0.503884	-0.0154443	-0.12806	0	144.216	144.788	2.43736	3.05607	0.253303	0.260436
799.999	888.196	-0.000112847	-6553.46	0.14644	-0.0705574	0.00325612	0	14.6075	14.9112	404.945	451.232	0.50684	-0.0182216	-0.130376	-0	144.989	145.634	2.64339	3.29479	0.267708	0.274896
799.999	881.35	-0.000231292	-3010.04	0.14644	-0.0650805	0.00149218	0	15.0007	15.4167	380.427	505.507	0.485478	-0.0249614	-0.133109	-0	145.759	146.464	2.86068	3.5423	0.282514	0.289807
799.999	880.001	2.24935e-05	2070.46	0.14644	-0.0640014	-0.000134829	-0	15.3684	15.9233	354.885	506.572	0.462918	-0.0332962	-0.136854	-0	146.526	147.272	3.0895	3.79678	0.297701	0.305224
799.999	879.657	-0.000130202	2364.94	0.14644	-0.0637257	-0.00173486	-0	15.7105	16.4692	329.343	545.945	0.440172	-0.0455263	-0.141848	-0	147.289	148.078	3.33007	4.06484	0.313242	0.321147
799.999	874.601	-3.04783e-05	313.114	0.14644	-0.0596809	-0.00332801	-0	16.027	16.8832	303.802	413.984	0.41724	-0.0513709	-0.148677	-0	148.048	148.885	3.5826	4.34814	0.329113	0.337617
799.999	868.847	-0.00014516	-218.399	0.14644	-0.0550781	-0.00482003	0	16.3181	17.0067	278.26	123.449	0.394121	-0.041316	-0.156383	0	148.803	149.66	3.84725	4.63496	0.345288	0.3545
799.999	864.008	3.47476e-06	830.261	0.14644	-0.0512072	-0.00619698	-0	16.5836	16.9088	252.719	-97.908	0.370815	-0.0195122	-0.16258	0	149.553	150.423	4.12419	4.93228	0.361741	0.371507
799.999	857.166	0.000374249	-55.5934	0.14644	-0.0457336	-0.00747716	0	16.8235	16.8747	227.177	-34.0538	0.347323	-0.00307205	-0.165507	0	150.299	151.175	4.41353	5.24018	0.378446	0.388415
799.999	852.491	-9.01767e-05	1594.01	0.14644	-0.0419933	-0.0086205	-0	17.0379	16.88	201.636	5.31959	0.323645	0.00947296	-0.165968	0	151.04	151.907	4.71538	5.55407	0.395379	0.40529
799.999	847.05	4.48588e-05	2369.73	0.14644	-0.0376401	-0.00967033	-0	17.2268	16.8534	176.094	-26.6037	0.29978	0.0224011	-0.164547	0	151.776	152.633	5.02981	5.88025	0.412514	0.42217
799.999	838.883	-0.000455427	212.557	0.14644	-0.0311064	-0.0106113	-0	17.3901	16.8396	150.552	-13.8359	0.275729	0.0330306	-0.161187	0	152.506	153.336	5.35685	6.21041	0.429824	0.439024
799.999	831.265	-0.000398037	-84.3238	0.14644	-0.0250124	-0.011389	0	17.5279	16.8172	125.011	-22.3484	0.251491	0.0426384	-0.156232	0	153.23	154.022	5.69655	6.54651	0.447285	0.455863
799.999	824.419	0.000229226	-742.729	0.14644	-0.0195359	-0.0120143	0	17.6401	16.847	99.4692	29.7966	0.227067	0.047585	-0.149836	0	153.948	154.701	6.04888	6.8941	0.464871	0.47268
799.999	815.298	-6.49842e-05	-544.011	0.14644	-0.0122385	-0.0125027	0	17.7268	17.012	73.9276	164.955	0.202457	0.0428897	-0.142699	-0	154.66	155.381	6.41383	7.25592	0.482557	0.489527
799.999	807.472	0.00041892	-117.843	0.14644	-0.00597769	-0.0128087	0	17.788	17.1152	48.386	103.231	0.17766	0.0403651	-0.136265	-0	155.366	156.026	6.79133	7.61402	0.500316	0.506539
799.999	799.839	0.00021932	-503.309	0.14644	0.000128027	-0.0129581	0	17.8236	17.078	22.8444	-37.2486	0.152677	0.044737	-0.13021	0	156.064	156.665	7.18132	7.9831	0.518124	0.523655
799.999	792.93	0.000282537	-414.724	0.14644	0.00565586	-0.0129549	0	17.8338	17.0184	6.42661e-06	-59.597	0.130174	0.0489258	-0.1235	0	156.755	157.296	7.5837	8.3618	0.535955	0.540733
799.999	786.983	-0.000383296	425.641	0.14644	0.0104134	-0.0128135	-0	17.8338	17.0269	2.89016e-05	8.5144	0.130174	0.0484148	-0.116161	-0	157.44	157.919	7.99834	8.75054	0.553789	0.557751
799.999	780.124	1.97935e-06	-175.303	0.14644	0.0159005	-0.0125532	0	17.8338	17.0769	7.79769e-06	50.0183	0.130174	0.0454138	-0.108899	-0	158.116	158.531	8.42511	9.14721	0.571622	0.574778
799.999	771.631	0.000286832	-1008.49	0.14644	0.0226944	-0.0121557	0	17.8338	17.0833	4.67909e-06	6.3858	0.130174	0.0450306	-0.102087	-0	158.785	159.129	8.86389	9.54888	0.589456	0.591855
799.999	764.664	-0.000237814	-390.782	0.14644	0.0282683	-0.0115883	0	17.8338	17.1088	-6.43729e-07	25.5413	0.130174	0.0434981	-0.095332	-0	159.446	159.707	9.31452	9.95172	0.60729	0.608938
799.999	759.31	-0.000443801	90.4529	0.14644	0.0325514	-0.0108816	-0	17.8338	17.1503	4.162e-06	41.5039	0.130174	0.0410078	-0.0888073	-0	160.099	160.278	9.77687	10.3651	0.625124	0.626047
799.999	752.018	-0.000804614	296.354	0.14644	0.038385	-0.0100678	-0	17.8338	17.1961	1.69465e-05	45.7611	0.130174	0.0382622	-0.0826561	-0	160.743	160.847	10.2508	10.7911	0.642958	0.643197
799.999	744.734	-0.000762406	432.824	0.14644	0.044212	-0.00910819	-0	17.8338	17.2025	2.40163e-05	6.38771	0.130174	0.037879	-0.0769168	-0	161.379	161.387	10.7361	11.2105	0.660792	0.660393
799.999	738.724	0.000422415	234.105	0.14644	0.0490201	-0.00800289	-0	17.8338	17.2291	-1.86264e-05	26.6037	0.130174	0.0362827	-0.0712349	-0	162.007	161.913	11.2327	11.6339	0.678625	0.677596
799.999	733.71	-0.000236895	806.319	0.14644	0.0530319	-0.00677738	-0	17.8338	17.1716	-8.43088e-06	-57.4684	0.130174	0.0397308	-0.0657925	0	162.625	162.437	11.7404	12.0709	0.696459	0.694825
799.999	732.636	7.33929e-06	3286.71	0.14644	0.0538904	-0.00545159	-0	17.8338	17.2376	6.55549e-06	65.9828	0.130174	0.0357718	-0.0598329	-0	163.234	162.953	12.2591	12.516	0.714293	0.711997
799.999	728.093	-0.00038292	2532.54	0.14644	0.0575254	-0.00410433	-0	17.8338	17.3983	1.58653e-05	160.698	0.130174	0.02613	-0.0544671	-0	163.834	163.47	12.7885	12.978	0.732127	0.729234
799.999	725.74	0.000427796	1912.44	0.14644	0.0594075	-0.00266619	-0	17.8338	17.5218	-8.4933e-06	123.449	0.130174	0.018723	-0.0505477	-0	164.424	163.958	13.3285	13.4293	0.749961	0.746633
799.999	722.159	-0.000954715	1091.23	0.14644	0.0622725	-0.001181	-0	17.8338	17.5473	2.22977e-05	25.5432	0.130174	0.0171904	-0.0477392	-0	165.004	164.454	13.879	13.9049	0.767794	0.764154
799.999	720.161	-0.000525142	-232.764	0.14644	0.0638706	0.000375809	0	17.8338	17.5239	1.26231e-05	-23.4146	0.130174	0.0185953	-0.0451606	0	165.575	164.936	14.4398	14.384	0.785628	0.781702
799.999	718.023	-0.000360377	2209.32	0.14644	0.0655812	0.00197257	-0	17.8338	17.3994	7.5294e-06	-124.514	0.130174	0.0260661	-0.0423714	0	166.135	165.428	15.0106	14.8888	0.803462	0.799225
799.999	718.85	0.000538677	1507.82	0.14644	0.0649196	0.00361211	-0	17.8338	17.3504	-7.39172e-06	-48.954	0.130174	0.0290033	-0.0384614	0	166.686	165.892	15.5913	15.3836	0.821296	0.816625
799.999	716.994	0.000178601	-1113.83	0.14644	0.0664046	0.0052351	0	17.8338	17.2759	5.71571e-06	-74.4972	0.130174	0.0334732	-0.0341109	0	167.225	166.371	16.1818	15.9115	0.83913	0.833975
799.999	714.596	-0.000497978	-2995.67	0.14644	0.0683228	0.00689521	0	17.8338	17.1716	-4.79319e-06	-104.294	0.130174	0.0397309	-0.02909	0	167.755	166.839	16.7818	16.4457	0.856964	0.851251
799.999	713.695	-0.000140718	-2270.23	0.14644	0.0690439	0.00860328	0	17.8338	17.1471	-5.56297e-06	-24.477	0.130174	0.0411994	-0.0231303	0	168.273	167.305	17.3911	16.9953	0.874797	0.868423
799.999	716.935	-7.15166e-05	1828.64	0.14644	0.066452	0.0103294	-0	17.8338	17.2589	-8.24029e-06	111.744	0.130174	0.0344948	-0.0169504	-0	168.78	167.764	18.0096	17.5574	0.892631	0.88557
799.999	724.701	0.000512815	7888.37	0.14644	0.0602389	0.0119907	-0	17.8338	17.7154	-1.44307e-05	456.552	0.130174	0.00710152	-0.0117762	-0	169.277	168.216	18.637	18.1302	0.910465	0.902829
799.999	734.358	0.000195255	10316.1	0.14644	0.0525135	0.0134967	-0	17.8338	18.3412	-1.68808e-06	625.765	0.130174	-0.0304443	-0.010711	-0	169.762	168.654	19.2732	18.7062	0.928299	0.920544
799.999	742.003	-0.00031963	8482.13	0.14644	0.046397	0.0148095	-0	17.8338	18.5902	9.74355e-06	249.029	0.130174	-0.045386	-0.0152776	-0	170.235	169.084	19.9179	19.2939	0.946133	0.938885
799.999	742.969	0.000281961	5937.09	0.14644	0.0456244	0.0159694	-0	17.8338	18.8233	2.55859e-06	233.065	0.130174	-0.0593698	-0.0220855	-0	170.697	169.507	20.5709	19.8945	0.963967	0.957476
799.999	740.978	-0.000247947	3966.67	0.14644	0.0472175	0.01711	-0	17.8338	18.6786	-5.74707e-06	-144.735	0.130174	-0.0506857	-0.030991	0	171.148	169.898	21.2321	20.473	0.9818	0.976299
799.999	738.383	-0.000268476	2537.33	0.14644	0.0492929	0.0182905	-0	17.8338	18.4423	4.91755e-06	-236.258	0.130174	-0.0365103	-0.0385938	0	171.586	170.272	21.9013	21.0495	0.999634	0.994978
799.999	733.415	0.000276528	686.609	0.14644	0.0532678	0.0195228	-0	17.8338	18.4274	-2.72868e-07	-14.9002	0.130174	-0.0356162	-0.0440704	0	172.013	170.639	22.5781	21.6369	1.01747	1.01342
799.999	730.292	-4.86271e-05	842.232	0.14644	0.0557663	0.0208545	-0	17.8338	18.4881	-5.75198e-06	60.6632	0.130174	-0.039256	-0.0494128	-0	172.427	170.989	23.2624	22.2227	1.0353	1.03185
799.999	727.895	0.00038734	1570.07	0.14644	0.0576832	0.0222486	-0	17.823	18.4806	-23.4988	-7.4501	0.10687	-0.0394577	-0.0553012	-0	172.829	171.334	23.9541	22.8253	1.05313	1.05034
799.999	724.347	7.88984e-05	428.035	0.14644	0.0605218	0.0236907	-0	17.7867	18.4498	-49.0405	-30.8628	0.0813623	-0.0397821	-0.0612199	-0	173.219	171.667	24.6527	23.4321	1.07094	1.06882
799.999	722.073	-0.000163834	241.288	0.14644	0.0623413	0.0252038	-0	17.7249	18.3827	-74.5822	-67.0452	0.0556678	-0.0394679	-0.0671872	-0	173.596	171.987	25.3582	24.0417	1.0887	1.08727
799.999	722.331	-2.8939e-05	519.015	0.14644	0.0621346	0.0267623	-0	17.6376	18.3114	-100.124	-71.3024	0.0297868	-0.0404311	-0.0731074	-0	173.96	172.301	26.0703	24.6669	1.10638	1.10565
799.999	719.647	0.000207961	-1243.12	0.14644	0.0642817	0.0283157	0	17.5247	18.1965	-125.666	-114.939	0.00371933	-0.0403084	-0.079172	-0	174.312	172.612	26.7887	25.3162	1.12396	1.12396
799.999	717.084	0.000343515	739.282	0.14644	0.0663322	0.0299227	-0	17.3862	18.3561	-151.207	159.634	-0.0225346	-0.0581926	-0.0852183	-0	174.652	172.906	27.5131	25.9589	1.14142	1.14216
799.999	719.703	6.97741e-06	4871.67	0.14644	0.0642368	0.031581	-0	17.2222	18.4572	-176.749	101.103	-0.0489749	-0.0740975	-0.0939472	-0	174.979	173.18	28.2433	26.5892	1.15873	1.16051
799.999	721.816	-5.99208e-05	4464.66	0.14644	0.0625469	0.0331869	-0	17.0327	18.4455	-202.291	-11.7073	-0.0756016	-0.0847662	-0.105062	-0	175.293	173.447	28.9791	27.2357	1.17586	1.17897
799.999	723.306	-0.000378478	3739.22	0.14644	0.0613548	0.0347506	-0	16.8177	18.2337	-227.832	-211.781	-0.102415	-0.0849632	-0.117777	-0	175.594	173.703	29.7201	27.888	1.19279	1.19741
799.999	724.975	-9.17022e-05	4909.98	0.14644	0.0600195	0.0362845	-0	16.5771	17.7538	-253.374	-479.965	-0.129414	-0.0706015	-0.130521	0	175.883	173.947	30.466	28.5472	1.20948	1.21565
799.999	725.762	0.00030114	5053.63	0.14644	0.0593898	0.037785	-0	16.3109	17.393	-278.916	-360.773	-0.1566	-0.0649238	-0.141111	0	176.16	174.178	31.2167	29.2038	1.22593	1.2334
799.999	726.449	0.000370566	4359.31	0.14644	0.0588403	0.0392697	-0	16.0192	17.1738	-304.457	-219.231	-0.183973	-0.0692712	-0.15085	-0	176.424	174.394	31.9717	29.8563	1.2421	1.2508
799.999	726.788	0.000170062	2707.32	0.14644	0.058569	0.0407407	-0	15.702	17.1046	-329.999	-69.1738	-0.211532	-0.0841545	-0.161241	-0	176.676	174.601	32.7309	30.5181	1.25796	1.26797
799.999	725.633	-5.80749e-05	2829.42	0.14644	0.059493	0.0422049	-0	15.3592	16.8928	-355.541	-211.782	-0.239277	-0.0920138	-0.173864	-0	176.917	174.799	33.494	31.195	1.27349	1.28507
799.999	727.126	8.15201e-05	5106.31	0.14644	0.0582989	0.0436923	-0	14.9909	16.5735	-381.082	-319.265	-0.267209	-0.0949565	-0.187666	-0	177.145	174.983	34.2607	31.86	1.28867	1.30197
799.999	731.384	-3.61807e-05	7270.66	0.14644	0.0548925	0.0451497	-0	14.5971	15.886	-404.945	-687.49	-0.293668	-0.0773352	-0.201909	0	177.362	175.156	35.0307	32.5326	1.30347	1.31854
799.999	736.338	-4.1691e-05	7845.27	0.14644	0.0509291	0.046522	-0	14.1922	15.2635	-404.945	-622.571	-0.296623	-0.0642777	-0.21351	0	177.568	175.321	35.8037	33.2173	1.31786	1.33443
799.999	740.839	0.000208418	7222.78	0.14644	0.047328	0.0477953	-0	13.7872	14.7079	-404.945	-555.526	-0.299579	-0.0552429	-0.223151	0	177.763	175.477	36.5797	33.9103	1.33185	1.34969
799.999	742.787	4.13169e-05	4751.96	0.14644	0.0457696	0.0489785	-0	13.3823	14.2471	-404.945	-460.808	-0.302535	-0.0518912	-0.231438	0	177.947	175.624	37.3582	34.6115	1.34544	1.3644
799.999	741.75	-0.00017143	2455.92	0.14644	0.0465994	0.0501227	-0	12.9773	13.4628	-404.945	-784.335	-0.305491	-0.0291278	-0.239221	0	178.12	175.761	38.1391	35.3158	1.35862	1.37864
799.999	742.515	4.16262e-05	2329.03	0.14644	0.0459874	0.0512877	-0	12.5724	12.8328	-404.945	-630.022	-0.308447	-0.0156234	-0.243591	0	178.284	175.887	38.9223	36.0148	1.37139	1.39211
799.999	743.017	4.05856e-05	779.983	0.14644	0.0455863	0.0524374	-0	12.1674	12.3124	-404.945	-520.406	-0.311403	-0.00869574	-0.245934	0	178.437	176.007	39.7074	36.7333	1.38376	1.40494
799.999	745.358	3.44404e-05	-608.654	0.14644	0.0437129	0.053577	0	11.7625	12.2496	-404.945	-62.789	-0.314358	-0.0292252	-0.247239	-0	178.581	176.12	40.4943	37.4651	1.39573	1.41725
799.999	744.437	0.000104872	722.522	0.14644	0.0444498	0.0546698	-0	11.3576	12.4209	-404.945	171.34	-0.317314	-0.0638024	-0.251622	-0	178.716	176.229	41.2829	38.2293	1.40729	1.4295
799.999	750.261	-0.000102076	1136.72	0.14644	0.0397909	0.0557811	-0	10.9526	12.4411	-404.945	20.2208	-0.32027	-0.0893123	-0.261193	-0	178.842	176.323	42.0729	38.9529	1.41844	1.44192
799.999	754.304	-1.12663e-05	-1674.07	0.14644	0.0365566	0.0567759	0	10.5477	12.273	-404.945	-168.146	-0.323226	-0.10352	-0.274589	-0	178.959	176.415	42.8643	39.7399	1.42919	1.45436
799.999	759.631	-1.76581e-05	-3821.67	0.14644	0.0322947	0.0576898	0	10.1427	12.108	-404.945	-164.957	-0.326182	-0.11792	-0.290118	-0	179.068	176.499	43.6568	40.5413	1.43954	1.46664
799.999	767.61	-4.28256e-05	-1089.89	0.14644	0.0259117	0.0584971	0	9.73777	11.6068	-404.945	-501.25	-0.329137	-0.112141	-0.307805	0	179.169	176.576	44.4505	41.3797	1.44948	1.47875
799.999	784.818	9.981e-06	6964.21	0.14644	0.0121451	0.0591449	-0	9.33282	9.94447	-404.945	-1662.32	-0.332093	-0.0366991	-0.324627	0	179.262	176.644	45.245	42.2262	1.45901	1.49035
799.999	808.999	9.09502e-05	17158.7	0.14644	-0.00719971	0.0594486	-0	8.92787	7.74259	-404.945	-2201.88	-0.335049	0.0711171	-0.330132	0	179.347	176.706	46.0404	43.1011	1.46814	1.5003
799.999	831.366	-6.52191e-05	15686.3	0.14644	-0.0250935	0.0592686	-0	8.52293	5.73865	-404.945	-2003.94	-0.338005	0.167057	-0.319464	0	179.426	176.761	46.8366	43.9715	1.47687	1.50804
799.999	844.732	2.00871e-05	11656.8	0.14644	-0.0357863	0.0586412	-0	8.11798	4.15615	-404.945	-1582.5	-0.340961	0.23771	-0.294405	0	179.497	176.812	47.6334	44.8616	1.48519	1.51378
799.999	852.812	-1.2415e-05	5927.52	0.14644	-0.0422502	0.0577466	-0	7.71304	3.36437	-404.945	-791.784	-0.343916	0.26092	-0.258749	0	179.563	176.857	48.4307	45.7205	1.4931	1.51793
799.999	852.818	1.80803e-05	-266.283	0.14644	-0.0422552	0.0566903	0	7.30809	2.90781	-404.945	-456.553	-0.346872	0.264017	-0.219611	0	179.622	176.9	49.2285	46.5916	1.50061	1.5213
799.999	862.315	-2.93341e-05	5850.9	0.14644	-0.0498524	0.0556339	-0	6.90314	2.40018	-404.945	-507.635	-0.349828	0.270178	-0.180009	0	179.675	176.94	50.0267	47.446	1.50772	1.52421
799.999	858.544	-3.08643e-05	3839.77	0.14644	-0.0468356	0.0543876	-0	6.4982	2.20649	-404.945	-193.689	-0.352784	0.257502	-0.139482	-0	179.723	176.98	50.8253	48.3402	1.51442	1.52661
799.999	856.185	2.0556e-05	-644.567	0.14644	-0.0449487	0.0532168	0	6.09325	2.11284	-404.945	-93.6518	-0.35574	0.238825	-0.100856	-0	179.765	177.013	51.6242	49.1296	1.52072	1.52881
799.999	853.144	1.89617e-06	1285.16	0.14644	-0.0425153	0.052093	-0	5.68831	2.06921	-404.945	-43.6332	-0.358696	0.217146	-0.0650327	-0	179.803	177.046	52.4233	49.9697	1.52661	1.53093
799.999	848.436	-2.96159e-06	-1978.14	0.14644	-0.038749	0.0510301	0	5.28336	1.92447	-404.945	-144.735	-0.361651	0.201533	-0.0324608	-0	179.836	177.077	53.2226	50.7833	1.53209	1.53299
799.999	839.75	8.8652e-06	-5176.79	0.14644	-0.0318001	0.0500614	0	4.87841	1.70524	-404.945	-219.23	-0.364607	0.19039	-0.00223081	-0	179.865	177.107	54.0221	51.6066	1.53717	1.53492
799.999	838.29	9.13044e-06	-3211.15	0.14644	-0.0306327	0.0492664	0	4.47347	1.63074	-404.945	-74.4958	-0.367563	0.170563	0.0263277	-0	179.89	177.134	54.8217	52.4143	1.54185	1.53662
799.999	828.529	-3.49473e-06	-1190.45	0.14644	-0.0228234	0.0485006	0	4.06852	1.56795	-404.945	-62.7894	-0.370519	0.150034	0.0519123	-0	179.911	177.162	55.6214	53.2679	1.54612	1.53826
799.999	826.387	1.69999e-06	152.702	0.14644	-0.0211103	0.04793	-0	3.66358	1.3466	-404.945	-221.359	-0.373475	0.139019	0.0744174	-0	179.929	177.185	56.4212	54.0189	1.54999	1.53982
799.999	824.783	1.98638e-06	3195.73	0.14644	-0.0198271	0.0474023	-0	3.25863	0.699547	-404.945	-647.049	-0.37643	0.153545	0.0952702	0	179.945	177.209	57.2211	54.8243	1.55345	1.54117
799.999	829.853	-2.42024e-06	9763.03	0.14644	-0.0238828	0.0469066	-0	2.86357	-0.563688	-382.467	-1263.24	-0.357098	0.205636	0.118302	0	179.957	177.232	58.021	55.6056	1.55651	1.54187
799.999	831.983	2.48931e-06	11218.7	0.14644	-0.0255867	0.0463095	-0	2.49388	-1.75562	-356.925	-1191.93	-0.334553	0.25497	0.149147	0	179.968	177.255	58.8209	56.3929	1.55918	1.54131
799.999	829.595	5.58059e-07	7376.01	0.14644	-0.0236766	0.0456698	-0	2.14972	-2.50696	-331.383	-751.343	-0.311822	0.279401	0.187393	0	179.976	177.278	59.6208	57.1427	1.5615	1.53955
799.999	821.454	-1.25907e-07	4747.18	0.14644	-0.0171637	0.0450779	-0	1.83111	-2.9401	-305.842	-433.14	-0.288904	0.286273	0.229303	0	179.983	177.303	60.4208	57.884	1.56349	1.53704
799.999	813.316	-2.4324e-07	3439.94	0.14644	-0.0106532	0.0446488	-0	1.53804	-3.24021	-280.3	-300.111	-0.2658	0.286695	0.272244	0	179.988	177.329	61.2208	58.589	1.56517	1.5341
799.999	802.588	-4.07175e-08	3684.15	0.14644	-0.00207046	0.0443825	-0	1.27051	-3.52649	-254.758	-286.277	-0.242509	0.28782	0.315248	0	179.992	177.358	62.0208	59.2975	1.56658	1.53086
799.999	792.149	1.02965e-07	2415.22	0.14644	0.00628018	0.0443307	-0	1.02852	-3.63504	-229.217	-108.551	-0.219032	0.279814	0.358421	-0	179.995	177.387	62.8208	59.9697	1.56772	1.52734
799.999	781.837	-1.08418e-07	2870.12	0.14644	0.0145302	0.0444877	-0	0.812075	-3.71379	-203.675	-78.7525	-0.195369	0.271552	0.400393	-0	179.997	177.419	63.6208	60.6455	1.56864	1.5237
799.999	770.412	-1.86091e-09	-184.88	0.14644	0.0236702	0.044851	0	0.621171	-3.68719	-178.133	26.6056	-0.171519	0.258502	0.441126	-0	179.998	177.452	64.4208	61.3078	1.56936	1.51999
799.999	757.822	-2.59862e-09	-2342.06	0.14644	0.0337417	0.0454428	0	0.455808	-3.51585	-152.592	171.34	-0.147482	0.238299	0.479901	-0	179.999	177.489	65.2208	61.9761	1.56989	1.5163
799.999	752.206	9.91401e-09	3466.28	0.14644	0.0382348	0.0462863	-0	0.315987	-2.82304	-127.05	692.811	-0.12326	0.188342	0.515646	-0	179.999	177.527	66.0208	62.6405	1.57028	1.51278
799.999	749.749	1.69423e-09	7699.23	0.14644	0.0402006	0.0472422	-0	0.201708	-2.01955	-101.508	803.49	-0.0988503	0.133275	0.543898	-0	180	177.568	66.8208	63.3098	1.57053	1.50996
799.999	751.033	1.54361e-11	11175.6	0.14644	0.0391732	0.0482472	-0	0.11297	-0.976608	-75.9664	1042.94	-0.0742546	0.0653747	0.563889	-0	180	177.609	67.6208	63.9668	1.57069	1.50794
799.999	751.114	2.852e-11	10790.1	0.14644	0.0391084	0.0492265	-0	0.0497747	-0.0188049	-50.4247	957.803	-0.0494725	0.00411477	0.573695	-0	180	177.652	68.4208	64.6275	1.57077	1.50697
799.999	747.807	-1.36022e-13	6497.34	0.14644	0.041754	0.0502042	-0	0.0121207	1.05181	-24.8831	1070.61	-0.024504	-0.0623811	0.574312	-0	180	177.693	69.2208	65.2809	1.5708	1.50695
799.999	741.235	0	7601.06	0.14644	0.0470116	0.0512481	-0	-0	2.15541	-0	1103.6	-0	-0.129324	0.564955	-0	180	177.735	70.0208	65.9391	1.5708	1.508
799.999	735.11	0	6430.3	0.14644	0.0519119	0.0524234	-0	0	2.54704	-0	391.635	0	-0.152823	0.545556	-0	180	177.772	70	66.5517	1.5708	1.51015
799.999	724.813	0	1246.85	0.14644	0.0601488	0.0537212	-0	0	2.73009	-0	183.046	0	-0.163805	0.522633	-0	180	177.808	70.8	67.1727	1.5708	1.5127
799.999	714.987	0	-984.544	0.14644	0.0680097	0.0552249	0	0	2.68433	-0	-45.7616	0	-0.16106	0.498062	0	180	177.843	71.6	67.7927	1.5708	1.51543
799.999	705.807	0	-2030.81	0.14644	0.0753537	0.0569251	0	0	2.59068	-0	-93.6515	0	-0.155441	0.473903	0	180	177.876	72.4	68.4272	1.5708	1.51812
799.999	699.539	0	-1154.53	0.14644	0.0803681	0.058809	0	0	2.54172	-0	-48.9545	0	-0.152503	0.450587	0	180	177.908	73.2	69.0679	1.5708	1.52071
799.999	694.592	0	-2801.74	0.14644	0.0843257	0.0608182	0	0	2.51192	-0	-29.7983	0	-0.150715	0.427712	0	180	177.939	74	69.7207	1.5708	1.52325
799.999	694.695	0	-2169.67	0.14644	0.0842433	0.0629263	0	0	2.53534	-0	23.4129	0	-0.15212	0.405104	-0	180	177.97	74.8	70.3953	1.5708	1.52576
799.999	696.606	0	-685.268	0.14644	0.0827146	0.0650324	0	0	2.51937	-0	-15.9636	0	-0.151162	0.382286	0	180	178	75.6	71.1098	1.5708	1.5283
799.999	700.703	0	-460.213	0.14644	0.0794374	0.0671003	0	0	2.75137	-0	232.001	0	-0.165082	0.359612	-0	180	178.029	76.4	71.8292	1.5708	1.53081
799.999	709.419	0	2039.33	0.14644	0.072464	0.0690862	-0	0	3.17387	-0	422.497	0	-0.190432	0.33485	-0	180	178.056	77.2	72.5704	1.5708	1.53357
799.999	724.63	0	8884.36	0.14644	0.0602952	0.0708978	-0	0	4.20936	-0	1035.49	0	-0.252562	0.306285	-0	180	178.083	78	73.3394	1.5708	1.53674
799.999	742.26	0	12588.2	0.14644	0.0461919	0.0724052	-0	0	5.26827	-0	1058.9	0	-0.316096	0.268401	-0	180	178.106	78.8	74.1207	1.5708	1.54095
799.999	755.138	0	10074.3	0.14644	0.0358888	0.07356	-0	0	6.08133	-0	813.068	0	-0.36488	0.220986	-0	180	178.125	79.6	74.9081	1.5708	1.54622
799.999	766.854	0	12092.6	0.14644	0.0265165	0.0744572	-0	0	6.85715	-0	775.821	0	-0.411429	0.166254	-0	180	178.14	80.4	75.6883	1.5708	1.5523
799.999	775.578	0	9803.73	0.14644	0.0195372	0.0751201	-0	0	7.28923	-0	432.075	0	-0.437354	0.10454	-0	180	178.149	81.2	76.4517	1.5708	1.55916
799.999	777.45	0	3291.5	0.14644	0.0180393	0.0756085	-0	0	7.49037	-0	201.139	0	-0.449422	0.0389367	-0	180	178.152	82	77.2176	1.5708	1.56645
799.999	775.001	0	576.476	0.14644	0.0199991	0.0760595	-0	0	7.41374	-0	-76.6249	0	-0.444825	-0.0284766	0	180	178.149	82.8	77.9822	1.5708	1.57394
799.999	772.408	0	550.14	0.14644	0.022073	0.0765595	-0	0	7.27539	-0	-138.349	0	-0.436524	-0.0952003	0	180	178.142	83.6	78.73	1.5708	1.58135
799.999	772.205	0	1036.16	0.14644	0.0222353	0.0771113	-0	0	7.10405	-0	-171.34	0	-0.426243	-0.160679	0	180	178.128	84.4	79.474	1.5708	1.58862
799.999	771.563	0	-144.179	0.14644	0.0227489	0.0776672	0	0	6.93484	-0	-169.212	0	-0.416091	-0.224615	0	180	178.109	85.2	80.2348	1.5708	1.59573
799.999	771.777	0	-2083.48	0.14644	0.0225781	0.0782359	0	0	6.75712	-0	-177.726	0	-0.405427	-0.287029	0	180	178.085	86	81.0015	1.5708	1.60266
799.999	774.041	0	351.421	0.14644	0.020767	0.0788004	-0	0	6.64963	-0	-107.487	0	-0.398978	-0.347843	0	180	178.054	86.8	81.7933	1.5708	1.60942
799.999	780.048	0	3420.79	0.14644	0.015961	0.0793196	-0	0	6.3144	-0	-335.231	0	-0.378864	-0.40769	0	180	178.019	87.6	82.5838	1.5708	1.61607
799.999	790.667	0	8810.14	0.14644	0.00746592	0.0797186	-0	0	5.02669	-0	-1287.71	0	-0.301601	-0.464519	0	180	177.977	88.4	83.386	1.5708	1.62238
799.999	806.131	0	13091	0.14644	-0.00490493	0.0799052	-0	0	3.19728	-0	-1829.4	0	-0.191837	-0.50976	0	180	177.931	89.2	84.1917	1.5708	1.62741
799.999	813.275	0	9995.27	0.14644	-0.0106207	0.0797826	-0	0	1.27742	-0	-1919.86	0	-0.0766453	-0.538535	0	180	177.882	90	85.0177	1.5708	1.63061
799.999	818.338	0	8072.72	0.14644	-0.0146712	0.0795171	-0	0	-0.305081	-0	-1582.5	0	0.0183049	-0.550032	0	180	177.834	90.8	85.8039	1.5708	1.63189
799.999	822.018	0	8441.43	0.14644	-0.0176147	0.0791503	-0	0	-0.998956	-0	-693.875	0	0.0599374	-0.547286	0	180	177.786	91.6	86.5936	1.5708	1.63158
799.999	824.116	0	6688.87	0.14644	-0.0192932	0.0787099	-0	0	-1.22776	-0	-228.809	0	0.0736659	-0.538296	0	180	177.739	92.4	87.3714	1.5708	1.63058
799.999	820.901	0	2094.4	0.14644	-0.0167212	0.0782276	-0	0	-1.38527	-0	-157.505	0	0.0831162	-0.527246	0	180	177.693	93.2	88.1529	1.5708	1.62935
799.999	816.292	0	-486.55	0.14644	-0.013034	0.0778096	0	0	-1.3874	-0	-2.1286	0	0.0832439	-0.514778	0	180	177.649	94	88.9247	1.5708	1.62797
799.999	811.883	0	435.218	0.14644	-0.00950708	0.0774837	-0	0	-1.3576	-0	29.7983	0	0.081456	-0.502292	-0	180	177.606	94.8	89.7027	1.5708	1.62658
799.999	806.243	0	-3704.36	0.14644	-0.00499478	0.0772461	0	0	-1.40762	-0	-50.0185	0	0.0844571	-0.490073	0	180	177.564	95.6	90.4698	1.5708	1.62522
799.999	799.355	0	-5452.12	0.14644	0.000515771	0.0771212	0	0	-1.51617	-0	-108.551	0	0.0909702	-0.477405	0	180	177.522	96.4	91.2576	1.5708	1.62382
799.999	798.212	0	-2514.44	0.14644	0.00143022	0.0771341	0	0	-1.62046	-0	-104.294	0	0.0972278	-0.463759	0	180	177.482	97.2	92.043	1.5708	1.6223
799.999	798.084	0	-711.605	0.14644	0.00153257	0.0771698	0	0	-1.74498	-0	-124.514	0	0.104699	-0.449175	0	180	177.441	98	92.8525	1.5708	1.62068
799.999	801.709	0	-1252.69	0.14644	-0.00136772	0.0772082	0	0	-1.82373	-0	-78.7528	0	0.109424	-0.43347	0	180	177.403	98.8	93.6549	1.5708	1.61893
799.999	802.132	0	-3467.33	0.14644	-0.00170596	0.077174	0	0	-2.22494	-0	-401.213	0	0.133497	-0.417057	0	180	177.364	99.6	94.4996	1.5708	1.61711
799.999	813.873	0	5261.93	0.14644	-0.0110988	0.0771313	-0	0	-3.20935	-0	-984.408	0	0.192561	-0.397032	0	180	177.327	100.4	95.3359	1.5708	1.61489
799.999	830.249	0	14132.4	0.14644	-0.0241996	0.0768538	-0	0	-5.0196	-0	-1810.25	0	0.301176	-0.368148	0	180	177.291	101.2	96.2074	1.5708	1.61168
799.999	842.217	0	10383.1	0.14644	-0.0337742	0.0762488	-0	0	-6.78196	-0	-1762.36	0	0.406917	-0.322971	0	180	177.26	102	97.0573	1.5708	1.60666
799.999	848.563	0	8151.73	0.14644	-0.0388506	0.0754045	-0	0	-7.84192	-0	-1059.97	0	0.470515	-0.261934	0	180	177.236	102.8	97.9134	1.5708	1.59988
799.999	853.248	0	6607.47	0.14644	-0.0425986	0.0744332	-0	0	-7.98347	-0	-141.542	0	0.479008	-0.191357	0	180	177.218	103.6	98.7455	1.5708	1.59203
799.999	850.014	0	2355.37	0.14644	-0.0400117	0.0733683	-0	0	-7.97176	-0	11.7064	0	0.478306	-0.119505	-0	180	177.207	104.4	99.5814	1.5708	1.58405
799.999	850.151	0	4804.64	0.14644	-0.0401214	0.072368	-0	0	-8.31125	-0	-339.488	0	0.498675	-0.0477595	0	180	177.203	105.2	100.381	1.5708	1.57608
799.999	851.753	0	8860.41	0.14644	-0.0414026	0.0713649	-0	0	-8.64648	-0	-335.231	0	0.518789	0.0270417	0	180	177.205	106	101.189	1.5708	1.56777
799.999	848.671	0	3030.53	0.14644	-0.0389374	0.0703299	-0	0	-8.41448	-0	232.001	0	0.504869	0.10486	-0	180	177.214	106.8	101.976	1.5708	1.55912
799.999	845.612	0	3921.18	0.14644	-0.0364903	0.0693564	-0	0	-7.55139	-0	863.086	0	0.453083	0.18059	-0	180	177.23	107.6	102.769	1.5708	1.55071
799.999	845.111	0	6557.19	0.14644	-0.0360893	0.0684442	-0	0	-6.66063	-0	890.757	0	0.399638	0.248553	-0	180	177.252	108.4	103.552	1.5708	1.54315
799.999	838.151	0	1608.38	0.14644	-0.0305216	0.0675419	-0	0	-5.91036	-0	750.279	0	0.354621	0.308499	-0	180	177.279	109.2	104.333	1.5708	1.53649
799.999	829.982	0	-2389.94	0.14644	-0.0239863	0.0667789	0	0	-5.25692	-0	653.435	0	0.315415	0.361692	-0	180	177.309	110	105.093	1.5708	1.53058
799.999	821.55	0	-3723.51	0.14644	-0.0172401	0.0661793	0	0	-4.26932	-0	987.6	0	0.256159	0.409004	-0	180	177.345	110.8	105.87	1.5708	1.52533
799.999	818.973	0	1443.18	0.14644	-0.0151786	0.0657483	-0	0	-3.38495	-0	884.371	0	0.203097	0.447428	-0	180	177.383	111.6	106.649	1.5708	1.52106
799.999	819.091	0	4421.56	0.14644	-0.0152735	0.0653688	-0	0	-2.21217	-0	1172.78	0	0.13273	0.477892	-0	180	177.425	112.4	107.43	1.5708	1.51767
799.999	821.501	0	4562.82	0.14644	-0.0172013	0.064987	-0	0	-1.4885	-0	723.673	0	0.08931	0.497802	-0	180	177.468	113.2	108.209	1.5708	1.51546
799.999	820.626	0	1182.21	0.14644	-0.0165011	0.0645569	-0	0	-0.89147	-0	597.03	0	0.0534882	0.511199	-0	180	177.514	114	109.01	1.5708	1.51397
799.999	818.982	0	-2588.66	0.14644	-0.0151859	0.0641444	0	0	-0.614771	-0	276.699	0	0.0368863	0.519222	-0	180	177.56	114.8	109.811	1.5708	1.51308
799.999	820.344	0	-371.628	0.14644	-0.016276	0.0637647	0	0	-0.155026	-0	459.745	0	0.00930154	0.524755	-0	180	177.608	115.6	110.637	1.5708	1.51247
799.999	822.753	0	-1068.34	0.14644	-0.0182032	0.0633578	0	0	0.218517	-0	373.543	0	-0.013111	0.52615	-0	180	177.657	116.4	111.472	1.5708	1.51231
799.839	823.393	-159.991	-2904.69	0.142753	-0.0188424	0.0629028	0	0	0.992209	0	773.692	0	-0.0595325	0.524183	-0	180	177.707	117.2	112.324	1.5708	1.51253
799.44	832.776	-399.991	1380.93	0.137194	-0.0266693	0.0624317	-0	0	1.30509	0	312.882	0	-0.0783055	0.515253	-0	180	177.756	118	113.178	1.5708	1.51352
798.799	842.664	-639.99	2985.04	0.131591	-0.0350913	0.061765	-0	0	1.92447	0	619.379	0	-0.115468	0.503508	-0	180	177.806	118.799	114.081	1.5708	1.51483
797.919	849.049	-879.99	2202.14	0.125944	-0.040904	0.0608877	-0	0	2.51405	0	589.581	0	-0.150843	0.486187	-0	180	177.855	119.598	114.985	1.5708	1.51675
796.799	859.184	-1119.99	100.03	0.120253	-0.0499075	0.0598651	-0	0	3.34202	0	827.967	0	-0.200521	0.463561	-0	180	177.901	120.396	115.87	1.5708	1.51926
795.44	864.115	-1359.99	2022.57	0.114518	-0.0549402	0.0586174	-0	0	4.0178	0	675.783	0	-0.241068	0.433483	-0	180	177.947	121.193	116.819	1.5708	1.52261
793.84	878.649	-1599.99	6394.39	0.108739	-0.0678473	0.0572439	-0	0	4.66166	0	643.857	0	-0.279699	0.397323	-0	180	177.986	121.988	117.708	1.5708	1.52662
792	883.704	-1839.99	4859.7	0.102916	-0.0733638	0.0555477	-0	0	5.47685	0	815.196	0	-0.328611	0.355368	-0	180	178.023	122.782	118.659	1.5708	1.53129
789.92	889.993	-2079.99	1689.78	0.0970493	-0.0800585	0.0537136	-0	0	5.96533	0	488.479	0	-0.35792	0.306076	-0	180	178.054	123.574	119.544	1.5708	1.53676
787.6	887.931	-2319.99	1297.13	0.0911387	-0.0802648	0.0517122	-0	0	6.28354	0	318.203	0	-0.377012	0.252388	-0	180	178.08	124.364	120.475	1.5708	1.54273
785.04	894.606	-2559.99	5544.44	0.0851841	-0.0876532	0.0497055	-0	0	6.57301	0	289.469	0	-0.39438	0.195836	-0	180	178.098	125.151	121.333	1.5708	1.54901
782.24	891.466	-2799.99	4100.74	0.0791855	-0.0873808	0.0475142	-0	0	6.85928	0	286.277	0	-0.411557	0.136679	-0	180	178.112	125.936	122.238	1.5708	1.55558
779.2	889.08	-3039.99	-239.947	0.073143	-0.0879041	0.0453297	-0	0	7.07426	0	214.974	0	-0.424455	0.0749455	-0	180	178.119	126.719	123.064	1.5708	1.56244
775.92	878.081	-3279.99	-1214.39	0.0670566	-0.0817292	0.0431321	-0	0	7.16152	0	87.266	0	-0.429691	0.0112771	-0	180	178.12	127.498	123.934	1.5708	1.56952
772.4	872.378	-3519.99	-850.468	0.0609263	-0.0799828	0.0410889	-0	0	7.08809	0	-73.4315	0	-0.425285	-0.0531766	0	180	178.116	128.274	124.724	1.5708	1.57668
768.64	860.802	-3759.99	179.038	0.054752	-0.0737298	0.0390893	-0	0	6.60919	0	-478.901	0	-0.396551	-0.116969	0	180	178.105	129.046	125.552	1.5708	1.58377
764.64	852.143	-4000	-1757.87	0.0485338	-0.0700031	0.0372461	-0	0	5.47473	0	-1134.46	0	-0.328484	-0.176452	0	180	178.09	129.815	126.307	1.5708	1.59038
760.4	838.339	-4240	-3338.04	0.0422717	-0.0623514	0.035496	-0	0	4.3243	0	-1150.43	0	-0.259458	-0.225725	0	180	178.07	130.579	127.097	1.5708	1.59585
755.92	825.955	-4480	-2619.78	0.0359656	-0.0560287	0.0339372	-0	0	3.65064	0	-673.655	0	-0.219039	-0.264643	0	180	178.048	131.34	127.841	1.5708	1.60018
751.2	810.361	-4720	-1659.71	0.0296156	-0.0473293	0.0325365	-0	0	3.41439	0	-236.258	0	-0.204863	-0.297499	0	180	178.024	132.096	128.578	1.5708	1.60383
746.24	804.208	-4960	119.183	0.0232217	-0.0463749	0.0313532	-0	0	3.51549	0	101.101	0	-0.210929	-0.328229	-0	180	177.999	132.847	129.263	1.5708	1.60724
741.04	785.438	-5200	851.809	0.0167838	-0.0355188	0.0301939	-0	0	3.35479	0	-160.698	0	-0.201287	-0.359868	0	180	177.969	133.593	130.01	1.5708	1.61076
735.6	775.577	-5440	2894.06	0.010302	-0.031982	0.0293059	-0	0	3.21538	0	-139.413	0	-0.192923	-0.390061	0	180	177.943	134.334	130.618	1.5708	1.61411
729.92	760.769	-5680	3147.85	0.00377628	-0.0246796	0.0285063	-0	0	3.21431	0	-1.06454	0	-0.192859	-0.418999	0	180	177.912	135.07	131.278	1.5708	1.61733
724	745.324	-5920	660.273	-0.00279338	-0.0170593	0.0278894	-0	0	3.18345	0	-30.8623	0	-0.191007	-0.447928	0	180	177.882	135.8	131.877	1.5708	1.62054
718	725.884	-6000	-1065.95	-0.00572037	-0.00630723	0.0274629	-0	0	2.76734	-0	-416.112	0	-0.16604	-0.476579	0	180	177.851	136.524	132.476	1.5708	1.62372
712	705.248	-6000	-2004.47	-0.00681867	0.00540132	0.0273052	-0	0	1.78719	-0	-980.152	0	-0.107231	-0.501485	0	180	177.819	137.242	133.036	1.5708	1.62649
706	685.033	-6000	-206.428	-0.00791696	0.016773	0.0274402	-0	0	0.225967	-0	-1561.22	0	-0.013558	-0.51757	0	180	177.788	137.954	133.573	1.5708	1.62828
700	665.257	-6000	-1695.62	-0.00901526	0.0277939	0.0278596	-0	0	-1.67048	-0	-1896.45	0	0.100229	-0.519604	0	180	177.759	138.66	134.077	1.5708	1.62851
694	641.78	-6000	-5186.37	-0.0101136	0.0417761	0.0285544	-0	0	-3.11783	-0	-1447.35	0	0.18707	-0.504569	0	180	177.731	139.36	134.579	1.5708	1.62683
688	620.237	-6000	-5914.21	-0.0112119	0.05421	0.0295988	-0	0	-4.72268	-0	-1604.85	0	0.283361	-0.476509	0	180	177.706	140.054	135.055	1.5708	1.62372
682	599.533	-6000	-6167.99	-0.0123102	0.0659735	0.0309541	0	0	-5.59002	-0	-867.344	0	0.335401	-0.434005	0	180	177.683	140.742	135.534	1.5708	1.61899
676	582.149	-6000	-5986.03	-0.0134085	0.0750806	0.0326034	-0	0	-6.22004	-0	-630.021	0	0.373203	-0.383695	0	180	177.663	141.424	136.002	1.5708	1.6134
670	567.122	-6000	-4496.84	-0.0145067	0.0823021	0.0344804	-0	0	-6.43928	-0	-219.231	0	0.386357	-0.327714	0	180	177.645	142.1	136.482	1.5708	1.60718
664	559.129	-6000	-227.976	-0.015605	0.0838966	0.036538	-0	0	-6.61062	-0	-171.34	0	0.396637	-0.269761	0	180	177.631	142.77	136.954	1.5708	1.60074
658	553.538	-6000	1285.16	-0.0167033	0.0835693	0.0386354	-0	0	-6.69362	-0	-83.0097	0	0.401617	-0.210265	0	180	177.62	143.434	137.443	1.5708	1.59413
652	546.575	-6000	-860.045	-0.0178016	0.0843394	0.0407246	-0	0	-6.82559	-0	-131.964	0	0.409535	-0.150022	0	180	177.612	144.092	137.934	1.5708	1.58744
646	542.952	-6000	-745.123	-0.0188999	0.0824383	0.0428331	-0	0	-6.89689	-0	-71.3029	0	0.413814	-0.0885921	0	180	177.607	144.744	138.426	1.5708	1.58061
640	539.184	-6000	-766.671	-0.0199982	0.0806523	0.0448941	-0	0	-6.90434	-0	-7.4501	0	0.414261	-0.0265201	0	180	177.605	145.39	138.943	1.5708	1.57372
634	536.334	-6000	-972.573	-0.0210965	0.0781322	0.0469104	-0	0	-6.78196	-0	122.386	0	0.406917	0.035619	-0	180	177.607	146.03	139.455	1.5708	1.56681
628	535.931	-6000	-1525.63	-0.0221948	0.0736545	0.0488637	-0	0	-6.25623	-0	525.727	0	0.375374	0.0966566	-0	180	177.613	146.664	139.975	1.5708	1.56003
622	535.452	-6000	-848.074	-0.0232931	0.0692379	0.050705	-0	0	-5.53043	-0	725.801	0	0.331826	0.152963	-0	180	177.622	147.292	140.521	1.5708	1.55378
616	542.4	-6000	4129.47	-0.0243914	0.0588797	0.052436	-0	0	-4.45982	-0	1070.61	0	0.267589	0.202736	-0	180	177.634	147.914	141.059	1.5708	1.54825
610	549.622	-6000	6413.54	-0.0254897	0.048302	0.053908	-0	0	-3.69996	-0	759.857	0	0.221998	0.242875	-0	180	177.65	148.53	141.627	1.5708	1.54379
604	555.045	-6000	2266.78	-0.026588	0.0391637	0.0551155	-0	0	-2.74748	-0	952.482	0	0.164849	0.276174	-0	180	177.667	149.14	142.183	1.5708	1.54009
598	553.985	-6000	-2456.98	-0.0276863	0.0352116	0.0560946	-0	0	-1.8365	-0	910.977	0	0.11019	0.300902	-0	180	177.686	149.744	142.767	1.5708	1.53734
592	556.189	-6000	-2169.67	-0.0287846	0.0286485	0.0569749	-0	0	-1.08197	-0	754.535	0	0.064918	0.31743	-0	180	177.706	150.342	143.333	1.5708	1.5355
586	559.412	-6000	1220.52	-0.0298829	0.0212698	0.0576911	-0	0	-0.771212	-0	310.754	0	0.0462727	0.327168	-0	180	177.728	150.934	143.928	1.5708	1.53442
580	564.401	-6000	320.296	-0.0309812	0.012479	0.0582229	-0	0	-0.515798	-0	255.414	0	0.0309479	0.334109	-0	180	177.749	151.52	144.505	1.5708	1.53365
574	563.975	-6000	-2593.45	-0.0320795	0.00801982	0.0585348	-0	0	-0.384898	-0	130.9	0	0.0230939	0.338751	-0	180	177.772	152.1	145.111	1.5708	1.53313
568	566.8	-6000	-2919.06	-0.0331778	0.00095957	0.0587353	-0	0	-0.18376	-0	201.139	0	0.0110256	0.342215	-0	180	177.794	152.674	145.694	1.5708	1.53275
562	565.657	-6000	-3792.94	-0.0342761	-0.00292612	0.0587593	-0	0	-0.0698877	-0	113.872	0	0.00419326	0.343869	-0	180	177.818	153.242	146.312	1.5708	1.53256
556	568.209	-6000	-3304.53	-0.0353744	-0.00976714	0.0586862	-0	0	0.147214	-0	217.102	0	-0.00883286	0.344498	-0	180	177.841	153.804	146.901	1.5708	1.53249
550	570.101	-6000	-1607.04	-0.0364727	-0.0160808	0.058442	-0	0	0.37283	-0	225.616	0	-0.0223698	0.343173	-0	180	177.864	154.36	147.522	1.5708	1.53264
544	571.361	-6000	-2634.15	-0.037571	-0.0218894	0.05804	-0	0	0.803841	-0	431.011	0	-0.0482305	0.339818	-0	180	177.887	154.91	148.123	1.5708	1.53301
538	570.344	-6000	-1939.83	-0.0386693	-0.0258753	0.0574927	-0	0	1.40619	-0	602.351	0	-0.0843716	0.332583	-0	180	177.91	155.454	148.729	1.5708	1.53382
532	577.075	-6000	-960.602	-0.0397676	-0.0360603	0.0568459	-0	0	2.51512	-0	1108.92	0	-0.150907	0.319927	-0	180	177.93	155.992	149.307	1.5708	1.53522
526	570.489	-6000	-4403.46	-0.0408659	-0.0355912	0.0559443	-0	0	3.91138	-0	1396.26	0	-0.234683	0.297291	-0	180	177.951	156.524	149.953	1.5708	1.53774
520	561.533	-6000	-9378.62	-0.0419642	-0.0332266	0.0550546	0	0	4.717	-0	805.618	0	-0.28302	0.262089	-0	180	177.967	157.05	150.504	1.5708	1.54165
514	558.661	-6000	-7640.42	-0.0430625	-0.0357291	0.0542239	0	0	4.87025	-0	153.249	0	-0.292215	0.219636	-0	180	177.981	157.57	151.069	1.5708	1.54637
508	562.335	-6000	519.015	-0.0441608	-0.0434682	0.0533307	-0	0	4.70529	-0	-164.955	0	-0.282317	0.175804	0	180	177.993	158.084	151.67	1.5708	1.55124
502	565.853	-6000	3574.02	-0.0452591	-0.051083	0.052244	-0	0	4.44243	-0	-262.864	0	-0.266546	0.133456	0	180	178.002	158.592	152.261	1.5708	1.55594
496	568.597	-6000	286.777	-0.0463574	-0.0580783	0.0509669	-0	0	4.29876	-0	-143.67	0	-0.257925	0.0934741	0	180	178.008	159.094	152.826	1.5708	1.56039
490	566.048	-6000	-460.213	-0.0474557	-0.0608384	0.0495149	-0	0	4.31685	-0	18.0917	0	-0.259011	0.0547853	-0	180	178.011	159.59	153.417	1.5708	1.56468
484	565.676	-6000	-601.471	-0.048554	-0.0653415	0.047994	-0	0	4.42753	-0	110.68	0	-0.265652	0.0159336	-0	180	178.012	160.08	153.964	1.5708	1.569
478	559.875	-6000	-1578.31	-0.0496523	-0.0655002	0.0463605	-0	0	4.48074	-0	53.2112	0	-0.268844	-0.0239141	-0	180	178.011	160.564	154.532	1.5708	1.57343
472	558.602	-6000	662.667	-0.0507506	-0.069282	0.0447229	-0	0	4.44136	-0	-39.3767	0	-0.266482	-0.0642408	0	180	178.007	161.042	155.054	1.5708	1.57791
466	551.886	-6000	-426.695	-0.0518489	-0.0687094	0.0429909	-0	0	4.28066	-0	-160.698	0	-0.25684	-0.104213	0	180	178.001	161.514	155.595	1.5708	1.58235
460	544.326	-6000	-3318.89	-0.0529472	-0.0674608	0.0412732	-0	0	3.79219	-0	-488.479	0	-0.227531	-0.142739	0	180	177.993	161.98	156.09	1.5708	1.58663
454	530.76	-6000	-6000.4	-0.0540455	-0.0614086	0.0395866	0	0	3.17493	-0	-617.251	0	-0.190496	-0.176869	0	180	177.983	162.44	156.596	1.5708	1.59042
448	517.23	-6000	-8406.57	-0.0551438	-0.0553843	0.0380514	0	0	2.19798	-0	-976.958	0	-0.131879	-0.205443	0	180	177.973	162.894	157.059	1.5708	1.5936
442	503.324	-6000	-6838.37	-0.0562421	-0.0490593	0.0366668	0	0	1.51262	-0	-685.361	0	-0.0907569	-0.225225	0	180	177.961	163.342	157.53	1.5708	1.5958
436	491.908	-6000	-5887.87	-0.0573404	-0.0447264	0.0354403	-0	0	0.854924	-0	-657.691	0	-0.0512954	-0.238838	0	180	177.949	163.784	157.969	1.5708	1.59731
430	479.291	-6000	-5131.3	-0.0584387	-0.0394333	0.0343222	-0	0	0.528207	-0	-326.717	0	-0.0316924	-0.246533	0	180	177.937	164.22	158.411	1.5708	1.59816
424	472.382	-6000	-3278.19	-0.059537	-0.0387055	0.0333363	-0	0	0.308977	-0	-219.23	0	-0.0185386	-0.251287	0	180	177.926	164.65	158.823	1.5708	1.59869
418	458.925	-6000	-1257.48	-0.0606353	-0.0327405	0.0323687	-0	0	0.211068	-0	-97.9087	0	-0.0126641	-0.254067	0	180	177.913	165.074	159.263	1.5708	1.599
412	449.75	-6000	-409.935	-0.0617335	-0.0302005	0.0315502	-0	0	0.179141	-0	-31.9268	0	-0.0107485	-0.255967	0	180	177.903	165.492	159.612	1.5708	1.59921
406	437.716	-6000	-845.68	-0.0628318	-0.0253733	0.0307952	-0	0	0.141893	-0	-37.2479	0	-0.00851359	-0.257579	0	180	177.893	165.904	159.982	1.5708	1.59939
400	425.938	-6000	-421.906	-0.0639301	-0.0207506	0.0301608	-0	0	0.0567551	-0	-85.138	0	-0.00340531	-0.258856	0	180	177.883	166.31	160.319	1.5708	1.59953
394	412.96	-6000	-1456.2	-0.0650284	-0.0151683	0.0296421	-0	0	-0.076273	-0	-133.028	0	0.00457638	-0.259367	0	180	177.874	166.71	160.643	1.5708	1.59959
388	396.576	-6000	-3323.68	-0.0661267	-0.00686147	0.0292629	-0	0	-0.562624	-0	-486.351	0	0.0337574	-0.258681	0	180	177.865	167.104	160.952	1.5708	1.59951
382	379.435	-6000	-5720.27	-0.067225	0.0020519	0.0290913	-0	0	-1.23734	-0	-674.719	0	0.0742406	-0.253617	0	180	177.857	167.492	161.231	1.5708	1.59895
376	360.448	-6000	-9404.95	-0.0683233	0.012441	0.0291426	0	0	-2.36861	-0	-1131.27	0	0.142117	-0.242481	0	180	177.849	167.874	161.507	1.5708	1.59771
370	342.324	-6000	-10559	-0.0694216	0.0221408	0.0294537	0	0	-3.17423	-0	-805.618	0	0.190454	-0.221163	0	180	177.843	168.25	161.781	1.5708	1.59535
364	328.905	-6000	-7609.3	-0.0705199	0.0280753	0.0300072	0	0	-3.68187	-0	-507.636	0	0.220912	-0.192595	0	180	177.837	168.62	162.056	1.5708	1.59217
358	320.461	-6000	-3977.3	-0.0716182	0.0300308	0.0307091	-0	0	-3.68719	-0	-5.32103	0	0.221231	-0.159459	0	180	177.832	168.984	162.332	1.5708	1.58849
352	314.808	-6000	-1949.41	-0.0727165	0.0297529	0.0314598	-0	0	-3.5946	-0	92.5877	0	0.215676	-0.126274	-0	180	177.828	169.342	162.612	1.5708	1.5848
346	311.067	-6000	-718.787	-0.0738148	0.0279464	0.0322037	-0	0	-3.57012	-0	24.477	0	0.214207	-0.0939224	-0	180	177.825	169.694	162.894	1.5708	1.58121
340	309.537	-6000	1184.6	-0.0749131	0.02437	0.0329023	-0	0	-3.61269	-0	-42.5689	0	0.216762	-0.0617913	0	180	177.823	170.04	163.178	1.5708	1.57764
334	307.256	-6000	451.977	-0.0760114	0.0213952	0.0335116	-0	0	-3.63611	-0	-23.4129	0	0.218166	-0.0292771	0	180	177.822	170.38	163.463	1.5708	1.57402
328	302.932	-6000	-2073.91	-0.0771097	0.0200542	0.0340464	-0	0	-3.70209	-0	-65.9821	0	0.222125	0.00344788	0	180	177.822	170.714	163.746	1.5708	1.57039
322	298.64	-6000	-3591.83	-0.078208	0.0186874	0.0345478	-0	0	-3.78829	-0	-86.2021	0	0.227297	0.0367667	0	180	177.823	171.042	164.028	1.5708	1.56669
316	292.641	-6000	-5562.26	-0.0793063	0.0186865	0.035015	-0	0	-3.87024	-0	-81.9454	0	0.232214	0.0708613	0	180	177.826	171.364	164.321	1.5708	1.5629
310	286.725	-6000	-7614.09	-0.0804046	0.0186198	0.0354821	0	0	-3.85321	-0	17.0276	0	0.231192	0.105693	-0	180	177.829	171.68	164.609	1.5708	1.55903
304	282.19	-6000	-8480.79	-0.0815029	0.0174477	0.0359476	0	0	-3.66697	-0	186.239	0	0.220018	0.140372	-0	180	177.834	171.99	164.911	1.5708	1.55517
298	279.806	-6000	-6998.78	-0.0826012	0.0145552	0.0363838	0	0	-3.27214	-0	394.828	0	0.196328	0.173375	-0	180	177.84	172.294	165.229	1.5708	1.55151
292	281.004	-6000	-4623.73	-0.0836995	0.00879641	0.0367477	-0	0	-2.76983	-0	502.314	0	0.16619	0.202824	-0	180	177.847	172.592	165.55	1.5708	1.54824
286	283.164	-6000	-3824.07	-0.0847978	0.00226841	0.0369676	-0	0	-2.4612	-0	308.625	0	0.147672	0.227753	-0	180	177.856	172.884	165.883	1.5708	1.54547
280	288.487	-6000	-1817.73	-0.0858961	-0.00678992	0.0370243	-0	0	-2.18982	-0	271.377	0	0.131389	0.249904	-0	180	177.865	173.17	166.22	1.5708	1.543
274	294.316	-6000	411.276	-0.0869944	-0.0162534	0.0368546	-0	0	-1.93973	-0	250.093	0	0.116384	0.269612	-0	180	177.876	173.45	166.573	1.5708	1.54081
268	299.81	-6000	-117.843	-0.0880927	-0.0254481	0.0364483	-0	0	-1.48637	-0	453.36	0	0.0891823	0.28707	-0	180	177.887	173.724	166.916	1.5708	1.53887
262	302.747	-6000	-1276.64	-0.089191	-0.0325976	0.0358121	-0	0	-1.10644	-0	379.928	0	0.0663866	0.300447	-0	180	177.898	173.992	167.266	1.5708	1.53739
256	302.702	-6000	-1042	-0.0902893	-0.0373617	0.0349971	-0	0	-0.515798	-0	590.645	0	0.0309479	0.310405	-0	180	177.91	174.254	167.606	1.5708	1.53628
250	302.591	-6000	-2461.77	-0.0913876	-0.0420728	0.0340631	-0	0	0.094003	-0	609.801	0	-0.00564018	0.315047	-0	180	177.921	174.51	167.918	1.5708	1.53577
244	297.433	-6000	-6871.89	-0.0924859	-0.042747	0.0330113	0	0	1.03797	-0	943.968	0	-0.0622782	0.314201	-0	180	177.932	174.76	168.241	1.5708	1.53586
238	288.967	-6000	-9244.54	-0.0935842	-0.0407743	0.0319426	0	0	1.86807	-0	830.096	0	-0.112084	0.304859	-0	180	177.943	175.004	168.554	1.5708	1.5369
232	284.346	-6000	-7386.64	-0.0946825	-0.0418773	0.0309232	0	0	2.54704	-0	678.976	0	-0.152823	0.288047	-0	180	177.952	175.242	168.85	1.5708	1.53877
226	280.468	-6000	-5734.64	-0.0957808	-0.043575	0.0298763	-0	0	3.04084	-0	493.8	0	-0.182451	0.265123	-0	180	177.962	175.474	169.159	1.5708	1.54131
220	276.622	-6000	-5861.53	-0.0968791	-0.0452976	0.0287869	-0	0	3.45163	-0	410.791	0	-0.207098	0.237756	-0	180	177.969	175.7	169.456	1.5708	1.54435
214	272.414	-6000	-4408.25	-0.0979774	-0.0467312	0.0276545	-0	0	3.78899	-0	337.359	0	-0.22734	0.206691	-0	180	177.976	175.92	169.751	1.5708	1.54781
208	271.52	-6000	-3879.13	-0.0990757	-0.0508159	0.0264862	-0	0	3.99332	-0	204.331	0	-0.239599	0.17259	-0	180	177.981	176.134	170.025	1.5708	1.55159
202	264.385	-6000	-4602.18	-0.100174	-0.0499082	0.0252158	-0	0	4.24767	-0	254.35	0	-0.25486	0.13665	-0	180	177.986	176.342	170.323	1.5708	1.55559
196	261.736	-6000	-2962.15	-0.101272	-0.0525892	0.0239681	-0	0	4.41901	-0	171.34	0	-0.265141	0.0984211	-0	180	177.989	176.544	170.565	1.5708	1.55984
190	256.856	-6000	-3050.74	-0.102371	-0.0534847	0.0226534	-0	0	4.47435	-0	55.3403	0	-0.268461	0.05865	-0	180	177.99	176.74	170.829	1.5708	1.56425
184	251.691	-6000	-3910.26	-0.103469	-0.0541531	0.0213162	-0	0	4.44881	-0	-25.5418	0	-0.266929	0.0183808	0	180	177.991	176.93	171.07	1.5708	1.56873
178	244.749	-6000	-4714.71	-0.104567	-0.0533993	0.0199624	-0	0	4.52118	-0	72.3672	0	-0.271271	-0.0216585	-0	180	177.99	177.114	171.31	1.5708	1.57318
172	236.27	-6000	-6519.94	-0.105665	-0.0514165	0.0186274	0	0	4.53714	-0	15.9636	0	-0.272229	-0.0623491	-0	180	177.989	177.292	171.535	1.5708	1.5777
166	227.165	-6000	-6146.44	-0.106764	-0.0489319	0.017342	0	0	4.14232	-0	-394.827	0	-0.248539	-0.103183	0	180	177.986	177.464	171.754	1.5708	1.58224
160	220.166	-6000	-4815.27	-0.107862	-0.048133	0.0161187	-0	0	3.47505	-0	-667.269	0	-0.208503	-0.140464	0	180	177.983	177.63	171.954	1.5708	1.58638
154	212.293	-6000	-4015.6	-0.10896	-0.046635	0.0149154	-0	0	2.91846	-0	-556.59	0	-0.175107	-0.17174	0	180	177.979	177.79	172.154	1.5708	1.58985
150.962	204.841	-6000	-4154.47	-0.109516	-0.0431026	0.0137495	-0	0	2.4949	0	-423.562	0	-0.149694	-0.198006	0	180	177.975	177.944	172.332	1.5708	1.59277
144.955	197.001	-6000	-3266.22	-0.110616	-0.0416363	0.012672	-0	0	2.13093	0	-363.965	0	-0.127856	-0.22046	0	180	177.971	178.092	172.507	1.5708	1.59527
138.95	189.55	-6000	-2631.75	-0.111715	-0.0404803	0.011631	-0	0	1.79996	0	-330.974	0	-0.107997	-0.239638	0	180	177.967	178.234	172.663	1.5708	1.5974
132.945	181.835	-6000	-2275.02	-0.112814	-0.0391118	0.010619	-0	0	1.4892	0	-310.754	0	-0.0893521	-0.255838	0	180	177.963	178.37	172.809	1.5708	1.5992
126.942	172.565	-6000	-2445.01	-0.113913	-0.0364986	0.00964124	-0	0	1.12098	0	-368.222	0	-0.0672588	-0.269241	0	180	177.959	178.5	172.942	1.5708	1.60069
120.941	162.17	-6000	-3515.21	-0.115012	-0.0329837	0.00872878	-0	0	0.945383	0	-175.597	0	-0.056723	-0.279329	0	180	177.955	178.624	173.053	1.5708	1.60181
114.94	150.268	-6000	-4199.96	-0.11611	-0.0282623	0.00790419	-0	0	0.75063	0	-194.753	0	-0.0450378	-0.287838	0	180	177.952	178.742	173.153	1.5708	1.60275
108.94	138.585	-6000	-3936.59	-0.117208	-0.0237153	0.00719763	-0	0	0.479253	0	-271.377	0	-0.0287552	-0.294594	0	180	177.949	178.854	173.234	1.5708	1.6035
102.942	126.854	-6000	-3405.08	-0.118306	-0.0191296	0.00660475	-0	0	-0.0102911	0	-489.544	0	0.000617463	-0.298907	0	180	177.947	178.96	173.303	1.5708	1.60398
96.9453	115.211	-6000	-4077.85	-0.119404	-0.0146121	0.0061265	-0	0	-0.584973	0	-574.682	0	0.0350984	-0.298814	0	180	177.945	179.06	173.355	1.5708	1.60397
90.9504	102.792	-6000	-3948.57	-0.120501	-0.00947354	0.0057612	-0	0	-1.07984	0	-494.865	0	0.0647902	-0.29355	0	180	177.944	179.154	173.402	1.5708	1.60339
84.9565	91.994	-6000	-3397.9	-0.121599	-0.00563003	0.00552436	-0	0	-1.36292	0	-283.084	0	0.0817753	-0.283831	0	180	177.943	179.242	173.428	1.5708	1.60231
78.9628	79.0736	-6000	-4939.77	-0.122696	-8.8678e-05	0.00538361	-0	0	-1.77265	0	-409.727	0	0.106359	-0.271565	0	180	177.942	179.324	173.454	1.5708	1.60095
72.9827	67.9333	-5919.95	-4934.98	-0.121961	0.00403954	0.00538139	-0	0	-2.19834	0	-425.69	0	0.1319	-0.255611	0	180	177.942	179.4	173.461	1.5708	1.59917
67.1891	56.4754	-5679.95	-4779.35	-0.117535	0.00857099	0.00548238	-0	0	-2.71981	0	-521.47	0	0.163189	-0.235826	0	180	177.942	179.47	173.473	1.5708	1.59697
61.6352	46.6748	-5439.95	-5957.3	-0.113066	0.0119684	0.00569666	0	0	-3.14018	0	-420.369	0	0.188411	-0.211348	0	180	177.942	179.534	173.469	1.5708	1.59425
56.3206	36.8049	-5199.95	-6048.28	-0.108553	0.0156125	0.00599587	0	0	-3.74253	0	-602.351	0	0.224552	-0.183086	0	180	177.942	179.593	173.482	1.5708	1.59111
51.2452	31.0745	-4959.95	-5229.46	-0.103996	0.0161366	0.00638618	0	0	-4.22356	0	-481.029	0	0.253413	-0.149403	0	180	177.942	179.647	173.484	1.5708	1.58737
46.4088	26.85	-4719.95	-3658.87	-0.099395	0.015647	0.0067896	-0	0	-4.67266	0	-449.103	0	0.28036	-0.111391	0	180	177.941	179.696	173.511	1.5708	1.58315
41.8111	24.608	-4479.95	-4475.29	-0.0947506	0.0137625	0.00718077	-0	0	-4.74503	0	-72.3677	0	0.284702	-0.0693372	0	180	177.941	179.74	173.532	1.5708	1.57848
37.4522	20.6955	-4239.95	-6443.32	-0.0900624	0.0134054	0.00752483	0	0	-4.73652	0	8.51393	0	0.284191	-0.0266319	-0	180	177.941	179.779	173.577	1.5708	1.57373
33.3324	20.6474	-3999.95	-4867.94	-0.0853306	0.010148	0.00785997	0	0	-4.66202	0	74.4953	0	0.279721	0.0159967	-0	180	177.941	179.815	173.62	1.5708	1.56899
29.4519	21.185	-3759.95	-4492.05	-0.0805549	0.00661351	0.00811367	0	0	-4.35233	0	309.69	0	0.26114	0.0579549	-0	180	177.941	179.846	173.684	1.5708	1.56433
25.811	22.2922	-3519.95	-5406.63	-0.0757353	0.00281502	0.00827901	0	0	-3.92558	0	426.754	0	0.235535	0.0971259	-0	180	177.942	179.874	173.751	1.5708	1.55998
22.4101	23.8828	-3279.94	-4882.3	-0.0708719	-0.00117809	0.00834938	0	0	-3.24021	0	685.361	0	0.194413	0.132456	-0	180	177.943	179.898	173.832	1.5708	1.55605
19.2495	26.9078	-3039.94	-4456.14	-0.0659644	-0.00612662	0.00831993	0	0	-2.73471	0	505.507	0	0.164082	0.161618	-0	180	177.945	179.919	173.914	1.5708	1.55281
16.3292	28.7974	-2799.94	-4978.07	-0.061013	-0.00997459	0.00816676	0	0	-2.10362	0	631.085	0	0.126217	0.18623	-0	180	177.947	179.936	174.008	1.5708	1.55008
13.6492	31.1478	-2559.94	-5327.63	-0.0560175	-0.0139989	0.0079174	0	0	-1.68751	0	416.112	0	0.101251	0.205163	-0	180	177.949	179.951	174.099	1.5708	1.54798
11.2094	34.5782	-2319.94	-4271.78	-0.0509781	-0.018695	0.00756743	0	0	-1.15433	0	533.177	0	0.06926	0.220351	-0	180	177.951	179.964	174.199	1.5708	1.54629
9.00986	38.8285	-2079.94	-3515.21	-0.0458947	-0.0238549	0.00710005	0	0	-0.673303	0	481.03	0	0.0403982	0.23074	-0	180	177.954	179.974	174.303	1.5708	1.54513
7.05044	42.935	-1839.94	-3740.27	-0.0407674	-0.0287077	0.00650368	0	0	-0.0134837	0	659.82	0	0.000809024	0.236799	-0	180	177.957	179.982	174.412	1.5708	1.54446
5.33109	47.3104	-1599.94	-2849.63	-0.0355961	-0.0335834	0.00578599	0	0	0.418592	0	432.075	0	-0.0251155	0.236921	-0	180	177.96	179.988	174.525	1.5708	1.54445
3.8517	52.1299	-1359.94	-2409.09	-0.0303809	-0.0386226	0.0049464	0	0	0.800649	0	382.057	0	-0.0480389	0.233153	-0	180	177.963	179.993	174.637	1.5708	1.54487
2.61223	55.62	-1119.94	-3079.47	-0.0251218	-0.0424062	0.00398084	0	0	1.04329	0	242.643	0	-0.0625975	0.225947	-0	180	177.966	179.996	174.755	1.5708	1.54567
1.61264	59.1599	-879.94	-3443.39	-0.0198188	-0.0460378	0.00292068	0	0	1.45089	0	407.598	0	-0.0870534	0.216558	-0	180	177.968	179.998	174.869	1.5708	1.54671
0.852953	62.2033	-639.939	-3201.57	-0.0144718	-0.0490803	0.00176974	0	0	1.77654	0	325.653	0	-0.106593	0.2035	-0	180	177.971	179.999	174.991	1.5708	1.54816
0.333159	65.8521	-399.939	-3124.96	-0.00908094	-0.0524151	0.000542728	0	0	2.12454	0	348.002	0	-0.127473	0.187511	-0	180	177.974	180	175.11	1.5708	1.54994
0.0532829	68.1728	-159.938	-3527.19	-0.00364617	-0.0544956	-0.00076765	0	0	2.3193	0	194.753	0	-0.139158	0.16839	-0	180	177.976	180	175.236	1.5708	1.55206
