-1592.93	1094.47	-0.00119193	14.3413	-3.19267	3.86196	0	0.3
-1592.93	1094.47	-0.00332038	2.37026	-2.12845	3.85625	0	0.3
-1592.93	1094.47	0.00306497	2.37026	6.38535	3.85625	0	0.3
-1592.93	1094.47	0.0179641	100.533	14.8991	3.85053	0	0.3
-1592.93	1094.48	0.116937	1565.78	98.9729	3.85434	0	0.3
-1592.94	1094.49	0.571361	2305.59	454.424	3.85625	0	0.3
-1592.95	1094.5	1.27694	-747.015	705.581	3.84862	0	0.3
-1592.96	1094.51	2.04425	-3409.37	767.306	3.85243	0	0.3
-1592.97	1094.53	2.39651	-1891.44	352.258	3.85434	0	0.3
-1592.99	1094.55	2.44333	849.918	46.8259	3.85243	0	0.3
-1593.01	1094.57	2.58062	1350.31	137.285	0	0	0.3
-1593.03	1094.6	2.94458	74.1963	363.965	3.84862	0	0.3
-1593.07	1094.64	3.34473	-785.322	400.148	3.84862	0	0.3
-1593.1	1094.67	3.60972	-737.438	264.992	3.85243	0	0.3
-1593.14	1094.72	3.78745	-284.934	177.726	3.85625	0	0.3
-1593.18	1094.76	4.01519	-102.975	227.744	3.85625	0	0.3
-1593.23	1094.82	4.34617	-474.076	330.974	3.85243	0	0.3
-1593.28	1094.88	4.68672	-347.183	340.552	3.85243	0	0.3
-1593.34	1094.94	5.00599	514.729	319.268	3.85434	0	0.3
-1593.4	1095.01	5.29759	763.726	291.597	0	0	0.3
-1593.47	1095.09	5.56258	38.2833	264.992	3.85243	0	0.3
-1593.55	1095.17	5.84353	-732.65	280.955	3.84862	0	0.3
-1593.63	1095.26	6.1479	-950.522	304.369	3.85243	0	0.3
-1593.72	1095.35	6.44908	-562.661	301.176	3.85243	0	0.3
-1593.8	1095.45	6.68321	112.504	234.129	3.85434	0	0.3
-1593.9	1095.55	6.87264	301.645	189.431	3.84862	0	0.3
-1594	1095.66	7.13444	-4.81234	261.8	3.85434	0	0.3
-1594.11	1095.78	7.47818	11.9471	343.745	3.84862	0	0.3
-1594.22	1095.9	7.68677	-21.5718	208.588	3.85434	0	0.3
-1594.34	1096.02	7.76339	-351.972	76.6234	3.85434	0	0.3
-1594.46	1096.16	7.94964	-409.432	186.24	3.85434	0	0.3
-1594.59	1096.29	8.32956	-349.577	379.928	3.86196	0	0.3
-1594.73	1096.44	8.69566	-383.096	366.094	3.85625	0	0.3
-1594.87	1096.58	8.89999	-586.603	204.33	3.85625	0	0.3
-1595.01	1096.73	8.93404	-921.792	34.0557	3.85434	0	0.3
-1595.16	1096.89	9.03727	-454.922	103.23	3.85243	0	0.3
-1595.31	1097.06	9.42146	198.695	384.185	3.84671	0	0.3
-1595.47	1097.22	9.83438	38.2833	412.921	0	0	0.3
-1595.64	1097.39	10.0515	-545.902	217.102	3.85243	0	0.3
-1595.81	1097.57	10.1462	-919.397	94.7161	3.85434	0	0.3
-1595.98	1097.75	10.292	134.051	145.798	3.85625	0	0.3
-1596.16	1097.93	10.5176	881.042	225.615	3.85243	0	0.3
-1596.34	1098.12	10.7283	-837.995	210.717	3.85243	0	0.3
-1596.53	1098.31	10.9092	-2183.54	180.918	3.85243	0	0.3
-1596.73	1098.5	11.1083	-1776.52	199.011	3.85243	0	0.3
-1596.93	1098.71	11.3477	-1010.38	239.45	3.85243	0	0.3
-1597.13	1098.91	11.5478	193.906	200.075	0	0	0.3
-1597.33	1099.11	11.6574	1750.14	109.613	3.85243	0	0.3
-1597.54	1099.33	11.7617	2133.21	104.296	0.182995	0	0.3
-1597.76	1099.53	11.9564	311.222	194.753	3.85243	0	0.3
-1597.98	1099.75	12.2087	-1683.15	252.221	3.85625	0	0.3
-1598.21	1099.98	12.3385	-1391.06	129.835	3.84862	0	0.3
-1598.44	1100.2	12.5066	-253.809	168.148	3.85434	0	0.3
-1598.67	1100.43	12.9047	715.842	398.02	3.85243	0	0.3
-1598.91	1100.67	13.3442	287.28	439.525	3.84862	0	0.3
-1599.15	1100.9	13.5198	69.4079	175.597	0	0	0.3
-1599.4	1101.13	13.5421	184.33	22.3494	3.85243	0	0.3
-1599.65	1101.38	13.5453	-1889.05	3.1929	3.85434	0	0.3
-1599.9	1101.63	13.7188	-2331.98	173.469	3.85243	0	0.3
-1600.16	1101.88	14.0125	-328.03	293.726	3.85053	0	0.3
-1600.42	1102.14	14.1934	811.61	180.919	3.84671	0	0.3
-1600.69	1102.39	14.2711	313.616	77.6873	3.85434	0	0.3
-1600.96	1102.65	14.4861	-342.395	214.974	3.85625	0	0.3
-1601.23	1102.92	14.7436	-363.943	257.543	3.85625	0	0.3
-1601.51	1103.19	14.898	-110.157	154.313	3.85625	0	0.3
-1601.79	1103.44	15.0363	117.292	138.349	3.85625	0	0.3
-1602.07	1103.73	15.147	452.48	110.679	3.85243	0	0.3
-1602.36	1104.01	15.3002	316.011	153.25	3.85243	0	0.3
-1602.65	1104.29	15.4397	16.7355	139.412	3.84862	0	0.3
-1602.94	1104.57	15.6099	438.115	170.278	3.85434	0	0.3
-1603.23	1104.86	15.8398	581.767	229.872	3.85243	0	0.3
-1603.53	1105.15	16.0282	-344.789	188.368	3.84862	0	0.3
-1603.83	1105.45	16.1303	-859.542	102.165	3.84862	0	0.3
-1604.13	1105.74	16.3677	-344.789	237.322	0	0	0.3
-1604.43	1106.04	16.5954	814.005	227.745	3.85053	0	0.3
-1604.73	1106.35	16.688	1182.71	92.5865	3.85243	0	0.3
-1605.04	1106.66	16.6412	-184.377	-46.8254	3.84862	0	0.3
-1605.35	1106.96	16.6976	-1604.14	56.4041	3.85243	0	0.3
-1605.67	1107.27	16.9955	-1379.08	297.983	3.85243	0	0.3
-1605.98	1107.58	17.2893	-581.815	293.726	3.86196	0	0.3
-1606.29	1107.9	17.3414	983.993	52.1469	3.86006	0	0.3
-1606.61	1108.22	17.2967	1309.6	-44.6968	3.85243	0	0.3
-1606.94	1108.53	17.3521	-1156.42	55.3398	3.85434	0	0.3
-1607.26	1108.85	17.6639	-2861.09	311.817	3.85243	0	0.3
-1607.58	1109.18	17.8118	-272.963	147.928	3.85625	0	0.3
-1607.9	1109.51	17.8235	2715	11.7054	3.85243	0	0.3
-1608.23	1109.83	17.865	1522.69	41.5058	3.85434	0	0.3
-1608.56	1110.16	17.881	-263.386	15.9626	3.84671	0	0.3
-1608.89	1110.49	18.1194	-1118.12	238.386	3.85243	0	0.3
-1609.22	1110.83	18.5174	615.286	398.02	3.85243	0	0.3
-1609.56	1111.17	18.7728	2489.95	255.413	3.85434	0	0.3
-1609.9	1111.5	18.7622	459.663	-10.6411	0	0	0.3
-1610.23	1111.84	18.6674	-1584.99	-94.7151	3.85053	0	0.3
-1610.57	1112.18	18.7132	-1079.81	45.763	3.85243	0	0.3
-1610.91	1112.52	18.8739	-787.716	160.696	3.85243	0	0.3
-1611.26	1112.86	18.8579	-598.574	-15.9645	3.85625	0	0.3
-1611.6	1113.21	18.8462	421.356	-11.7035	3.85625	0	0.3
-1611.95	1113.55	19.0772	569.796	230.936	3.85625	0	0.3
-1612.3	1113.88	19.3815	466.845	304.367	3.85625	0	0.3
-1612.65	1114.25	19.6817	119.686	300.114	3.85434	0	0.3
-1613	1114.59	19.6646	-110.157	-17.0288	3.85625	0	0.3
-1613.36	1114.94	19.6412	318.405	-23.4146	3.84862	0	0.3
-1613.71	1115.3	19.7498	423.75	108.553	3.85625	0	0.3
-1614.07	1115.65	20.0775	-205.925	327.78	3.85243	0	0.3
-1614.43	1116.01	20.2957	150.811	218.166	3.85625	0	0.3
-1614.78	1116.37	20.3383	1276.09	42.5701	3.85243	0	0.3
-1615.15	1116.72	20.2861	672.747	-52.1469	3.85434	0	0.3
-1615.52	1117.08	20.3319	-723.073	45.7611	3.84862	0	0.3
-1615.88	1117.45	20.6437	-1230.64	311.819	3.85434	0	0.3
-1616.25	1117.81	20.9917	-150.859	348	0	0	0.3
-1616.63	1118.17	21.2067	-682.371	214.975	3.85625	0	0.3
-1617.01	1118.54	21.2376	-2880.25	30.8628	3.85625	0	0.3
-1617.39	1118.9	21.2759	-1180.37	38.311	3.85625	0	0.3
-1617.76	1119.28	21.2088	2276.86	-67.0452	3.85625	0	0.3
-1618.15	1119.65	21.2046	2724.58	-4.2572	3.85625	0	0.3
-1618.54	1120.03	21.4025	574.584	197.945	3.84862	0	0.3
-1618.92	1120.41	21.8069	-596.18	404.407	3.85243	0	0.3
-1619.32	1120.8	22.2496	177.147	442.717	3.85243	0	0.3
-1619.71	1121.18	22.454	-177.195	204.33	0	0	0.3
-1620.11	1121.56	22.3922	-1465.28	-61.7256	3.85243	0	0.3
-1620.51	1121.95	22.3592	-414.221	-32.9914	3.85243	0	0.3
-1620.91	1122.34	22.5295	201.089	170.277	3.84862	0	0.3
-1621.31	1122.73	22.6604	-1036.71	130.899	3.85053	0	0.3
-1621.72	1123.13	22.8137	-1120.51	153.25	3.85434	0	0.3
-1622.13	1123.53	23.0308	229.819	217.102	3.85625	0	0.3
-1622.54	1123.93	23.2926	1422.13	261.799	3.85434	0	0.3
-1622.95	1124.34	23.4416	1027.09	148.991	3.85434	0	0.3
-1623.37	1124.73	23.5192	445.298	77.6882	3.85625	0	0.3
-1623.79	1125.15	23.7406	-763.774	221.361	3.85243	0	0.3
-1624.2	1125.57	23.913	-605.757	172.403	3.85625	0	0.3
-1624.63	1125.99	24.0056	699.083	92.5884	3.85434	0	0.3
-1625.05	1126.41	24.1014	-193.954	95.7794	3.85243	0	0.3
-1625.48	1126.84	24.2791	-1192.34	177.723	3.85243	0	0.3
-1625.91	1127.27	24.4781	157.993	199.013	3.85243	0	0.3
-1626.34	1127.7	24.691	1424.53	212.845	3.85243	0	0.3
-1626.78	1128.15	24.9932	-1563.44	302.24	3.85243	0	0.3
-1627.21	1128.58	25.0326	-1084.6	39.3753	0	0	0.3
-1627.65	1129.02	24.9751	2360.66	-57.4684	3.85243	0	0.3
-1628.09	1129.47	24.9996	720.631	24.4789	3.85434	0	0.3
-1628.53	1129.92	25.0464	-170.012	46.8273	3.85625	0	0.3
-1628.97	1130.39	25.1965	660.776	150.053	3.85243	0	0.3
-1629.43	1130.83	25.6019	-198.743	405.47	3.85625	0	0.3
-1629.87	1131.31	25.8637	-1201.91	261.799	3.85434	0	0.3
-1630.33	1131.78	25.8925	-943.339	28.7361	3.85434	0	0.3
-1630.79	1132.26	25.9829	-59.879	90.4598	3.85243	0	0.3
-1631.25	1132.72	26.1756	-184.377	192.623	0	0	0.3
-1631.72	1133.2	26.348	-198.743	172.405	3.84862	0	0.3
-1632.19	1133.68	26.4054	2319.96	57.4665	3.85053	0	0.3
-1632.66	1134.16	26.464	1285.66	58.5346	3.85434	0	0.3
-1633.14	1134.65	26.5438	-1599.35	79.8149	3.85243	0	0.3
-1633.61	1135.13	26.6757	-378.308	131.964	3.84862	0	0.3
-1634.09	1135.61	26.8098	950.474	134.096	3.85434	0	0.3
-1634.58	1136.1	26.8694	-232.262	59.5951	3.85243	0	0.3
-1635.06	1136.6	26.9429	-1161.21	73.431	3.84862	0	0.3
-1635.55	1137.08	26.9684	174.753	25.5394	3.85625	0	0.3
-1636.05	1137.56	26.8769	1491.56	-91.5222	3.85625	0	0.3
-1636.56	1138.05	27.0312	-747.015	154.314	3.85434	0	0.3
-1637.06	1138.55	27.227	-1113.33	195.816	3.85053	0	0.3
-1637.57	1139.01	27.2206	2193.06	-6.3858	3.85434	0	0.3
-1638.07	1139.53	27.0887	1999.13	-131.964	3.85243	0	0.3
-1638.57	1140.02	27.061	600.921	-27.6718	3.85434	0	0.3
-1639.08	1140.52	27.4058	493.182	344.81	3.85243	0	0.3
-1639.6	1141.02	27.7687	-318.453	362.902	3.85053	0	0.3
-1640.11	1141.51	27.7698	-1910.6	1.06621	3.85053	0	0.3
-1640.63	1142	27.7229	-1206.7	-46.8292	3.85243	0	0.3
-1641.15	1142.5	27.8177	-914.609	94.7189	3.84671	0	0.3
-1641.67	1143	27.9113	-1441.33	93.6527	3.85243	0	0.3
-1642.19	1143.5	27.9241	241.79	12.7678	3.84862	0	0.3
-1642.71	1144	28.0252	1098.91	101.101	3.84862	0	0.3
-1643.24	1144.5	28.1295	713.448	104.296	3.85243	0	0.3
-1643.76	1145	28.2008	248.973	71.3024	3.85625	0	0.3
-1644.29	1145.51	28.2806	-112.551	79.8168	3.85625	0	0.3
-1644.81	1146.01	28.3945	-289.722	113.873	3.85243	0	0.3
-1645.34	1146.48	28.4487	-438.163	54.2755	3.85434	0	0.3
-1645.87	1147.01	28.4168	-1216.28	-31.9271	3.85625	0	0.3
-1646.4	1147.51	28.5807	-2590.55	163.891	3.85053	0	0.3
-1646.93	1148.01	28.7797	-591.392	199.009	3.85434	0	0.3
-1647.45	1148.52	28.6531	2217.01	-126.64	3.85434	0	0.3
-1647.98	1149.02	28.4785	2789.22	-174.534	3.85243	0	0.3
-1648.51	1149.53	28.4243	2559.38	-54.2755	3.85053	0	0.3
-1649.03	1150.05	28.5403	1561	115.999	3.85434	0	0.3
-1649.56	1150.56	28.9127	-124.522	372.48	0	0	0.3
-1650.09	1151.06	29.1117	-588.998	199.007	3.84862	0	0.3
-1650.62	1151.57	29.0905	-359.154	-21.2822	3.84671	0	0.3
-1651.14	1152.09	29.0947	-984.041	4.25529	3.85243	0	0.3
-1651.67	1152.6	29.0947	-227.473	0	3.85625	0	0.3
-1652.2	1153.11	29.0266	794.851	-68.1095	3.85625	0	0.3
-1652.72	1153.62	28.9532	859.495	-73.4291	3.85243	0	0.3
-1653.25	1154.13	29.0532	-826.024	100.035	3.85625	0	0.3
-1653.77	1154.62	29.0766	-557.873	23.4165	3.85625	0	0.3
-1654.29	1155.15	29.1543	1802.81	77.6844	3.85243	0	0.3
-1654.82	1155.65	29.3661	1580.15	211.782	3.85243	0	0.3
-1655.35	1156.16	29.5289	320.799	162.825	3.85243	0	0.3
-1655.88	1156.67	29.4949	825.976	-34.0519	3.85053	0	0.3
-1656.42	1157.18	29.7801	-1386.27	285.21	3.85053	0	0.3
-1656.95	1157.69	29.911	-2164.38	130.901	3.85243	0	0.3
-1657.49	1158.2	29.7439	256.156	-167.082	3.85434	0	0.3
-1658.03	1158.71	29.6343	1120.46	-109.617	3.85243	0	0.3
-1658.56	1159.23	29.6471	1175.53	12.7716	3.85434	0	0.3
-1659.1	1159.73	29.6992	809.216	52.145	0	0	0.3
-1659.63	1160.23	29.9365	1742.95	237.322	3.85243	0	0.3
-1660.16	1160.75	29.9418	983.993	5.3215	3.85434	0	0.3
-1660.7	1161.26	29.9227	-1077.41	-19.1536	3.85625	0	0.3
-1661.25	1161.78	30.226	-2051.85	303.305	3.85243	0	0.3
-1661.79	1162.3	30.4995	-1740.61	273.502	3.85434	0	0.3
-1662.34	1162.79	30.5389	-727.861	39.3772	3.85625	0	0.3
-1662.88	1163.33	30.5474	-545.902	8.5144	3.85815	0	0.3
-1663.42	1163.86	30.574	90.9557	26.6056	3.85625	0	0.3
-1663.96	1164.38	30.5516	830.764	-22.3484	0	0	0.3
-1664.51	1164.9	30.6687	1345.52	117.065	3.85053	0	0.3
-1665.06	1165.43	30.9507	1230.6	282.019	3.85243	0	0.3
-1665.61	1165.97	31.1742	-287.328	223.488	3.84862	0	0.3
-1666.16	1166.51	31.4456	244.185	271.378	3.84671	0	0.3
-1666.71	1167.05	31.4733	1067.79	27.6699	3.85243	0	0.3
-1667.25	1167.59	31.2923	1632.82	-180.92	3.85434	0	0.3
-1667.8	1168.14	31.1912	2015.89	-101.101	3.85243	0	0.3
-1668.35	1168.69	31.2296	1362.28	38.3129	3.85625	0	0.3
-1668.9	1169.24	31.2902	1264.11	60.6613	3.85625	0	0.3
-1669.46	1169.8	31.3583	943.292	68.1095	3.85243	0	0.3
-1670.02	1170.33	31.5882	-234.656	229.872	3.85243	0	0.3
-1670.57	1170.92	31.8713	-1280.92	283.085	3.85625	0	0.3
-1671.12	1171.48	32.082	-191.56	210.72	3.85434	0	0.3
-1671.68	1172.05	32.1044	1331.15	22.3465	3.85434	0	0.3
-1672.24	1172.63	32.0033	761.332	-101.101	3.85434	0	0.3
-1672.8	1173.2	31.9554	277.703	-47.8916	3.85434	0	0.3
-1673.37	1173.79	31.9937	399.808	38.311	3.84862	0	0.3
-1673.93	1174.36	32.2012	-799.687	207.525	0	0	0.3
-1674.5	1174.93	32.3523	-1151.64	151.123	3.85625	0	0.3
-1675.08	1175.52	32.3108	708.66	-41.5077	3.85434	0	0.3
-1675.66	1176.1	32.4045	-545.902	93.6508	3.84862	0	0.3
-1676.24	1176.68	32.5833	-1680.75	178.791	3.85243	0	0.3
-1676.83	1177.26	32.5056	313.616	-77.6901	3.85243	0	0.3
-1677.41	1177.84	32.2863	1486.78	-219.227	3.85434	0	0.3
-1678	1178.41	32.2214	1400.58	-64.9185	3.85625	0	0.3
-1678.59	1179.02	32.2885	1611.27	67.0471	3.86006	0	0.3
-1679.18	1179.6	32.512	2477.97	223.484	3.85434	0	0.3
-1679.79	1180.15	32.6269	62.2253	114.937	3.85434	0	0.3
-1680.37	1180.76	32.8206	-2765.33	193.691	3.85434	0	0.3
-1680.97	1181.34	32.9536	-1371.9	133.026	3.85625	0	0.3
-1681.57	1181.93	32.8866	904.984	-67.0471	3.85243	0	0.3
-1682.16	1182.52	32.762	773.303	-124.512	3.84671	0	0.3
-1682.76	1183.1	32.6769	426.144	-85.1402	3.85625	0	0.3
-1683.36	1183.69	32.6609	237.002	-15.9607	3.85243	0	0.3
-1683.96	1184.29	32.7833	-725.467	122.387	3.85243	0	0.3
-1684.56	1184.87	32.9972	-79.0326	213.905	0	0	0.3
-1685.17	1185.45	33.0845	718.237	87.2688	3.85434	0	0.3
-1685.77	1186.05	33.2707	490.787	186.237	3.85243	0	0.3
-1686.36	1186.64	33.3325	921.744	61.7256	3.84671	0	0.3
-1686.96	1187.23	33.1143	1410.16	-218.166	3.85434	0	0.3
-1687.55	1187.82	32.9376	1043.85	-176.659	3.85434	0	0.3
-1688.14	1188.41	32.911	569.796	-26.6075	3.85625	0	0.3
-1688.73	1189	32.8866	687.112	-24.4789	3.86196	0	0.3
-1689.32	1189.61	32.9281	-249.021	41.5077	3.85243	0	0.3
-1689.92	1190.17	33.1324	-1620.9	204.33	3.85625	0	0.3
-1690.5	1190.76	33.3208	-1977.63	188.366	3.85625	0	0.3
-1691.09	1191.36	33.3123	-761.38	-8.51059	3.85625	0	0.3
-1691.68	1191.94	33.1867	1161.16	-125.58	3.85243	0	0.3
-1692.26	1192.53	33.1537	1367.07	-32.9895	3.85434	0	0.3
-1692.85	1193.12	33.1973	1309.6	43.6325	3.85243	0	0.3
-1693.44	1193.7	33.2644	1474.8	67.0471	3.85243	0	0.3
-1694.03	1194.28	33.4059	670.353	141.541	3.85243	0	0.3
-1694.62	1194.88	33.4123	967.234	6.38199	3.85243	0	0.3
-1695.22	1195.45	33.4527	-311.27	40.4434	0	0	0.3
-1695.81	1196.03	33.5698	131.657	117.065	3.85625	0	0.3
-1696.4	1196.62	33.5623	1666.34	-7.4501	3.85625	0	0.3
-1696.99	1197.19	33.4485	1101.31	-113.869	3.85625	0	0.3
-1697.58	1197.78	33.4102	1201.87	-38.3148	3.86006	0	0.3
-1698.17	1198.36	33.4261	488.393	15.9645	3.86196	0	0.3
-1698.76	1198.93	33.4655	-76.6384	39.3753	3.86196	0	0.3
-1699.36	1199.49	33.6454	-1740.61	179.852	3.85625	0	0.3
-1699.94	1200.11	33.8944	-2114.1	249.031	3.85434	0	0.3
-1700.53	1200.68	33.9444	-373.519	50.0183	3.85625	0	0.3
-1701.12	1201.25	33.8901	679.929	-54.2755	3.85434	0	0.3
-1701.72	1201.84	33.8816	1209.05	-8.5144	3.84862	0	0.3
-1702.31	1202.42	33.9604	737.39	78.7506	3.85053	0	0.3
-1702.9	1203.01	34.0359	134.051	75.5615	3.85243	0	0.3
-1703.49	1203.61	34.2328	725.419	196.88	3.85434	0	0.3
-1704.09	1204.19	34.5095	-387.885	276.699	3.86006	0	0.3
-1704.69	1204.79	31.8372	-2968.83	-2672.27	3.85243	0	0.3
-1705.29	1205.4	32.8312	308.828	993.99	3.85053	0	0.3
-1705.88	1205.98	34.4797	3663.1	1648.48	0	0	0.3
-1706.48	1206.57	34.6425	1300.03	162.827	3.85434	0	0.3
-1707.08	1207.17	34.633	-260.992	-9.5787	3.86006	0	0.3
-1707.68	1207.79	34.3956	541.066	-237.32	3.86196	0	0.3
-1708.28	1208.4	34.5744	1264.11	178.791	3.85625	0	0.3
-1708.88	1208.99	34.6085	1422.13	34.0538	3.85434	0	0.3
-1709.49	1209.62	34.3999	883.437	-208.588	3.85625	0	0.3
-1710.09	1210.24	34.5616	385.443	161.758	3.85434	0	0.3
-1710.7	1210.88	34.6425	790.063	80.883	3.85625	0	0.3
-1711.32	1211.49	34.6425	1314.39	0	0	0	0.3
-1711.93	1212.11	34.6425	1817.18	0	3.85243	0	0.3
-1712.54	1212.75	34.6425	1292.84	0	3.85243	0	0.3
-1713.15	1213.38	34.6425	296.857	0	3.85243	0	0.3
-1713.77	1214.02	34.6425	1197.08	0	3.85243	0	0.3
-1714.39	1214.66	34.6425	-1584.99	0	3.84862	0	0.3
-1715.01	1215.29	34.6425	-2944.89	0	3.85243	0	0.3
-1715.63	1215.93	34.6425	124.475	0	3.85434	0	0.3
-1716.26	1216.58	34.6425	881.042	0	3.85625	0	0.3
-1716.88	1217.21	34.6425	395.019	0	3.85434	0	0.3
-1717.51	1217.85	34.6425	265.732	0	0	0	0.3
-1718.15	1218.46	34.6425	1333.55	0	3.85625	0	0.3
-1718.77	1219.12	34.6425	1309.6	0	3.85625	0	0.3
-1719.41	1219.76	34.6425	512.335	0	3.85625	0	0.3
-1720.05	1220.4	34.6425	-301.693	0	3.85053	0	0.3
-1720.69	1221.04	34.6425	-1455.7	0	3.84862	0	0.3
-1721.33	1221.68	34.6425	-751.803	0	3.84671	0	0.3
-1721.97	1222.33	34.6425	1709.44	0	3.85434	0	0.3
-1722.62	1222.96	34.6425	2078.14	0	0	0	0.3
-1723.26	1223.59	34.6425	1201.87	0	3.85243	0	0.3
-1723.91	1224.24	34.6425	208.272	0	3.85625	0	0.3
-1724.55	1224.88	34.6425	335.164	0	3.85243	0	0.3
-1725.19	1225.52	34.6425	1484.38	0	3.85243	0	0.3
-1725.83	1226.16	34.6425	1620.85	0	3.85243	0	0.3
-1726.47	1226.8	34.6425	1151.59	0	3.85434	0	0.3
-1727.1	1227.44	34.6425	718.237	0	3.85625	0	0.3
-1727.73	1228.1	34.6425	893.013	0	3.85243	0	0.3
-1728.36	1228.71	34.6425	620.074	0	3.85625	0	0.3
-1728.99	1229.36	34.6425	-1458.09	0	3.85243	0	0.3
-1729.62	1230.01	34.6425	-1345.57	0	3.86006	0	0.3
-1730.25	1230.65	34.6425	818.793	0	3.84862	0	0.3
-1730.87	1231.29	34.6425	148.417	0	3.85243	0	0.3
-1731.49	1231.92	34.6425	9.55287	0	3.85243	0	0.3
-1732.11	1232.56	34.6425	1424.53	0	3.84862	0	0.3
-1732.74	1233.19	34.6425	1979.98	0	3.85243	0	0.3
-1733.36	1233.83	34.6425	1589.73	0	3.85053	0	0.3
-1733.98	1234.45	34.6425	-2308.03	0	3.85434	0	0.3
-1734.61	1235.07	34.6425	-1599.35	0	3.85243	0	0.3
-1735.23	1235.71	34.6425	2169.12	0	3.85625	0	0.3
-1735.85	1236.34	34.6425	1254.54	0	3.85625	0	0.3
-1736.47	1236.96	34.6425	368.683	0	3.85625	0	0.3
-1737.09	1237.59	34.6425	617.68	0	3.85434	0	0.3
-1737.72	1238.19	34.6425	275.309	0	3.85243	0	0.3
-1738.34	1238.82	34.6425	-979.252	0	3.85434	0	0.3
-1738.97	1239.46	34.6425	-1235.43	0	3.85625	0	0.3
-1739.59	1240.07	34.6425	-464.499	0	0	0	0.3
-1740.22	1240.68	34.6425	778.092	0	3.85625	0	0.3
-1740.85	1241.31	34.6425	617.68	0	3.85625	0	0.3
-1741.48	1241.94	34.6425	579.373	0	3.85625	0	0.3
-1742.1	1242.57	34.6425	1632.82	0	3.85243	0	0.3
-1742.74	1243.19	34.6425	16.7355	0	3.85625	0	0.3
-1743.36	1243.82	34.6425	-1450.91	0	3.85625	0	0.3
-1743.99	1244.45	34.6425	1730.98	0	3.84671	0	0.3
-1744.61	1245.1	34.6425	3754.08	0	3.84862	0	0.3
-1745.24	1245.72	34.6425	1434.1	0	3.85243	0	0.3
-1745.86	1246.35	34.6425	71.8021	0	3.85625	0	0.3
-1746.48	1247.01	34.6425	502.758	0	3.85625	0	0.3
-1747.11	1247.66	34.6425	1007.93	0	3.85625	0	0.3
-1747.73	1248.28	34.6425	1074.97	0	3.85625	0	0.3
-1748.35	1248.95	34.6425	296.857	0	3.85243	0	0.3
-1748.98	1249.61	34.6425	131.657	0	3.85243	0	0.3
-1749.62	1250.26	34.6425	-9.60075	0	3.85243	0	0.3
-1750.25	1250.93	34.6425	-349.577	0	3.85434	0	0.3
-1750.89	1251.59	34.6425	-59.879	0	3.85243	0	0.3
-1751.53	1252.24	34.6425	208.272	0	3.85625	0	0.3
-1752.17	1252.91	34.6425	169.964	0	3.85243	0	0.3
-1752.81	1253.58	34.6425	-1005.59	0	3.85243	0	0.3
-1753.45	1254.25	34.6425	-663.218	0	3.85625	0	0.3
-1754.1	1254.92	34.6425	1192.29	0	3.85243	0	0.3
-1754.74	1255.58	34.6425	1515.51	0	3.85625	0	0.3
-1755.39	1256.26	34.6425	1055.82	0	3.86006	0	0.3
-1756.04	1256.94	34.6425	1235.38	0	3.85625	0	0.3
-1756.7	1257.61	34.6425	1592.12	0	3.86387	0	0.3
-1757.35	1258.25	34.6425	457.269	0	3.86006	0	0.3
-1758.01	1258.94	34.6425	-737.438	0	3.86196	0	0.3
-1758.67	1259.61	34.6425	385.443	0	3.85434	0	0.3
-1759.34	1260.28	34.6425	718.237	0	3.85434	0	0.3
-1760	1260.95	34.6425	418.961	0	3.85243	0	0.3
-1760.67	1261.62	34.6425	1165.95	0	3.85243	0	0.3
-1761.33	1262.3	34.6425	782.88	0	3.85243	0	0.3
-1762	1262.98	34.6425	-1161.21	0	3.85434	0	0.3
-1762.67	1263.64	34.6425	-1185.15	0	0	0	0.3
-1763.33	1264.31	34.6425	1434.1	0	3.85625	0	0.3
-1764	1264.99	34.6425	2446.85	0	3.85434	0	0.3
-1764.66	1265.66	34.6425	1635.22	0	3.85243	0	0.3
-1765.32	1266.34	34.6425	725.419	0	3.85625	0	0.3
-1765.97	1267.01	34.6425	512.335	0	3.86196	0	0.3
-1766.63	1267.69	34.6425	622.469	0	3.85625	0	0.3
-1767.28	1268.36	34.6425	380.654	0	3.85625	0	0.3
-1767.94	1269.01	34.6425	-840.389	0	3.85625	0	0.3
-1768.59	1269.71	34.6425	-926.58	0	3.85243	0	0.3
-1769.25	1270.36	34.6425	-26.3602	0	3.85434	0	0.3
-1769.9	1271.04	34.6425	-244.233	0	3.85434	0	0.3
-1770.55	1271.71	34.6425	-507.595	0	3.85434	0	0.3
-1771.2	1272.38	34.6425	-110.157	0	3.85434	0	0.3
-1771.85	1273.04	34.6425	-1170.79	0	3.85434	0	0.3
-1772.5	1273.69	34.6425	-969.676	0	3.85434	0	0.3
-1773.15	1274.36	34.6425	1817.18	0	3.85625	0	0.3
-1773.8	1275.03	34.6425	2398.97	0	3.85434	0	0.3
-1774.45	1275.67	34.6425	1668.73	0	0	0	0.3
-1775.09	1276.32	34.6425	1347.91	0	3.85243	0	0.3
-1775.74	1276.97	34.6425	1091.73	0	3.85434	0	0.3
-1776.39	1277.62	34.6425	596.132	0	3.86006	0	0.3
-1777.04	1278.27	34.6425	14.3413	0	3.85625	0	0.3
-1777.69	1278.92	34.6425	-636.882	0	3.85625	0	0.3
-1778.34	1279.57	34.6425	-349.577	0	3.85625	0	0.3
-1779	1280.2	34.6425	830.764	0	3.85625	0	0.3
-1779.63	1280.89	34.6425	955.263	0	3.85434	0	0.3
-1780.28	1281.53	34.6425	900.196	0	0	0	0.3
-1780.92	1282.17	34.6425	1106.1	0	3.85243	0	0.3
-1781.57	1282.83	34.6425	1108.49	0	3.85434	0	0.3
-1782.22	1283.48	34.6425	-1666.39	0	3.85243	0	0.3
-1782.86	1284.15	34.6425	-1156.42	0	3.85053	0	0.3
-1783.51	1284.81	34.6425	2245.74	0	3.85434	0	0.3
-1784.15	1285.47	34.6425	1740.56	0	3.85243	0	0.3
-1784.8	1286.13	34.6425	701.477	0	3.85434	0	0.3
-1785.44	1286.82	34.6425	581.767	0	3.85243	0	0.3
-1786.08	1287.48	34.6425	1096.52	0	0	0	0.3
-1786.73	1288.14	34.6425	983.993	0	3.85434	0	0.3
-1787.37	1288.83	34.6425	3780.42	0	3.85434	0	0.3
-1788.02	1289.5	34.6425	3028.64	0	3.85625	0	0.3
-1788.66	1290.2	34.6425	-1927.36	0	3.86006	0	0.3
-1789.32	1290.85	34.6425	45.4659	0	3.85625	0	0.3
-1789.95	1291.57	34.6425	2334.32	0	3.85815	0	0.3
-1790.59	1292.26	34.6425	1300.03	0	3.84862	0	0.3
-1791.25	1292.96	34.6425	1589.73	0	3.85243	0	0.3
-1791.9	1293.64	34.6425	-3440.49	0	3.85243	0	0.3
-1792.55	1294.32	34.6425	-4896.17	0	3.85625	0	0.3
-1793.2	1295.02	34.6425	38.2833	0	3.85434	0	0.3
-1793.86	1295.71	34.6425	972.022	0	3.85434	0	0.3
-1794.52	1296.4	34.6425	938.503	0	3.85434	0	0.3
-1795.18	1297.09	34.6425	931.321	0	3.85625	0	0.3
-1795.84	1297.77	34.6425	1304.82	0	3.85625	0	0.3
-1796.51	1298.46	34.6425	469.24	0	3.85434	0	0.3
-1797.18	1299.15	34.6425	-57.4848	0	3.85625	0	0.3
-1797.85	1299.83	34.6425	1252.14	0	3.85625	0	0.3
-1798.53	1300.52	34.6425	1692.68	0	3.85625	0	0.3
-1799.21	1301.17	34.6425	1742.95	0	3.85625	0	0.3
-1799.88	1301.88	34.6425	1711.83	0	3.85625	0	0.3
-1800.56	1302.57	34.6425	-337.606	0	3.85243	0	0.3
-1801.25	1303.25	34.6425	-1268.95	0	3.85434	0	0.3
-1801.93	1303.93	34.6425	802.034	0	3.85434	0	0.3
-1802.61	1304.61	34.6425	2770.07	0	3.85625	0	0.3
-1803.29	1305.31	34.6425	2509.1	0	3.85053	0	0.3
-1803.96	1305.98	34.6425	864.283	0	3.85243	0	0.3
-1804.63	1306.66	34.6425	500.364	0	3.85625	0	0.3
-1805.3	1307.35	34.6425	847.523	0	3.85434	0	0.3
-1805.97	1308.04	34.6425	157.993	0	3.85434	0	0.3
-1806.64	1308.72	34.6425	-715.89	0	3.85434	0	0.3
-1807.3	1309.41	34.6425	-488.441	0	3.86196	0	0.3
-1807.97	1310.09	34.6425	-191.56	0	3.85625	0	0.3
-1808.63	1310.77	34.6425	-320.847	0	3.86387	0	0.3
-1809.29	1311.43	34.6425	560.219	0	3.85625	0	0.3
-1809.95	1312.12	34.6425	1053.42	0	3.85625	0	0.3
-1810.62	1312.79	34.6425	675.141	0	3.85625	0	0.3
-1811.29	1313.46	34.6425	-1869.9	0	3.85434	0	0.3
-1811.95	1314.13	34.6425	-1024.74	0	3.85625	0	0.3
-1812.62	1314.8	34.6425	1843.51	0	3.85625	0	0.3
-1813.28	1315.47	34.6425	1297.63	0	3.85625	0	0.3
-1813.94	1316.13	34.6425	1647.19	0	3.85243	0	0.3
-1814.6	1316.79	34.6425	3311.16	0	3.85434	0	0.3
-1815.25	1317.46	34.6425	3069.34	0	3.85243	0	0.3
-1815.91	1318.11	34.6425	1209.05	0	3.85434	0	0.3
-1816.57	1318.77	34.6425	-260.992	0	3.85434	0	0.3
-1817.23	1319.43	34.6425	-579.421	0	3.85053	0	0.3
-1817.88	1320.1	34.6425	-1477.25	0	3.85625	0	0.3
-1818.53	1320.76	34.6425	-893.061	0	3.85625	0	0.3
-1819.19	1321.42	34.6425	1412.56	0	3.85434	0	0.3
-1819.84	1322.07	34.6425	1254.54	0	3.85625	0	0.3
-1820.49	1322.75	34.6425	1079.76	0	3.85625	0	0.3
-1821.14	1323.44	34.6425	4.76446	0	3.85625	0	0.3
-1821.79	1324.09	34.6425	-198.743	0	0	0	0.3
-1822.44	1324.75	34.6425	373.472	0	3.85625	0	0.3
-1823.1	1325.43	34.6425	220.243	0	3.86006	0	0.3
-1823.75	1326.1	34.6425	38.2833	0	3.85625	0	0.3
-1824.4	1326.78	34.6425	-102.975	0	3.85434	0	0.3
-1825.06	1327.46	34.6425	-148.464	0	3.85243	0	0.3
-1825.71	1328.14	34.6425	-574.632	0	3.85243	0	0.3
-1826.36	1328.83	34.6425	55.0427	0	3.85434	0	0.3
-1827.02	1329.53	34.6425	1027.09	0	3.85243	0	0.3
-1827.67	1330.2	34.6425	1134.83	0	3.85625	0	0.3
-1828.33	1330.89	34.6425	785.274	0	3.86006	0	0.3
-1828.99	1331.58	34.6425	873.86	0	3.85625	0	0.3
-1829.65	1332.28	34.6425	2633.6	0	3.85625	0	0.3
-1830.33	1332.96	34.6425	1388.61	0	3.86006	0	0.3
-1831	1333.68	34.6425	881.042	0	3.85434	0	0.3
-1831.66	1334.38	34.6425	2240.95	0	3.85625	0	0.3
-1832.33	1335.08	34.6425	1570.57	0	3.85434	0	0.3
-1833	1335.8	34.6425	1776.47	0	3.85243	0	0.3
-1833.67	1336.49	34.6425	926.532	0	0	0	0.3
-1834.33	1337.18	34.6425	-294.511	0	3.85243	0	0.3
-1835.01	1337.89	34.6425	217.848	0	3.84862	0	0.3
-1835.68	1338.59	34.6425	162.782	0	3.85434	0	0.3
-1836.36	1339.29	34.6425	-114.946	0	3.85434	0	0.3
-1837.04	1339.99	34.6425	-608.151	0	3.85434	0	0.3
-1837.73	1340.69	34.6425	-598.574	0	3.85243	0	0.3
-1838.41	1341.39	34.6425	703.871	0	3.85434	0	0.3
-1839.1	1342.09	34.6425	787.668	0	3.85434	0	0.3
-1839.79	1342.79	34.6425	-744.621	0	3.85625	0	0.3
-1840.48	1343.48	34.6425	-1489.22	0	3.86196	0	0.3
-1841.19	1344.15	34.6425	-35.937	0	3.86006	0	0.3
-1841.87	1344.87	34.6425	993.57	0	3.85625	0	0.3
-1842.56	1345.57	34.6425	505.153	0	3.85434	0	0.3
-1843.24	1346.26	34.6425	533.883	0	3.85625	0	0.3
-1843.93	1346.95	34.6425	957.657	0	3.85625	0	0.3
-1844.63	1347.65	34.6425	239.396	0	3.85434	0	0.3
-1845.32	1348.35	34.6425	-57.4848	0	3.85625	0	0.3
-1846.01	1349.03	34.6425	658.382	0	3.85053	0	0.3
-1846.69	1349.71	34.6425	1680.71	0	3.85243	0	0.3
-1847.38	1350.4	34.6425	2535.44	0	3.85243	0	0.3
-1848.06	1351.08	34.6425	2123.63	0	3.85434	0	0.3
-1848.74	1351.77	34.6425	1429.31	0	3.86387	0	0.3
-1849.42	1352.45	34.6425	1424.53	0	3.85625	0	0.3
-1850.1	1353.13	34.6425	-536.325	0	3.86006	0	0.3
-1850.77	1353.79	34.6425	-363.943	0	3.85625	0	0.3
-1851.43	1354.5	34.6425	2164.33	0	3.86006	0	0.3
-1852.1	1355.17	34.6425	1537.05	0	3.86006	0	0.3
-1852.77	1355.84	34.6425	150.811	0	3.85243	0	0.3
-1853.43	1356.52	34.6425	136.446	0	3.85434	0	0.3
-1854.1	1357.19	34.6425	-450.134	0	3.85434	0	0.3
-1854.76	1357.87	34.6425	-1810.04	0	3.85434	0	0.3
-1855.43	1358.54	34.6425	-1620.9	0	3.85053	0	0.3
-1856.09	1359.21	34.6425	339.953	0	3.85053	0	0.3
-1856.75	1359.88	34.6425	1661.55	0	3.85434	0	0.3
-1857.42	1360.57	34.6425	1352.7	0	3.85434	0	0.3
-1858.08	1361.24	34.6425	347.135	0	0	0	0.3
-1858.76	1361.91	34.2254	67.0137	-417.175	3.85625	0	0.3
-1859.43	1362.59	29.9961	-2499.57	-4229.23	3.85434	0	0.3
-1860.1	1363.27	30.1813	-1185.15	185.175	3.86196	0	0.3
-1860.77	1363.95	34.6425	3212.99	4461.23	3.85625	0	0.3
-1861.44	1364.64	34.6425	2013.5	0	3.85625	0	0.3
-1862.1	1365.29	34.6425	-560.267	0	3.85625	0	0.3
-1862.76	1365.99	34.6425	-557.873	0	3.85625	0	0.3
-1863.42	1366.69	34.6425	1010.33	0	3.85625	0	0.3
-1864.08	1367.37	34.6425	1338.33	0	0	0	0.3
-1864.74	1368.05	34.6425	1508.32	0	3.85625	0	0.3
-1865.4	1368.75	34.6425	1877.03	0	3.85243	0	0.3
-1866.07	1369.44	34.6425	981.599	0	3.84862	0	0.3
-1866.73	1370.14	34.6425	1096.52	0	3.85434	0	0.3
-1867.39	1370.84	34.6425	1065.4	0	3.85053	0	0.3
-1868.06	1371.54	34.6425	-222.685	0	3.85243	0	0.3
-1868.72	1372.25	34.6425	-1060.66	0	3.85434	0	0.3
-1869.39	1372.97	34.6425	-196.348	0	3.85434	0	0.3
-1870.05	1373.66	34.6425	1881.82	0	3.85434	0	0.3
-1870.71	1374.36	34.6425	2164.33	0	3.85625	0	0.3
-1871.42	1375.09	34.6425	1522.69	0	0.259243	0	0.3
-1872.05	1375.79	34.6425	440.509	0	3.85625	0	0.3
-1872.72	1376.5	34.6425	208.272	0	3.86006	0	0.3
-1873.39	1377.21	34.6425	780.486	0	3.85434	0	0.3
-1874.07	1377.92	34.6425	885.831	0	3.85625	0	0.3
-1874.74	1378.63	34.6425	852.312	0	3.85625	0	0.3
-1875.42	1379.35	34.6425	897.802	0	3.85243	0	0.3
-1876.1	1380.04	34.6425	418.961	0	3.85434	0	0.3
-1876.79	1380.74	34.6425	-1795.68	0	3.85053	0	0.3
-1877.47	1381.45	34.6425	-1599.35	0	3.85625	0	0.3
-1878.17	1382.15	34.6425	1426.92	0	3.85434	0	0.3
-1878.86	1382.86	34.6425	-359.154	0	3.85434	0	0.3
-1879.56	1383.57	34.6425	-826.024	0	3.85243	0	0.3
-1880.25	1384.27	34.6425	1759.71	0	3.84862	0	0.3
-1880.95	1384.97	34.6425	823.581	0	3.85243	0	0.3
-1881.64	1385.69	34.6425	181.935	0	3.85243	0	0.3
-1882.34	1386.38	34.6425	802.034	0	3.85625	0	0.3
-1883.1	1387.09	34.6425	849.918	0	3.85815	0	0.3
-1883.74	1387.78	34.6425	1644.79	0	3.85625	0	0.3
-1884.43	1388.48	34.6425	1762.11	0	3.85434	0	0.3
-1885.12	1389.18	34.6425	308.828	0	3.85434	0	0.3
-1885.81	1389.88	34.6425	122.08	0	3.85434	0	0.3
-1886.49	1390.57	34.6425	924.138	0	3.85243	0	0.3
-1887.18	1391.27	34.6425	1462.83	0	3.84862	0	0.3
-1887.86	1391.97	34.6425	1158.77	0	3.85243	0	0.3
-1888.54	1392.65	34.6425	76.5905	0	0	0	0.3
-1889.22	1393.33	34.6425	-220.29	0	3.85625	0	0.3
-1889.9	1394.01	34.6425	-529.143	0	3.85243	0	0.3
-1890.58	1394.7	34.6425	-1048.68	0	3.85434	0	0.3
-1891.25	1395.38	34.6425	150.811	0	3.85243	0	0.3
-1891.93	1396.06	34.6425	1003.15	0	3.85625	0	0.3
-1892.61	1396.73	34.6425	-79.0326	0	3.86387	0	0.3
-1893.32	1397.41	34.6425	-893.061	0	0.152496	0	0.3
-1893.96	1398.1	34.6425	833.158	0	3.85625	0	0.3
-1894.63	1398.76	34.6425	2530.65	0	3.85243	0	0.3
-1895.3	1399.43	34.6425	2042.23	0	3.85434	0	0.3
-1895.97	1400.12	34.6425	1527.48	0	3.85434	0	0.3
-1896.65	1400.8	34.6425	1417.34	0	3.85625	0	0.3
-1897.32	1401.48	34.6425	-407.038	0	3.85434	0	0.3
-1898	1402.17	27.21	-3476.4	-7432.55	3.85434	0	0.3
-1898.67	1402.85	22.4625	330.376	-4747.51	3.85625	0	0.3
-1899.34	1403.54	28.5584	3464.39	6095.88	3.85243	0	0.3
-1900.01	1404.25	34.6425	955.263	6084.18	3.85625	0	0.3
-1900.68	1404.93	34.6425	502.758	0	0	0	0.3
-1901.35	1405.62	34.6425	766.121	0	3.85434	0	0.3
-1902.02	1406.32	34.6425	945.686	0	3.85243	0	0.3
-1902.69	1407.03	34.6425	895.408	0	3.85625	0	0.3
-1903.36	1407.74	34.6425	924.138	0	3.86196	0	0.3
-1904.04	1408.45	34.6425	1122.86	0	3.85625	0	0.3
-1904.72	1409.15	34.6425	189.118	0	3.85625	0	0.3
-1905.39	1409.86	34.6425	-45.5138	0	3.85434	0	0.3
-1906.07	1410.59	34.6425	711.054	0	3.85625	0	0.3
-1906.75	1411.29	34.6425	646.411	0	3.85434	0	0.3
-1907.43	1412	34.6425	-644.064	0	3.85243	0	0.3
-1908.1	1412.71	34.6425	835.552	0	3.85434	0	0.3
-1908.78	1413.43	34.6425	1362.28	0	3.84862	0	0.3
-1909.45	1414.15	34.6425	1359.88	0	3.85434	0	0.3
-1910.12	1414.87	34.6425	2698.24	0	3.84862	0	0.3
-1910.8	1415.58	34.6425	1209.05	0	3.85625	0	0.3
-1911.47	1416.3	34.6425	421.356	0	3.84862	0	0.3
-1912.15	1417.03	34.6425	761.332	0	3.86006	0	0.3
-1912.83	1417.73	34.6425	134.051	0	3.85625	0	0.3
-1913.57	1418.45	34.6425	-1098.96	0	3.89246	0	0.3
-1914.19	1419.15	34.6425	-620.122	0	3.85625	0	0.3
-1914.88	1419.86	34.6425	143.628	0	3.85625	0	0.3
-1915.57	1420.58	34.6425	134.051	0	3.85625	0	0.3
-1916.27	1421.29	34.6425	105.321	0	3.85434	0	0.3
-1916.97	1421.99	34.6425	-830.812	0	3.85434	0	0.3
-1917.68	1422.7	34.6425	-794.899	0	3.85243	0	0.3
-1918.39	1423.43	34.6425	998.358	0	3.86006	0	0.3
-1919.1	1424.13	34.6425	2224.19	0	3.85243	0	0.3
-1919.8	1424.83	34.6425	3586.49	0	3.85434	0	0.3
-1920.51	1425.55	34.6425	3586.49	0	3.85434	0	0.3
-1921.21	1426.26	34.6425	2140.39	0	3.84862	0	0.3
-1921.9	1426.97	34.6425	1182.71	0	3.85243	0	0.3
-1922.6	1427.67	34.6425	110.109	0	3.85434	0	0.3
-1923.29	1428.38	34.6425	-962.493	0	3.86006	0	0.3
-1923.99	1429.08	34.6425	-2233.81	0	3.85625	0	0.3
-1924.67	1429.79	34.6425	-498.018	0	3.85434	0	0.3
-1925.36	1430.48	34.6425	1082.16	0	3.85625	0	0.3
-1926.04	1431.17	34.6425	55.0427	0	3.85625	0	0.3
-1926.73	1431.87	34.6425	323.193	0	3.85625	0	0.3
-1927.41	1432.56	34.6425	-574.632	0	3.85625	0	0.3
-1928.09	1433.25	34.6425	-88.6094	0	3.85625	0	0.3
-1928.77	1433.94	34.6425	1142.01	0	3.85434	0	0.3
-1929.44	1434.62	34.6425	718.237	0	3.85243	0	0.3
-1930.12	1435.3	34.6425	620.074	0	3.85434	0	0.3
-1930.79	1436	34.6425	-83.821	0	3.85243	0	0.3
-1931.47	1436.67	34.6425	-1324.02	0	3.84862	0	0.3
-1932.15	1437.34	34.6425	-325.635	0	3.85243	0	0.3
-1932.82	1438.02	34.6425	1134.83	0	3.85243	0	0.3
-1933.5	1438.69	34.6425	667.958	0	3.85625	0	0.3
-1934.18	1439.38	34.6425	773.303	0	3.85625	0	0.3
-1934.85	1440.07	34.6425	1726.2	0	3.85625	0	0.3
-1935.52	1440.75	34.6425	2810.77	0	3.86006	0	0.3
-1936.2	1441.43	34.6425	3797.18	0	3.85434	0	0.3
-1936.87	1442.13	34.6425	35.8891	0	3.85625	0	0.3
-1937.55	1442.81	34.6425	-1280.92	0	3.85625	0	0.3
-1938.22	1443.49	34.6425	2147.57	0	3.85434	0	0.3
-1938.89	1444.19	34.6425	335.164	0	3.85434	0	0.3
-1939.56	1444.9	34.6425	847.523	0	3.85434	0	0.3
-1940.23	1445.6	34.6425	1151.59	0	3.85434	0	0.3
-1940.9	1446.3	34.6425	-69.4558	0	3.85243	0	0.3
-1941.57	1447	34.6425	-1280.92	0	3.85243	0	0.3
-1942.24	1447.71	34.6425	-208.319	0	3.85625	0	0.3
-1942.91	1448.43	34.6425	749.361	0	3.85434	0	0.3
-1943.57	1449.13	34.6425	1204.26	0	0	0	0.3
-1944.24	1449.83	34.6425	1153.98	0	3.85625	0	0.3
-1944.91	1450.54	34.6425	806.822	0	3.86006	0	0.3
-1945.59	1451.26	34.6425	-2157.2	0	3.86196	0	0.3
-1946.26	1451.98	34.6425	-1395.84	0	3.85625	0	0.3
-1946.94	1452.7	34.6425	1833.93	0	3.85434	0	0.3
-1947.61	1453.42	34.6425	1312	0	3.86196	0	0.3
-1948.28	1454.14	34.6425	1683.1	0	3.85434	0	0.3
-1948.95	1454.87	34.6425	885.831	0	3.85434	0	0.3
-1949.63	1455.58	34.6425	265.732	0	3.84862	0	0.3
-1950.31	1456.29	34.6425	189.118	0	3.85243	0	0.3
-1950.99	1457.02	34.6425	-402.25	0	3.84862	0	0.3
-1951.67	1457.73	34.6425	-742.227	0	3.85243	0	0.3
-1952.36	1458.45	34.6425	-33.5428	0	3.85243	0	0.3
-1953.04	1459.17	34.6425	1613.67	0	3.85053	0	0.3
-1953.73	1459.89	34.6425	1891.4	0	3.85243	0	0.3
-1954.42	1460.6	34.6425	-21.5718	0	3.85434	0	0.3
-1955.12	1461.33	34.6425	-1436.55	0	3.85243	0	0.3
-1955.81	1462.04	34.6425	-244.233	0	0	0	0.3
-1956.51	1462.75	34.6425	1742.95	0	0	0	0.3
-1957.2	1463.47	34.6425	2559.38	0	3.86196	0	0.3
-1957.9	1464.19	34.6425	2305.59	0	3.85625	0	0.3
-1958.59	1464.91	34.6425	1391.01	0	3.85625	0	0.3
-1959.3	1465.62	34.6425	-735.044	0	3.85243	0	0.3
-1960	1466.33	34.6425	-1680.75	0	3.85243	0	0.3
-1960.69	1467.05	34.6425	181.935	0	3.85434	0	0.3
-1961.39	1467.77	34.6425	1113.28	0	3.85243	0	0.3
-1962.09	1468.47	34.6425	1132.43	0	0	0	0.3
-1962.78	1469.17	34.6425	1156.38	0	3.84862	0	0.3
-1963.48	1469.89	34.6425	962.445	0	3.85243	0	0.3
-1964.17	1470.59	34.6425	-634.487	0	3.85053	0	0.3
-1964.86	1471.3	34.6425	-2521.12	0	3.84862	0	0.3
-1965.56	1472	34.6425	466.845	0	3.84671	0	0.3
-1966.24	1472.69	34.6425	2954.42	0	3.84862	0	0.3
-1966.93	1473.39	34.6425	1668.73	0	3.84862	0	0.3
-1967.68	1474.11	34.6425	1007.93	0	3.86006	0	0.3
-1968.29	1474.78	34.6425	916.955	0	3.85434	0	0.3
-1968.97	1475.46	34.6425	825.976	0	3.85243	0	0.3
-1969.66	1476.16	34.6425	615.286	0	3.85243	0	0.3
-1970.34	1476.85	34.6425	835.552	0	3.85434	0	0.3
-1971.03	1477.54	34.6425	1623.24	0	3.84862	0	0.3
-1971.71	1478.23	34.6425	2049.41	0	3.85434	0	0.3
-1972.4	1478.92	34.6425	993.57	0	3.85053	0	0.3
-1973.08	1479.61	34.6425	-1237.83	0	3.85625	0	0.3
-1973.76	1480.31	34.6425	-3713.43	0	3.85434	0	0.3
-1974.45	1480.99	34.6425	-3016.72	0	0	0	0.3
-1975.13	1481.67	34.6425	1549.02	0	3.85243	0	0.3
-1975.81	1482.38	34.6425	3145.96	0	3.85434	0	0.3
-1976.49	1483.06	34.6425	1357.49	0	3.85625	0	0.3
-1977.17	1483.77	34.6425	916.955	0	3.85625	0	0.3
-1977.84	1484.48	34.6425	1228.2	0	3.85625	0	0.3
-1978.51	1485.18	34.6425	1651.98	0	3.85625	0	0.3
-1979.19	1485.89	34.6425	1599.3	0	3.85434	0	0.3
-1979.86	1486.62	34.6425	1264.11	0	3.86006	0	0.3
-1980.53	1487.32	34.6425	612.892	0	3.85625	0	0.3
-1981.21	1488.02	34.6425	-881.09	0	3.85243	0	0.3
-1981.88	1488.75	34.6425	-488.441	0	3.84862	0	0.3
-1982.55	1489.47	34.6425	280.098	0	3.85243	0	0.3
-1983.23	1490.19	34.6425	746.967	0	3.85434	0	0.3
-1983.9	1490.91	34.6425	2147.57	0	3.85243	0	0.3
-1984.58	1491.63	34.6425	1534.66	0	3.85243	0	0.3
-1985.25	1492.36	34.6425	876.254	0	3.85243	0	0.3
-1985.92	1493.1	34.6425	1338.33	0	3.85625	0	0.3
-1986.59	1493.82	34.6425	703.871	0	3.85625	0	0.3
-1987.26	1494.53	34.6425	-86.2152	0	3.86196	0	0.3
-1987.94	1495.27	34.6425	-265.78	0	3.85625	0	0.3
-1988.62	1496	34.6425	-560.267	0	3.85434	0	0.3
-1989.31	1496.73	34.6425	-244.233	0	3.85243	0	0.3
-1989.99	1497.45	34.6425	612.892	0	3.85243	0	0.3
-1990.68	1498.18	34.6425	490.787	0	3.85434	0	0.3
-1991.37	1498.9	34.6425	256.156	0	3.85625	0	0.3
-1992.06	1499.64	34.6425	-62.2732	0	3.85243	0	0.3
-1992.76	1500.36	34.6425	-1577.8	0	3.85625	0	0.3
-1993.46	1501.07	34.6425	-1948.9	0	3.85434	0	0.3
-1994.16	1501.8	34.6425	1587.33	0	3.85434	0	0.3
-1994.86	1502.53	34.6425	3600.86	0	3.84862	0	0.3
-1995.57	1503.25	34.6425	2135.6	0	3.85243	0	0.3
-1996.28	1503.97	34.6425	1481.99	0	3.85243	0	0.3
-1996.98	1504.69	34.6425	1441.29	0	3.85243	0	0.3
-1997.71	1505.41	34.6425	1383.82	0	3.85625	0	0.3
-1998.4	1506.14	34.6425	833.158	0	3.85625	0	0.3
-1999.11	1506.85	34.6425	-205.925	0	3.85243	0	0.3
-1999.82	1507.55	34.6425	-265.78	0	3.85625	0	0.3
-2000.53	1508.27	34.6425	11.9471	0	3.85434	0	0.3
-2001.24	1508.98	34.6425	766.121	0	3.85434	0	0.3
-2001.95	1509.69	34.6425	1163.56	0	3.85625	0	0.3
-2002.65	1510.4	34.6425	-1154.03	0	3.85053	0	0.3
-2003.36	1511.1	34.6425	-2631.25	0	3.85243	0	0.3
-2004.06	1511.8	34.6425	751.755	0	3.85243	0	0.3
-2004.76	1512.52	34.6425	2674.3	0	3.85243	0	0.3
-2005.45	1513.21	34.6425	1216.23	0	3.85434	0	0.3
-2006.15	1513.9	34.6425	852.312	0	3.85625	0	0.3
-2006.84	1514.6	34.6425	804.428	0	3.85625	0	0.3
-2007.53	1515.29	34.6425	964.839	0	3.85625	0	0.3
-2008.22	1515.98	34.6425	1453.26	0	3.85625	0	0.3
-2008.91	1516.68	34.6425	1972.8	0	3.85434	0	0.3
-2009.59	1517.36	34.6425	2056.6	0	3.85815	0	0.3
-2010.27	1518.06	34.6425	591.344	0	3.85625	0	0.3
-2010.95	1518.77	34.6425	-251.415	0	3.85625	0	0.3
-2011.63	1519.45	34.6425	576.979	0	3.85625	0	0.3
-2012.31	1520.14	34.6425	-943.339	0	3.85434	0	0.3
-2013	1520.84	34.6425	-1259.37	0	3.85625	0	0.3
-2013.69	1521.54	34.6425	893.013	0	3.85243	0	0.3
-2014.37	1522.25	34.6425	1599.3	0	3.85625	0	0.3
-2015.05	1522.95	34.6425	1738.17	0	3.84862	0	0.3
-2015.73	1523.66	34.6425	1572.97	0	3.85625	0	0.3
-2016.41	1524.37	34.6425	818.793	0	3.84862	0	0.3
-2017.09	1525.09	34.6425	471.634	0	3.84862	0	0.3
-2017.76	1525.79	34.6425	995.964	0	3.85243	0	0.3
-2018.44	1526.5	34.6425	1213.84	0	3.84862	0	0.3
-2019.11	1527.23	34.6425	873.86	0	3.85625	0	0.3
-2019.79	1527.94	34.6425	732.602	0	3.85625	0	0.3
-2020.46	1528.67	34.6425	19.1297	0	3.85625	0	0.3
-2021.14	1529.39	34.6425	-1367.11	0	3.85625	0	0.3
-2021.82	1530.12	34.6425	-1398.24	0	3.86006	0	0.3
-2022.51	1530.84	34.6425	174.753	0	3.85434	0	0.3
-2023.19	1531.58	34.6425	660.776	0	3.85243	0	0.3
-2023.88	1532.3	34.6425	337.559	0	0	0	0.3
-2024.56	1533.01	34.6425	1393.4	0	3.85243	0	0.3
-2025.25	1533.75	34.6425	1680.71	0	3.85434	0	0.3
-2025.93	1534.47	34.6425	852.312	0	3.85243	0	0.3
-2026.62	1535.2	34.6425	950.474	0	3.85243	0	0.3
-2027.3	1535.93	34.6425	596.132	0	3.85625	0	0.3
-2027.99	1536.66	34.6425	347.135	0	3.85434	0	0.3
-2028.68	1537.38	34.6425	1185.11	0	3.85434	0	0.3
-2029.37	1538.13	34.6425	778.092	0	3.85625	0	0.3
-2030.06	1538.84	34.6425	1000.75	0	0	0	0.3
-2030.76	1539.57	34.6425	1778.87	0	3.86387	0	0.3
-2031.45	1540.3	34.6425	217.848	0	3.85625	0	0.3
-2032.15	1541.03	34.6425	-986.435	0	3.86006	0	0.3
-2032.84	1541.76	34.6425	1132.43	0	3.85625	0	0.3
-2033.54	1542.49	34.6425	2296.02	0	3.85625	0	0.3
-2034.24	1543.22	34.6425	948.08	0	3.85625	0	0.3
-2034.94	1543.94	34.6425	253.761	0	3.84862	0	0.3
-2035.64	1544.69	34.6425	306.434	0	3.85243	0	0.3
-2036.35	1545.41	34.6425	-86.2152	0	3.83337	0	0.3
-2037.06	1546.13	34.6425	-1065.44	0	3.85625	0	0.3
-2037.77	1546.87	34.6425	-885.879	0	3.85243	0	0.3
-2038.49	1547.58	34.6425	-203.531	0	3.85053	0	0.3
-2039.2	1548.3	34.6425	-1247.4	0	3.85243	0	0.3
-2039.91	1549.01	34.6425	-940.945	0	3.85243	0	0.3
-2040.62	1549.71	34.6425	1680.71	0	3.84862	0	0.3
-2041.33	1550.42	34.6425	3390.17	0	3.85243	0	0.3
-2042.04	1551.13	34.6425	636.834	0	3.85434	0	0.3
-2042.76	1551.82	34.6425	797.245	0	3.85625	0	0.3
-2043.45	1552.52	34.6425	3033.43	0	3.86006	0	0.3
-2044.15	1553.23	34.6425	1079.76	0	3.86006	0	0.3
-2044.85	1553.92	34.6425	603.315	0	3.85243	0	0.3
-2045.54	1554.63	34.6425	993.57	0	3.85625	0	0.3
-2046.23	1555.32	34.6425	632.045	0	3.85625	0	0.3
-2046.92	1556.02	34.6425	-1070.23	0	3.85243	0	0.3
-2047.61	1556.71	34.6425	-1453.3	0	3.84862	0	0.3
-2048.3	1557.41	34.6425	-689.554	0	3.85625	0	0.3
-2048.98	1558.1	34.6425	-220.29	0	0	0	0.3
-2049.67	1558.78	34.6425	964.839	0	3.85243	0	0.3
-2050.35	1559.48	34.6425	2291.23	0	3.85243	0	0.3
-2051.03	1560.18	34.6425	1414.95	0	3.85243	0	0.3
-2051.72	1560.87	34.6425	-112.551	0	3.85434	0	0.3
-2052.4	1561.58	34.6425	2430.09	0	3.85243	0	0.3
-2053.08	1562.27	34.6425	3371.01	0	3.86006	0	0.3
-2053.82	1562.99	34.6425	1108.49	0	3.85625	0	0.3
-2054.44	1563.7	34.6425	-91.0036	0	3.86006	0	0.3
-2055.11	1564.41	34.6425	485.999	0	3.85434	0	0.3
-2055.8	1565.11	34.6425	814.005	0	3.85243	0	0.3
-2056.48	1565.84	34.6425	-35.937	0	3.85625	0	0.3
-2057.16	1566.54	34.6425	323.193	0	3.86006	0	0.3
-2057.84	1567.25	34.6425	-1419.79	0	3.85243	0	0.3
-2058.52	1567.96	34.6425	-1872.29	0	3.85434	0	0.3
-2059.2	1568.67	34.6425	521.912	0	3.85434	0	0.3
-2059.88	1569.38	34.6425	1934.49	0	3.85625	0	0.3
-2060.57	1570.11	34.6425	1843.51	0	3.85625	0	0.3
-2061.25	1570.81	34.6425	-866.725	0	0	0	0.3
-2061.93	1571.52	31.8191	897.802	-2823.39	3.85243	0	0.3
-2062.61	1572.25	34.6425	3157.93	2823.39	3.85243	0	0.3
-2063.29	1572.96	34.6425	895.408	0	3.85434	0	0.3
-2064	1573.68	34.6425	289.674	0	0	0	0.3
-2064.64	1574.42	34.6425	909.773	0	3.85625	0	0.3
-2065.32	1575.14	34.6425	1309.6	0	3.85625	0	0.3
-2066	1575.86	34.6425	1074.97	0	3.85434	0	0.3
-2066.68	1576.6	34.6425	248.973	0	3.85625	0	0.3
-2067.37	1577.31	34.6425	-117.34	0	3.85434	0	0.3
-2068.06	1578.03	34.6425	-459.711	0	3.85625	0	0.3
-2068.75	1578.76	34.6425	-306.482	0	3.85243	0	0.3
-2069.44	1579.48	34.6425	945.686	0	3.85434	0	0.3
-2070.13	1580.21	34.6425	1697.47	0	3.85625	0	0.3
-2070.83	1580.94	34.6425	114.898	0	3.85243	0	0.3
-2071.53	1581.66	34.6425	308.828	0	3.85243	0	0.3
-2072.23	1582.39	34.6425	1903.37	0	3.84862	0	0.3
-2072.93	1583.13	34.6425	1711.83	0	3.85625	0	0.3
-2073.62	1583.85	34.6425	1058.21	0	3.85625	0	0.3
-2074.33	1584.59	34.6425	-47.908	0	3.85625	0	0.3
-2075.04	1585.3	34.6425	-742.227	0	3.85625	0	0.3
-2075.74	1586.03	34.6425	-1606.53	0	3.85625	0	0.3
-2076.45	1586.76	34.6425	-337.606	0	3.85625	0	0.3
-2077.17	1587.48	34.6425	1051.03	0	3.85243	0	0.3
-2077.88	1588.19	34.6425	842.735	0	3.85625	0	0.3
-2078.59	1588.91	34.6425	560.219	0	3.85243	0	0.3
-2079.3	1589.63	34.6425	134.051	0	3.85243	0	0.3
-2080.02	1590.33	34.6425	883.437	0	0	0	0.3
-2080.74	1591.03	34.6425	-529.143	0	3.85625	0	0.3
-2081.45	1591.74	34.6425	1481.99	0	3.85625	0	0.3
-2082.16	1592.44	34.6425	4086.88	0	3.85243	0	0.3
-2082.87	1593.15	34.6425	1393.4	0	3.85434	0	0.3
-2083.58	1593.86	34.6425	967.234	0	3.85243	0	0.3
-2084.28	1594.55	34.6425	1750.14	0	3.85625	0	0.3
-2084.97	1595.26	34.6425	1400.58	0	3.86006	0	0.3
-2085.67	1595.97	34.6425	993.57	0	3.86006	0	0.3
-2086.36	1596.67	34.6425	548.248	0	3.85625	0	0.3
-2087.05	1597.36	34.6425	-986.435	0	3.85625	0	0.3
-2087.74	1598.07	34.6425	-1438.94	0	3.85243	0	0.3
-2088.42	1598.76	34.6425	-256.204	0	3.85625	0	0.3
-2089.11	1599.47	34.6425	543.46	0	3.86006	0	0.3
-2089.8	1600.17	34.6425	1556.21	0	3.85243	0	0.3
-2090.49	1600.87	34.6425	-1072.63	0	3.85243	0	0.3
-2091.18	1601.57	34.6425	-1331.2	0	3.85625	0	0.3
-2091.87	1602.29	34.6425	2008.71	0	3.85243	0	0.3
-2092.55	1602.98	34.6425	1216.23	0	3.85434	0	0.3
-2093.24	1603.68	34.6425	651.199	0	3.85625	0	0.3
-2093.93	1604.4	34.6425	1932.1	0	3.85243	0	0.3
-2094.61	1605.12	34.6425	3663.1	0	3.85243	0	0.3
-2095.29	1605.83	34.6425	2990.33	0	3.85243	0	0.3
-2095.98	1606.55	34.6425	1108.49	0	3.85434	0	0.3
-2096.67	1607.26	34.6425	430.932	0	3.85625	0	0.3
-2097.34	1607.99	34.6425	-184.377	0	3.86196	0	0.3
-2098.02	1608.73	34.6425	-203.531	0	3.85625	0	0.3
-2098.7	1609.44	34.6425	574.584	0	3.85625	0	0.3
-2099.39	1610.16	34.6425	2200.25	0	3.85625	0	0.3
-2100.06	1610.89	34.6425	-1027.14	0	3.85434	0	0.3
-2100.74	1611.62	34.6425	-2042.28	0	3.85243	0	0.3
-2101.41	1612.35	34.6425	2200.25	0	3.85243	0	0.3
-2102.09	1613.08	34.6425	1561	0	3.85434	0	0.3
-2102.76	1613.81	34.6425	198.695	0	3.85434	0	0.3
-2103.44	1614.54	34.6425	825.976	0	3.85243	0	0.3
-2104.11	1615.29	34.6425	1192.29	0	3.84862	0	0.3
-2104.78	1616.01	34.6425	816.399	0	3.84862	0	0.3
-2105.46	1616.73	34.6425	385.443	0	3.85434	0	0.3
-2106.13	1617.47	34.6425	339.953	0	3.85625	0	0.3
-2106.8	1618.2	34.6425	368.683	0	3.85243	0	0.3
-2107.52	1618.92	34.6425	-189.166	0	3.86387	0	0.3
-2108.16	1619.66	34.6425	-588.998	0	3.85625	0	0.3
-2108.85	1620.39	34.6425	1192.29	0	3.85625	0	0.3
-2109.54	1621.12	34.6425	-598.574	0	3.85243	0	0.3
-2110.23	1621.86	34.6425	-2097.34	0	3.85434	0	0.3
-2110.92	1622.57	34.6425	876.254	0	3.85434	0	0.3
-2111.62	1623.29	34.6425	1704.65	0	3.84862	0	0.3
-2112.32	1624.03	34.6425	1405.37	0	3.85243	0	0.3
-2113.01	1624.75	34.6425	1640	0	3.84862	0	0.3
-2113.71	1625.48	34.6425	1709.44	0	3.85243	0	0.3
-2114.41	1626.2	34.6425	1405.37	0	3.85243	0	0.3
-2115.11	1626.92	34.6425	1922.52	0	3.85243	0	0.3
-2115.81	1627.63	34.6425	2044.62	0	3.85434	0	0.3
-2116.51	1628.36	34.6425	1232.99	0	3.85625	0	0.3
-2117.21	1629.07	34.6425	167.57	0	3.85434	0	0.3
-2117.94	1629.76	34.6425	-165.224	0	3.86006	0	0.3
-2118.63	1630.48	34.6425	373.472	0	3.85434	0	0.3
-2119.33	1631.19	34.6425	-1096.57	0	3.85625	0	0.3
-2120.03	1631.9	34.6425	-26.3602	0	3.85625	0	0.3
-2120.73	1632.6	34.6425	2140.39	0	3.85243	0	0.3
-2121.43	1633.31	34.6425	857.1	0	3.85625	0	0.3
-2122.13	1634.01	34.6425	694.295	0	3.85243	0	0.3
-2122.83	1634.73	34.6425	888.225	0	3.85434	0	0.3
-2123.52	1635.42	34.6425	337.559	0	3.85243	0	0.3
-2124.21	1636.11	34.6425	263.338	0	3.84862	0	0.3
-2124.89	1636.83	34.6425	574.584	0	3.85243	0	0.3
-2125.57	1637.53	34.6425	603.315	0	3.85243	0	0.3
-2126.26	1638.24	34.6425	-380.702	0	3.85243	0	0.3
-2126.94	1638.95	34.6425	-883.484	0	3.85053	0	0.3
-2127.63	1639.65	34.6425	-581.815	0	3.85243	0	0.3
-2128.32	1640.35	34.6425	1458.04	0	3.85625	0	0.3
-2129	1641.07	34.6425	538.671	0	3.85625	0	0.3
-2129.68	1641.77	34.6425	184.33	0	0	0	0.3
-2130.37	1642.48	34.6425	2779.64	0	3.85625	0	0.3
-2131.05	1643.19	34.6425	2003.92	0	3.86387	0	0.3
-2131.73	1643.91	34.6425	969.628	0	3.85625	0	0.3
-2132.41	1644.62	34.6425	885.831	0	3.86196	0	0.3
-2133.08	1645.34	34.6425	1213.84	0	3.85434	0	0.3
-2133.76	1646.06	34.6425	1297.63	0	3.85243	0	0.3
-2134.44	1646.78	34.6425	1163.56	0	3.85243	0	0.3
-2135.12	1647.52	34.6425	1115.67	0	3.85625	0	0.3
-2135.8	1648.24	34.6425	586.555	0	0	0	0.3
-2136.47	1648.95	34.6425	354.318	0	3.85434	0	0.3
-2137.14	1649.68	34.6425	169.964	0	3.84862	0	0.3
-2137.82	1650.41	34.6425	153.205	0	3.84862	0	0.3
-2138.5	1651.14	34.6425	-2011.15	0	3.85053	0	0.3
-2139.18	1651.86	34.6425	-577.027	0	3.85434	0	0.3
-2139.85	1652.59	34.6425	2880.2	0	3.85434	0	0.3
-2140.52	1653.32	34.6425	1010.33	0	3.86006	0	0.3
-2141.2	1654.06	34.6425	-131.705	0	3.86006	0	0.3
-2141.86	1654.77	34.6425	488.393	0	3.85625	0	0.3
-2142.54	1655.48	34.6425	339.953	0	3.85434	0	0.3
-2143.21	1656.21	34.6425	-1556.26	0	3.86196	0	0.3
-2143.88	1656.93	34.6425	-679.977	0	3.85243	0	0.3
-2144.55	1657.66	34.6425	1163.56	0	3.85434	0	0.3
-2145.23	1658.38	34.6425	897.802	0	3.85243	0	0.3
-2145.91	1659.1	34.6425	596.132	0	3.85053	0	0.3
-2146.59	1659.82	34.6425	543.46	0	3.85434	0	0.3
-2147.28	1660.56	34.6425	1094.13	0	3.85053	0	0.3
-2147.96	1661.28	34.6425	2899.35	0	0	0	0.3
-2148.65	1661.99	34.6425	4917.67	0	3.85053	0	0.3
-2149.33	1662.72	34.6425	1666.34	0	3.84862	0	0.3
-2150.02	1663.45	34.6425	-2104.53	0	3.85434	0	0.3
-2150.71	1664.18	34.6425	-1067.84	0	3.85625	0	0.3
-2151.4	1664.9	34.6425	-2.41814	0	3.85625	0	0.3
-2152.09	1665.61	34.6425	251.367	0	3.85625	0	0.3
-2152.78	1666.34	34.6425	-703.919	0	3.85625	0	0.3
-2153.48	1667.07	34.6425	-1010.38	0	3.85625	0	0.3
-2154.18	1667.77	34.6425	241.79	0	3.85434	0	0.3
-2154.87	1668.48	34.6425	581.767	0	3.85053	0	0.3
-2155.57	1669.19	34.6425	569.796	0	3.85053	0	0.3
-2156.28	1669.9	34.6425	414.173	0	3.85243	0	0.3
-2156.98	1670.6	34.6425	1127.65	0	3.85243	0	0.3
-2157.69	1671.3	34.6425	-2571.4	0	3.84862	0	0.3
-2158.39	1672	34.6425	-2054.25	0	3.85243	0	0.3
-2159.1	1672.7	34.6425	2128.42	0	3.85243	0	0.3
-2159.8	1673.4	34.6425	1240.17	0	3.85243	0	0.3
-2160.51	1674.08	34.6425	1458.04	0	0	0	0.3
-2161.21	1674.77	34.6425	1793.23	0	3.85625	0	0.3
-2161.91	1675.47	34.6425	2171.52	0	3.85815	0	0.3
-2162.6	1676.16	34.6425	2250.53	0	3.86006	0	0.3
-2163.3	1676.86	34.6425	1611.27	0	3.86006	0	0.3
-2164	1677.56	34.6425	632.045	0	3.85625	0	0.3
-2164.69	1678.25	34.6425	-74.2442	0	3.85243	0	0.3
-2165.38	1678.95	34.6425	263.338	0	3.85243	0	0.3
-2166.08	1679.67	34.6425	677.535	0	3.85053	0	0.3
-2166.77	1680.36	34.6425	1091.73	0	3.85243	0	0.3
-2167.46	1681.06	34.6425	-466.893	0	3.85625	0	0.3
-2168.15	1681.77	34.6425	-198.743	0	3.85434	0	0.3
-2168.84	1682.48	34.6425	1929.7	0	3.85434	0	0.3
-2169.53	1683.2	34.6425	1520.29	0	3.85243	0	0.3
-2170.22	1683.91	34.6425	1647.19	0	3.85434	0	0.3
-2170.91	1684.63	34.6425	2126.03	0	3.85434	0	0.3
-2171.59	1685.35	34.6425	1661.55	0	3.85243	0	0.3
-2172.27	1686.08	34.6425	1153.98	0	3.85434	0	0.3
-2172.96	1686.8	34.6425	1240.17	0	3.85434	0	0.3
-2173.64	1687.51	34.6425	47.8601	0	3.86196	0	0.3
-2174.33	1688.23	34.6425	-969.676	0	3.85625	0	0.3
-2175.01	1688.96	34.6425	488.393	0	3.85625	0	0.3
-2175.69	1689.69	34.6425	1893.79	0	3.85625	0	0.3
-2176.37	1690.42	34.6425	866.677	0	3.85434	0	0.3
-2177.05	1691.14	34.6425	-2564.21	0	3.85625	0	0.3
-2177.73	1691.87	34.6425	-512.383	0	3.85243	0	0.3
-2178.41	1692.61	34.6425	2547.41	0	3.85053	0	0.3
-2179.09	1693.32	34.6425	675.141	0	0	0	0.3
-2179.76	1694.04	34.6425	368.683	0	3.85243	0	0.3
-2180.44	1694.77	34.6425	763.726	0	3.85243	0	0.3
-2181.12	1695.49	34.6425	67.0137	0	3.85243	0	0.3
-2181.81	1696.22	34.6425	-1584.99	0	3.85053	0	0.3
-2182.49	1696.94	34.6425	-952.916	0	3.85625	0	0.3
-2183.17	1697.66	34.6425	672.747	0	3.85625	0	0.3
-2183.85	1698.38	34.6425	859.495	0	3.85434	0	0.3
-2184.53	1699.12	34.6425	821.187	0	3.86196	0	0.3
-2185.22	1699.83	34.6425	1072.58	0	3.86006	0	0.3
-2185.91	1700.55	34.6425	1908.15	0	3.85625	0	0.3
-2186.59	1701.28	34.6425	181.935	0	3.85625	0	0.3
-2187.28	1702.01	34.6425	543.46	0	3.85625	0	0.3
-2187.97	1702.73	34.6425	2473.19	0	3.85625	0	0.3
-2188.66	1703.46	34.6425	1493.96	0	3.85625	0	0.3
-2189.34	1704.18	34.6425	1254.54	0	3.85434	0	0.3
-2190.04	1704.9	34.6425	1084.55	0	3.85243	0	0.3
-2190.73	1705.65	34.6425	23.9181	0	3.85243	0	0.3
-2191.43	1706.35	34.6425	-440.557	0	3.85434	0	0.3
-2192.13	1707.06	34.6425	-337.606	0	3.85434	0	0.3
-2192.83	1707.79	34.6425	-840.389	0	3.84862	0	0.3
-2193.53	1708.5	34.6425	-177.195	0	3.85243	0	0.3
-2194.24	1709.21	34.6425	519.518	0	3.85243	0	0.3
-2194.94	1709.92	34.6425	146.022	0	3.85434	0	0.3
-2195.65	1710.62	34.6425	505.153	0	3.85625	0	0.3
-2196.36	1711.32	34.6425	-7.20654	0	3.85625	0	0.3
-2197.06	1712.03	34.6425	-881.09	0	3.85625	0	0.3
-2197.77	1712.71	34.6425	-627.305	0	3.85625	0	0.3
-2198.49	1713.4	34.6425	-83.821	0	3.85434	0	0.3
-2199.2	1714.1	34.6425	1079.76	0	3.85625	0	0.3
-2199.92	1714.79	34.6425	1448.47	0	3.85434	0	0.3
-2200.63	1715.48	34.6425	1338.33	0	3.85625	0	0.3
-2201.35	1716.18	34.6425	1312	0	3.85434	0	0.3
-2202.05	1716.87	34.6425	1841.12	0	3.85243	0	0.3
-2202.76	1717.57	34.6425	1874.64	0	3.85434	0	0.3
-2203.46	1718.28	34.6425	1666.34	0	3.85243	0	0.3
-2204.16	1718.97	34.6425	2047.02	0	3.85434	0	0.3
-2204.86	1719.67	34.6425	888.225	0	3.85243	0	0.3
-2205.56	1720.39	34.6425	804.428	0	3.85243	0	0.3
-2206.25	1721.1	34.6425	-280.146	0	3.85434	0	0.3
-2206.94	1721.82	34.6425	-287.328	0	3.85625	0	0.3
-2207.63	1722.53	34.6425	1534.66	0	3.85625	0	0.3
-2208.32	1723.25	34.6425	888.225	0	3.85625	0	0.3
-2209	1723.97	34.6425	859.495	0	3.85434	0	0.3
-2209.69	1724.71	34.6425	1565.78	0	3.85625	0	0.3
-2210.37	1725.43	34.6425	1436.5	0	3.85625	0	0.3
-2211.05	1726.15	34.6425	404.596	0	3.85243	0	0.3
-2211.74	1726.9	34.6425	-964.887	0	3.84862	0	0.3
-2212.43	1727.62	34.6425	-682.371	0	3.85434	0	0.3
-2213.12	1728.37	34.6425	-67.0616	0	3.84862	0	0.3
-2213.8	1729.1	34.6425	-172.406	0	3.84862	0	0.3
-2214.49	1729.84	34.6425	615.286	0	3.85434	0	0.3
-2215.19	1730.57	34.6425	1010.33	0	3.85243	0	0.3
-2215.87	1731.31	34.6425	-2241	0	3.84862	0	0.3
-2216.56	1732.03	34.6425	-871.513	0	3.85625	0	0.3
-2217.25	1732.75	34.6425	3581.7	0	3.85625	0	0.3
-2217.94	1733.48	34.6425	1611.27	0	3.86006	0	0.3
-2218.63	1734.22	34.6425	380.654	0	3.85625	0	0.3
-2219.31	1734.94	34.6425	1201.87	0	3.85625	0	0.3
-2219.99	1735.66	34.6425	945.686	0	3.85434	0	0.3
-2220.68	1736.39	34.6425	-687.16	0	3.86006	0	0.3
-2221.37	1737.12	34.6425	-1029.53	0	3.85434	0	0.3
-2222.05	1737.86	34.6425	1180.32	0	3.85243	0	0.3
-2222.73	1738.58	34.6425	3019.06	0	3.85625	0	0.3
-2223.41	1739.3	34.6425	2686.27	0	3.85625	0	0.3
-2224.1	1740.03	34.6425	1115.67	0	3.85625	0	0.3
-2224.79	1740.76	34.6425	-234.656	0	3.85243	0	0.3
-2225.48	1741.5	34.6425	-1716.67	0	3.85243	0	0.3
-2226.16	1742.23	34.6425	-598.574	0	3.85625	0	0.3
-2226.85	1742.96	34.6425	1606.49	0	3.85625	0	0.3
-2227.53	1743.69	34.6425	2197.85	0	3.85625	0	0.3
-2228.22	1744.42	34.6425	1927.31	0	3.85625	0	0.3
-2228.91	1745.14	34.6425	1120.46	0	0	0	0.3
-2229.6	1745.86	34.6425	418.961	0	3.85434	0	0.3
-2230.29	1746.58	34.6425	-244.233	0	3.85243	0	0.3
-2230.98	1747.3	34.6425	478.816	0	3.85625	0	0.3
-2231.68	1748.01	34.6425	-1221.07	0	3.85434	0	0.3
-2232.37	1748.72	34.6425	-1094.17	0	3.85434	0	0.3
-2233.07	1749.43	34.6425	1520.29	0	3.85434	0	0.3
-2233.77	1750.13	34.6425	866.677	0	3.86387	0	0.3
-2234.48	1750.85	34.6425	344.741	0	3.85625	0	0.3
-2235.19	1751.54	34.6425	-158.041	0	0	0	0.3
-2235.89	1752.23	34.6425	-134.099	0	3.85243	0	0.3
-2236.6	1752.93	34.6425	778.092	0	3.85243	0	0.3
-2237.31	1753.63	34.6425	1295.24	0	3.85434	0	0.3
-2238.02	1754.33	34.6425	1012.72	0	3.84862	0	0.3
-2238.74	1755.02	34.6425	474.028	0	3.85243	0	0.3
-2239.45	1755.71	34.6425	-584.209	0	3.86006	0	0.3
-2240.15	1756.41	34.6425	52.6485	0	3.85625	0	0.3
-2240.86	1757.13	34.6425	1968.01	0	3.86006	0	0.3
-2241.55	1757.82	34.6425	1695.07	0	3.86006	0	0.3
-2242.25	1758.52	34.6425	1400.58	0	3.85243	0	0.3
-2242.95	1759.23	34.6425	1426.92	0	3.85625	0	0.3
-2243.65	1759.94	34.6425	203.483	0	3.85625	0	0.3
-2244.35	1760.65	34.6425	-1920.17	0	3.85434	0	0.3
-2245.04	1761.36	34.6425	251.367	0	3.85625	0	0.3
-2245.73	1762.07	34.6425	2918.51	0	3.85243	0	0.3
-2246.43	1762.78	34.6425	2066.17	0	3.85434	0	0.3
-2247.11	1763.52	34.6425	1584.94	0	3.85625	0	0.3
-2247.8	1764.23	34.6425	1527.48	0	0	0	0.3
-2248.49	1764.94	34.6425	1620.85	0	3.85243	0	0.3
-2249.17	1765.67	34.6425	1312	0	3.85243	0	0.3
-2249.86	1766.4	34.6425	210.666	0	3.85625	0	0.3
-2250.54	1767.13	34.6425	775.697	0	3.85625	0	0.3
-2251.23	1767.86	34.6425	-313.664	0	3.86006	0	0.3
-2251.91	1768.59	34.6425	-790.111	0	3.85625	0	0.3
-2252.6	1769.32	34.6425	1582.54	0	3.85625	0	0.3
-2253.28	1770.07	34.6425	1168.35	0	3.85243	0	0.3
-2253.97	1770.79	34.6425	634.44	0	0	0	0.3
-2254.65	1771.51	34.6425	1051.03	0	3.85434	0	0.3
-2255.33	1772.25	34.6425	646.411	0	3.85243	0	0.3
-2256.01	1772.98	34.6425	385.443	0	3.85434	0	0.3
-2256.7	1773.72	34.6425	543.46	0	3.85434	0	0.3
-2257.39	1774.45	34.6425	-88.6094	0	3.85434	0	0.3
-2258.08	1775.17	34.6425	-426.192	0	3.85053	0	0.3
-2258.77	1775.9	34.6425	-945.734	0	3.85243	0	0.3
-2259.46	1776.64	34.6425	-976.858	0	3.85243	0	0.3
-2260.15	1777.36	34.6425	845.129	0	3.85625	0	0.3
-2260.83	1778.08	34.6425	2015.89	0	3.85243	0	0.3
-2261.52	1778.82	34.6425	2269.68	0	3.85625	0	0.3
-2262.21	1779.56	34.6425	1620.85	0	3.85625	0	0.3
-2262.9	1780.28	34.6425	493.182	0	3.86006	0	0.3
-2263.59	1781.02	33.9306	-2262.54	-711.964	3.85434	0	0.3
-2264.28	1781.74	31.038	-773.351	-2892.57	3.85625	0	0.3
-2264.97	1782.47	34.6425	2319.96	3604.53	3.85243	0	0.3
-2265.65	1783.22	34.6425	1510.72	0	3.85243	0	0.3
-2266.34	1783.93	34.6425	1881.82	0	3.85243	0	0.3
-2267.02	1784.65	34.6425	1855.48	0	3.85243	0	0.3
-2267.71	1785.38	34.6425	1051.03	0	3.85243	0	0.3
-2268.4	1786.1	34.6425	835.552	0	3.85243	0	0.3
-2269.09	1786.82	34.6425	2492.34	0	3.85243	0	0.3
-2269.78	1787.53	34.6425	1431.71	0	3.85243	0	0.3
-2270.48	1788.24	34.6425	-763.774	0	3.85625	0	0.3
-2271.17	1788.95	34.6425	-1867.5	0	3.85434	0	0.3
-2271.87	1789.67	34.6425	-2128.47	0	3.85625	0	0.3
-2272.58	1790.36	34.6425	-699.131	0	3.85625	0	0.3
-2273.29	1791.07	34.6425	-931.368	0	3.85434	0	0.3
-2273.99	1791.76	34.6425	316.011	0	3.85625	0	0.3
-2274.69	1792.46	34.6425	2990.33	0	3.85815	0	0.3
-2275.4	1793.17	34.6425	2935.27	0	3.85625	0	0.3
-2276.11	1793.86	34.6425	1599.3	0	3.85434	0	0.3
-2276.82	1794.56	34.6425	1407.77	0	3.85243	0	0.3
-2277.52	1795.26	34.6425	1577.76	0	3.85434	0	0.3
-2278.22	1795.98	34.6425	1537.05	0	3.85434	0	0.3
-2278.93	1796.67	34.6425	960.051	0	3.85434	0	0.3
-2279.64	1797.36	34.6425	-165.224	0	3.85625	0	0.3
-2280.34	1798.08	34.6425	-735.044	0	3.85434	0	0.3
-2281.04	1798.79	34.6425	122.08	0	3.85434	0	0.3
-2281.74	1799.5	34.6425	1228.2	0	3.85243	0	0.3
-2282.44	1800.21	34.6425	117.292	0	3.85434	0	0.3
-2283.14	1800.92	34.6425	-1053.47	0	3.84862	0	0.3
-2283.83	1801.64	34.6425	687.112	0	3.85625	0	0.3
-2284.53	1802.37	34.6425	1742.95	0	3.85625	0	0.3
-2285.22	1803.08	34.6425	1446.07	0	3.86006	0	0.3
-2285.91	1803.8	34.6425	1541.84	0	3.85434	0	0.3
-2286.59	1804.53	34.6425	1232.99	0	3.85243	0	0.3
-2287.28	1805.26	34.6425	404.596	0	3.85625	0	0.3
-2287.97	1805.99	34.6425	-378.308	0	3.84862	0	0.3
-2288.66	1806.73	34.6425	768.515	0	3.85434	0	0.3
-2289.35	1807.45	34.6425	1977.59	0	3.85434	0	0.3
-2290.03	1808.18	34.6425	1498.75	0	3.85625	0	0.3
-2290.72	1808.93	34.6425	1082.16	0	3.85434	0	0.3
-2291.41	1809.66	34.6425	1628.03	0	3.85243	0	0.3
-2292.09	1810.38	34.6425	1968.01	0	3.85243	0	0.3
-2292.78	1811.13	34.6425	-1637.66	0	3.85053	0	0.3
-2293.47	1811.86	34.6425	-1113.33	0	3.85434	0	0.3
-2294.16	1812.59	34.6425	2422.91	0	3.85625	0	0.3
-2294.84	1813.33	34.6425	1261.72	0	3.85434	0	0.3
-2295.53	1814.06	34.6425	598.526	0	3.85434	0	0.3
-2296.21	1814.8	34.6425	1271.3	0	3.86006	0	0.3
-2296.89	1815.54	34.6425	1067.79	0	3.85625	0	0.3
-2297.57	1816.27	34.6425	90.9557	0	0	0	0.3
-2298.25	1816.99	34.6425	289.674	0	3.85625	0	0.3
-2298.93	1817.74	34.6425	169.964	0	3.85625	0	0.3
-2299.61	1818.47	34.6425	-330.424	0	3.85434	0	0.3
-2300.3	1819.21	34.6425	-57.4848	0	3.85243	0	0.3
-2300.98	1819.95	34.6425	289.674	0	3.85625	0	0.3
-2301.67	1820.67	34.6425	330.376	0	3.85243	0	0.3
-2302.36	1821.42	34.6425	-2679.14	0	3.85243	0	0.3
-2303.04	1822.16	34.6425	-1443.73	0	3.85243	0	0.3
-2303.72	1822.88	34.6425	1644.79	0	0	0	0.3
-2304.41	1823.6	34.6425	1386.22	0	3.85243	0	0.3
-2305.1	1824.34	34.6425	2518.68	0	3.85053	0	0.3
-2305.78	1825.07	34.6425	2578.53	0	3.84862	0	0.3
-2306.47	1825.79	34.6425	1857.88	0	3.85434	0	0.3
-2307.17	1826.51	34.6425	-110.157	0	3.85625	0	0.3
-2307.85	1827.23	34.6425	-1142.06	0	3.85625	0	0.3
-2308.54	1827.94	34.6425	-1697.51	0	3.86006	0	0.3
-2309.24	1828.67	34.6425	-871.513	0	3.85243	0	0.3
-2309.93	1829.37	34.6425	1493.96	0	3.85434	0	0.3
-2310.63	1830.07	34.6425	1687.89	0	3.85243	0	0.3
-2311.32	1830.78	34.6425	699.083	0	3.85434	0	0.3
-2312.02	1831.48	34.6425	55.0427	0	3.85434	0	0.3
-2312.72	1832.18	34.6425	184.33	0	3.85434	0	0.3
-2313.43	1832.88	34.6425	485.999	0	3.85243	0	0.3
-2314.14	1833.58	34.6425	234.608	0	3.85243	0	0.3
-2314.84	1834.28	34.6425	359.106	0	3.85243	0	0.3
-2315.56	1835	34.6425	1620.85	0	3.85053	0	0.3
-2316.27	1835.69	34.6425	1247.36	0	0	0	0.3
-2316.98	1836.39	34.6425	852.312	0	3.85243	0	0.3
-2317.69	1837.1	34.6425	1362.28	0	3.86196	0	0.3
-2318.39	1837.8	34.6425	1074.97	0	3.85625	0	0.3
-2319.1	1838.53	34.6425	1216.23	0	3.86387	0	0.3
-2319.8	1839.24	34.6425	1769.29	0	3.85625	0	0.3
-2320.51	1839.95	34.6425	1165.95	0	3.85625	0	0.3
-2321.22	1840.67	34.6425	785.274	0	3.86006	0	0.3
-2321.93	1841.4	34.6425	-672.795	0	3.86006	0	0.3
-2322.64	1842.1	34.6425	-593.786	0	0	0	0.3
-2323.35	1842.82	34.6425	1096.52	0	3.86006	0	0.3
-2324.06	1843.55	34.6425	756.544	0	3.85434	0	0.3
-2324.76	1844.27	34.6425	1027.09	0	3.85243	0	0.3
-2325.47	1845	34.6425	1072.58	0	3.85243	0	0.3
-2326.16	1845.73	34.6425	1740.56	0	3.85434	0	0.3
-2326.85	1846.46	34.6425	2487.55	0	3.85434	0	0.3
-2327.55	1847.18	34.6425	775.697	0	3.85243	0	0.3
-2328.24	1847.93	34.6425	-881.09	0	3.85434	0	0.3
-2328.94	1848.65	34.6425	557.825	0	0	0	0.3
-2329.63	1849.39	34.6425	1493.96	0	3.85625	0	0.3
-2330.32	1850.11	34.6425	737.39	0	3.85434	0	0.3
-2331.01	1850.85	34.6425	-284.934	0	3.85625	0	0.3
-2331.7	1851.58	34.6425	-1549.07	0	3.85434	0	0.3
-2332.39	1852.31	34.6425	102.927	0	3.85243	0	0.3
-2333.08	1853.04	34.6425	2035.05	0	3.85434	0	0.3
-2333.76	1853.76	34.6425	1170.74	0	3.85243	0	0.3
-2334.45	1854.51	34.6425	462.057	0	3.85243	0	0.3
-2335.14	1855.23	34.6425	1055.82	0	3.85243	0	0.3
-2335.82	1855.95	34.6425	1371.85	0	3.85434	0	0.3
-2336.51	1856.68	34.6425	639.228	0	3.85434	0	0.3
-2337.21	1857.41	34.6425	1094.13	0	3.85243	0	0.3
-2337.91	1858.15	34.6425	-605.757	0	3.85434	0	0.3
-2338.6	1858.88	34.6425	-426.192	0	3.85625	0	0.3
-2339.33	1859.6	34.6425	1838.72	0	0.611891	0	0.3
-2339.98	1860.34	34.6425	1704.65	0	3.85625	0	0.3
-2340.67	1861.09	34.6425	1419.74	0	3.85434	0	0.3
-2341.36	1861.81	34.6425	2.37026	0	0	0	0.3
-2342.05	1862.53	34.6425	-531.537	0	3.85625	0	0.3
-2342.75	1863.27	34.6425	-136.493	0	3.85625	0	0.3
-2343.44	1864	34.6425	-88.6094	0	3.85053	0	0.3
-2344.13	1864.73	34.6425	454.874	0	3.85625	0	0.3
-2344.83	1865.44	34.6425	893.013	0	3.85434	0	0.3
-2345.53	1866.15	34.6425	1252.14	0	3.84862	0	0.3
-2346.22	1866.85	34.6425	2722.18	0	3.85243	0	0.3
-2346.92	1867.57	34.6425	1941.67	0	3.85243	0	0.3
-2347.62	1868.26	34.6425	-445.345	0	0	0	0.3
-2348.31	1868.96	34.6425	-550.69	0	3.85243	0	0.3
-2349.01	1869.66	34.6425	-4.81234	0	3.85625	0	0.3
-2349.72	1870.36	34.6425	-2305.64	0	3.85434	0	0.3
-2350.42	1871.07	34.6425	-3055.03	0	3.85625	0	0.3
-2351.12	1871.75	34.6425	349.53	0	3.85625	0	0.3
-2351.83	1872.45	34.6425	2334.32	0	3.85625	0	0.3
-2352.53	1873.14	34.6425	1798.02	0	3.85625	0	0.3
-2353.24	1873.85	34.6425	1632.82	0	3.85434	0	0.3
-2353.95	1874.53	34.6425	1857.88	0	3.85625	0	0.3
-2354.66	1875.21	34.6425	1594.51	0	3.85243	0	0.3
-2355.37	1875.91	34.6425	675.141	0	3.85243	0	0.3
-2356.09	1876.61	34.6425	375.866	0	3.85625	0	0.3
-2356.8	1877.32	34.6425	641.622	0	3.85243	0	0.3
-2357.51	1878.02	34.6425	339.953	0	3.85243	0	0.3
-2358.21	1878.72	34.6425	952.868	0	3.85625	0	0.3
-2358.92	1879.43	34.6425	1271.3	0	3.85243	0	0.3
-2359.62	1880.15	34.6425	375.866	0	3.85243	0	0.3
-2360.33	1880.85	34.6425	-509.989	0	3.85625	0	0.3
-2361.04	1881.56	34.6425	237.002	0	3.86006	0	0.3
-2361.77	1882.28	34.6425	1237.78	0	0.19062	0	0.3
-2362.44	1882.99	34.6425	1316.79	0	3.86196	0	0.3
-2363.14	1883.72	34.6425	1513.11	0	3.85625	0	0.3
-2363.83	1884.44	34.6425	514.729	0	3.86006	0	0.3
-2364.52	1885.16	34.6425	-854.754	0	3.85434	0	0.3
-2365.21	1885.89	34.6425	548.248	0	3.85243	0	0.3
-2365.9	1886.63	34.6425	2571.35	0	3.85625	0	0.3
-2366.59	1887.35	34.6425	2269.68	0	3.85243	0	0.3
-2367.27	1888.07	34.6425	1690.28	0	3.85243	0	0.3
-2367.95	1888.8	34.6425	1357.49	0	3.85243	0	0.3
-2368.63	1889.54	34.6425	1043.85	0	3.85434	0	0.3
-2369.32	1890.27	34.6425	1379.04	0	3.84862	0	0.3
-2370	1891	34.6425	-1740.61	0	3.85434	0	0.3
-2370.68	1891.73	34.6425	-2583.37	0	3.85243	0	0.3
-2371.36	1892.46	34.6425	1139.62	0	3.85243	0	0.3
-2372.04	1893.2	34.6425	2892.17	0	3.85625	0	0.3
-2372.72	1893.92	34.6425	2126.03	0	3.85625	0	0.3
-2373.4	1894.64	34.6425	406.99	0	3.85625	0	0.3
-2374.07	1895.37	34.6425	160.388	0	3.85625	0	0.3
-2374.75	1896.09	34.6425	514.729	0	3.85625	0	0.3
-2375.43	1896.83	34.6425	605.709	0	3.85243	0	0.3
-2376.11	1897.56	34.6425	320.799	0	3.85243	0	0.3
-2376.79	1898.28	34.6425	-957.705	0	3.85434	0	0.3
-2377.47	1899.01	34.6425	-852.36	0	3.85625	0	0.3
-2378.15	1899.75	34.6425	-763.774	0	3.85625	0	0.3
-2378.83	1900.47	34.6425	-1553.86	0	3.85243	0	0.3
-2379.52	1901.18	34.6425	21.5239	0	3.85434	0	0.3
-2380.2	1901.91	34.6425	1647.19	0	3.85434	0	0.3
-2380.88	1902.64	34.6425	1898.58	0	3.85243	0	0.3
-2381.56	1903.36	34.6425	2061.38	0	3.85243	0	0.3
-2382.24	1904.08	34.6425	2224.19	0	3.85243	0	0.3
-2382.92	1904.8	34.6425	1455.65	0	3.85625	0	0.3
-2383.64	1905.53	34.6425	409.385	0	0.182995	0	0.3
-2384.29	1906.25	34.6425	-57.4848	0	3.85625	0	0.3
-2384.97	1906.95	34.6425	919.35	0	3.85434	0	0.3
-2385.66	1907.65	34.6425	888.225	0	3.85434	0	0.3
-2386.34	1908.37	34.6425	-146.07	0	3.85625	0	0.3
-2387.03	1909.07	34.6425	435.721	0	3.85434	0	0.3
-2387.71	1909.79	34.6425	155.599	0	3.85434	0	0.3
-2388.4	1910.49	34.6425	-2480.42	0	3.85243	0	0.3
-2389.1	1911.19	34.6425	-2071.01	0	3.85434	0	0.3
-2389.8	1911.89	34.6425	529.095	0	3.85625	0	0.3
-2390.49	1912.61	34.6425	1632.82	0	3.85625	0	0.3
-2391.2	1913.29	34.6425	1900.97	0	0	0	0.3
-2391.9	1913.99	34.6425	1065.4	0	3.85434	0	0.3
-2392.61	1914.69	34.6425	1161.16	0	3.85434	0	0.3
-2393.32	1915.39	34.6425	2023.08	0	3.85434	0	0.3
-2394.03	1916.1	34.6425	1927.31	0	3.85243	0	0.3
-2394.74	1916.8	34.6425	222.637	0	3.85625	0	0.3
-2395.49	1917.5	34.6425	-435.769	0	0.335491	0	0.3
-2396.16	1918.22	34.6425	612.892	0	3.85434	0	0.3
-2396.86	1918.94	34.6425	1606.49	0	3.85625	0	0.3
-2397.57	1919.64	34.6425	1280.87	0	0	0	0.3
-2398.28	1920.35	34.6425	1391.01	0	3.85625	0	0.3
-2398.99	1921.07	34.6425	-229.867	0	3.88484	0	0.3
-2399.7	1921.79	34.6425	-509.989	0	3.85434	0	0.3
-2400.4	1922.51	34.6425	1565.78	0	3.84862	0	0.3
-2401.1	1923.22	34.6425	1505.93	0	3.84862	0	0.3
-2401.8	1923.92	34.6425	100.533	0	3.85434	0	0.3
-2402.5	1924.63	34.6425	38.2833	0	3.85625	0	0.3
-2403.19	1925.35	34.6425	1642.4	0	3.85625	0	0.3
-2403.89	1926.06	34.6425	1417.34	0	0	0	0.3
-2404.58	1926.76	34.6425	2329.53	0	3.85053	0	0.3
-2405.26	1927.49	34.6425	3952.8	0	3.85434	0	0.3
-2405.95	1928.21	34.6425	2571.35	0	3.86196	0	0.3
-2406.63	1928.93	34.6425	316.011	0	3.85625	0	0.3
-2407.31	1929.67	34.6425	-282.54	0	3.85625	0	0.3
-2408	1930.38	34.6425	421.356	0	3.85625	0	0.3
-2408.68	1931.09	34.6425	-976.858	0	3.85625	0	0.3
-2409.37	1931.83	34.6425	-1170.79	0	3.85625	0	0.3
-2410.05	1932.53	34.6425	991.176	0	3.86387	0	0.3
-2410.73	1933.23	34.6425	861.889	0	3.85625	0	0.3
-2411.41	1933.93	34.6425	251.367	0	3.85243	0	0.3
-2412.09	1934.63	34.6425	268.127	0	3.85434	0	0.3
-2412.77	1935.34	34.6425	615.286	0	3.85243	0	0.3
-2413.44	1936.04	34.6425	430.932	0	3.85625	0	0.3
-2414.12	1936.74	34.6425	644.016	0	3.85434	0	0.3
-2414.8	1937.45	34.6425	-167.618	0	3.85243	0	0.3
-2415.48	1938.17	34.6425	-1470.06	0	3.85243	0	0.3
-2416.16	1938.87	34.6425	-1108.54	0	3.85243	0	0.3
-2416.84	1939.56	34.6425	-957.705	0	3.86006	0	0.3
-2417.53	1940.28	34.6425	301.645	0	3.85625	0	0.3
-2418.21	1940.99	34.6425	-457.316	0	3.85434	0	0.3
-2418.9	1941.7	34.6425	-694.342	0	3.85625	0	0.3
-2419.58	1942.41	34.6425	945.686	0	3.85434	0	0.3
-2420.27	1943.11	34.6425	909.773	0	3.86196	0	0.3
-2420.96	1943.81	34.6425	1242.57	0	3.85434	0	0.3
-2421.64	1944.53	34.6425	2832.32	0	3.85625	0	0.3
-2422.32	1945.22	34.6425	4625.57	0	3.85434	0	0.3
-2423	1945.9	34.6425	2892.17	0	3.85434	0	0.3
-2423.69	1946.61	34.6425	-1051.08	0	3.85243	0	0.3
-2424.38	1947.3	34.6425	-593.786	0	3.85243	0	0.3
-2425.08	1948	34.6425	1314.39	0	3.85434	0	0.3
-2425.77	1948.68	34.6425	411.779	0	3.85243	0	0.3
-2426.46	1949.37	34.6425	414.173	0	3.86006	0	0.3
-2427.18	1950.07	34.6425	222.637	0	0.221119	0	0.3
-2427.84	1950.75	34.6425	-689.554	0	3.86006	0	0.3
-2428.53	1951.44	34.6425	-1654.42	0	3.85625	0	0.3
-2429.23	1952.11	34.6425	-67.0616	0	3.85625	0	0.3
-2429.92	1952.8	34.6425	1711.83	0	3.85625	0	0.3
-2430.62	1953.49	34.6425	957.657	0	3.85625	0	0.3
-2431.32	1954.18	34.6425	888.225	0	3.85434	0	0.3
-2432.01	1954.87	34.6425	1223.41	0	3.85625	0	0.3
-2432.72	1955.56	34.6425	1515.51	0	3.85434	0	0.3
-2433.43	1956.25	34.6425	1146.8	0	3.85243	0	0.3
-2434.14	1956.95	34.6425	1956.04	0	3.85243	0	0.3
-2434.84	1957.64	34.6425	2782.04	0	3.84862	0	0.3
-2435.55	1958.32	34.6425	1601.7	0	3.85434	0	0.3
-2436.26	1959.03	34.6425	553.037	0	3.84862	0	0.3
-2436.97	1959.74	34.6425	-1817.22	0	3.85625	0	0.3
-2437.67	1960.44	34.6425	-1862.71	0	3.85625	0	0.3
-2438.37	1961.16	34.6425	1663.95	0	3.85625	0	0.3
-2439.06	1961.86	34.6425	2741.34	0	3.86196	0	0.3
-2439.76	1962.58	34.6425	1853.09	0	3.85625	0	0.3
-2440.45	1963.31	34.6425	1417.34	0	3.85243	0	0.3
-2441.14	1964.02	34.6425	1127.65	0	0	0	0.3
-2441.82	1964.72	34.6425	924.138	0	3.85434	0	0.3
-2442.51	1965.45	34.6425	811.61	0	3.84862	0	0.3
-2443.19	1966.17	34.6425	967.234	0	3.85243	0	0.3
-2443.86	1966.89	34.6425	1163.56	0	3.85434	0	0.3
-2444.55	1967.61	34.6425	569.796	0	3.85434	0	0.3
-2445.22	1968.33	34.6425	-569.844	0	3.84671	0	0.3
-2445.91	1969.05	34.6425	-919.397	0	3.84862	0	0.3
-2446.59	1969.78	34.6425	-672.795	0	3.85434	0	0.3
-2447.27	1970.49	34.6425	-1910.6	0	0	0	0.3
-2447.95	1971.19	34.6425	-857.148	0	3.85434	0	0.3
-2448.62	1971.91	34.6425	2039.84	0	3.85243	0	0.3
-2449.29	1972.63	34.6425	2987.94	0	3.86006	0	0.3
-2450	1973.33	34.6425	2987.94	0	3.86006	0	0.3
-2450.64	1974.05	34.6425	1149.19	0	3.85625	0	0.3
-2451.31	1974.77	34.6425	1640	0	3.85625	0	0.3
-2451.98	1975.47	34.6425	658.382	0	3.85815	0	0.3
-2452.65	1976.21	34.6425	172.359	0	3.85434	0	0.3
-2453.33	1976.91	34.6425	368.683	0	3.85625	0	0.3
-2454	1977.61	34.6425	284.886	0	3.85434	0	0.3
-2454.67	1978.34	34.6425	1371.85	0	3.84481	0	0.3
-2455.35	1979.05	34.6425	2834.71	0	3.85625	0	0.3
-2456.03	1979.77	34.6425	-972.07	0	3.85243	0	0.3
-2456.71	1980.49	34.6425	-2272.12	0	3.85243	0	0.3
-2457.38	1981.2	34.6425	1149.19	0	3.85243	0	0.3
-2458.05	1981.92	34.6425	1304.82	0	3.85243	0	0.3
-2458.72	1982.65	34.6425	675.141	0	3.84671	0	0.3
-2459.39	1983.34	34.6425	-35.937	0	3.85243	0	0.3
-2460.06	1984.04	34.6425	-636.882	0	3.85625	0	0.3
-2460.77	1984.76	34.6425	-636.882	0	0.0934039	0	0.3
-2461.4	1985.45	34.6425	962.445	0	3.85625	0	0.3
-2462.07	1986.16	34.6425	1304.82	0	3.85434	0	0.3
-2462.74	1986.86	34.6425	885.831	0	3.85434	0	0.3
-2463.41	1987.55	34.6425	62.2253	0	3.85243	0	0.3
-2464.09	1988.24	34.6425	181.935	0	3.85243	0	0.3
-2464.77	1988.94	34.6425	1218.62	0	3.84862	0	0.3
-2465.45	1989.61	34.6425	-110.157	0	3.84862	0	0.3
-2466.13	1990.29	34.6425	1699.86	0	3.85243	0	0.3
-2466.81	1990.98	34.6425	3562.55	0	3.84862	0	0.3
-2467.49	1991.67	34.6425	1680.71	0	3.85243	0	0.3
-2468.17	1992.36	34.6425	1005.54	0	3.84862	0	0.3
-2468.86	1993.04	34.6425	186.724	0	3.85434	0	0.3
-2469.54	1993.73	34.6425	-1472.46	0	3.85434	0	0.3
-2470.23	1994.42	34.6425	-1948.9	0	3.85434	0	0.3
-2470.92	1995.12	34.6425	-416.615	0	3.85434	0	0.3
-2471.61	1995.8	34.6425	962.445	0	3.86006	0	0.3
-2472.31	1996.49	34.6425	1400.58	0	3.86006	0	0.3
-2473	1997.2	34.6425	1532.27	0	3.86006	0	0.3
-2473.7	1997.89	34.6425	1357.49	0	3.85625	0	0.3
-2474.4	1998.6	34.6425	325.587	0	3.85243	0	0.3
-2475.11	1999.3	34.6425	-826.024	0	3.85243	0	0.3
-2475.82	2000	34.3818	-986.435	-260.735	3.84862	0	0.3
-2476.54	2000.7	34.6425	1089.34	260.735	3.85243	0	0.3
-2477.24	2001.43	34.6425	1910.55	0	3.84862	0	0.3
-2477.94	2002.14	34.6425	2116.45	0	3.85625	0	0.3
-2478.63	2002.84	34.6425	3380.59	0	3.85625	0	0.3
-2479.32	2003.57	34.6425	1587.33	0	3.85625	0	0.3
-2480.02	2004.28	34.6425	-1175.58	0	3.85243	0	0.3
-2480.7	2005	34.6425	-260.992	0	3.85243	0	0.3
-2481.39	2005.72	34.6425	2114.06	0	3.85625	0	0.3
-2482.07	2006.44	34.6425	1936.89	0	3.86196	0	0.3
-2482.78	2007.17	34.6425	940.897	0	0.121997	0	0.3
-2483.43	2007.9	34.6425	512.335	0	3.85625	0	0.3
-2484.1	2008.6	34.6425	-533.931	0	3.85625	0	0.3
-2484.78	2009.31	34.6425	-1673.57	0	3.86006	0	0.3
-2485.45	2010.04	34.6425	-19.1776	0	3.86196	0	0.3
-2486.13	2010.75	34.6425	1584.94	0	3.85434	0	0.3
-2486.8	2011.47	34.6425	1295.24	0	3.85243	0	0.3
-2487.47	2012.19	34.6425	983.993	0	3.84862	0	0.3
-2488.14	2012.9	34.6425	833.158	0	3.85434	0	0.3
-2488.8	2013.62	34.6425	1189.89	0	3.85053	0	0.3
-2489.47	2014.34	34.6425	1170.74	0	3.84862	0	0.3
-2490.14	2015.05	34.6425	701.477	0	0	0	0.3
-2490.81	2015.75	34.6425	339.953	0	3.84862	0	0.3
-2491.47	2016.47	34.6425	636.834	0	3.85243	0	0.3
-2492.14	2017.18	34.6425	1235.38	0	3.84862	0	0.3
-2492.81	2017.89	34.6425	-14.3892	0	3.85434	0	0.3
-2493.48	2018.61	34.6425	969.628	0	3.85625	0	0.3
-2494.15	2019.31	34.6425	64.6195	0	3.85434	0	0.3
-2494.83	2020.03	34.6425	-2193.11	0	3.85243	0	0.3
-2495.49	2020.75	34.6425	277.703	0	3.85625	0	0.3
-2496.16	2021.45	34.6425	1766.9	0	3.85625	0	0.3
-2496.82	2022.15	34.6425	2367.84	0	3.84671	0	0.3
-2497.48	2022.87	34.6425	2279.26	0	3.85625	0	0.3
-2498.14	2023.57	34.6425	1106.1	0	3.85434	0	0.3
-2498.8	2024.27	34.6425	272.915	0	3.85243	0	0.3
-2499.45	2024.97	34.6425	122.08	0	3.85434	0	0.3
-2500.11	2025.66	34.6425	-45.5138	0	3.84862	0	0.3
-2500.77	2026.35	34.6425	323.193	0	3.85243	0	0.3
-2501.43	2027.05	34.6425	62.2253	0	3.85053	0	0.3
-2502.1	2027.73	34.6425	-411.827	0	0	0	0.3
-2502.76	2028.4	34.6425	-189.166	0	3.85434	0	0.3
-2503.43	2029.09	34.6425	2142.79	0	3.85434	0	0.3
-2504.1	2029.77	34.6425	797.245	0	3.85625	0	0.3
-2504.77	2030.46	34.6425	-672.795	0	3.85434	0	0.3
-2505.44	2031.14	34.6425	1793.23	0	3.85625	0	0.3
-2506.12	2031.82	34.6425	2193.06	0	3.85625	0	0.3
-2506.79	2032.51	34.6425	1232.99	0	3.85625	0	0.3
-2507.47	2033.2	34.6425	701.477	0	3.85243	0	0.3
-2508.14	2033.88	34.6425	1082.16	0	3.85243	0	0.3
-2508.82	2034.55	34.6425	327.982	0	3.85053	0	0.3
-2509.5	2035.25	34.6425	483.605	0	3.85243	0	0.3
-2510.18	2035.93	34.6425	1235.38	0	3.84862	0	0.3
-2510.87	2036.63	34.6425	1235.38	0	3.84862	0	0.3
-2511.55	2037.32	34.6425	373.472	0	3.85243	0	0.3
-2512.25	2038.01	34.6425	-399.856	0	3.85625	0	0.3
-2512.95	2038.71	34.6425	-756.592	0	3.84862	0	0.3
-2513.66	2039.42	34.6425	-368.731	0	3.85625	0	0.3
-2514.38	2040.12	34.6425	677.535	0	3.85625	0	0.3
-2515.08	2040.81	34.6425	397.414	0	3.86006	0	0.3
-2515.79	2041.53	34.6425	1115.67	0	3.85625	0	0.3
-2516.5	2042.23	34.6425	2726.97	0	3.85625	0	0.3
-2517.2	2042.95	34.6425	2573.74	0	3.85243	0	0.3
-2517.9	2043.67	34.6425	1503.53	0	3.85434	0	0.3
-2518.61	2044.38	34.6425	-493.229	0	3.84862	0	0.3
-2519.3	2045.1	34.6425	-763.774	0	3.85243	0	0.3
-2520	2045.83	34.6425	655.987	0	3.85434	0	0.3
-2520.7	2046.54	34.6425	588.95	0	0	0	0.3
-2521.39	2047.24	34.6425	816.399	0	3.84862	0	0.3
-2522.08	2047.97	34.6425	1788.44	0	3.84862	0	0.3
-2522.77	2048.68	34.6425	1783.66	0	3.84862	0	0.3
-2523.46	2049.41	34.6425	1244.96	0	3.85434	0	0.3
-2524.15	2050.13	34.6425	1019.91	0	3.84862	0	0.3
-2524.83	2050.84	34.6425	469.24	0	3.85625	0	0.3
-2525.51	2051.56	34.6425	67.0137	0	3.85434	0	0.3
-2526.2	2052.29	34.6425	112.504	0	3.86387	0	0.3
-2526.87	2052.99	34.6425	304.04	0	0	0	0.3
-2527.55	2053.7	34.6425	339.953	0	3.86006	0	0.3
-2528.23	2054.42	34.6425	-14.3892	0	3.85625	0	0.3
-2528.91	2055.13	34.6425	155.599	0	3.85434	0	0.3
-2529.59	2055.85	34.6425	902.59	0	3.85434	0	0.3
-2530.27	2056.57	34.6425	981.599	0	3.85243	0	0.3
-2530.94	2057.28	34.6425	323.193	0	3.85243	0	0.3
-2531.62	2058	34.6425	-201.137	0	3.85243	0	0.3
-2532.3	2058.72	34.6425	430.932	0	3.85243	0	0.3
-2532.99	2059.43	34.6425	-2705.47	0	3.85625	0	0.3
-2533.68	2060.13	34.6425	-2214.66	0	3.85625	0	0.3
-2534.36	2060.85	34.6425	1869.85	0	3.85434	0	0.3
-2535.04	2061.56	34.6425	1223.41	0	3.85243	0	0.3
-2535.72	2062.27	34.6425	799.639	0	3.85434	0	0.3
-2536.4	2062.98	34.6425	1604.09	0	3.85625	0	0.3
-2537.08	2063.68	34.6425	2595.29	0	3.86006	0	0.3
-2537.75	2064.38	34.6425	2430.09	0	3.85625	0	0.3
-2538.43	2065.1	34.6425	1999.13	0	3.85625	0	0.3
-2539.09	2065.79	34.6425	1419.74	0	3.85434	0	0.3
-2539.77	2066.48	34.6425	253.761	0	3.85434	0	0.3
-2540.44	2067.18	34.6425	-2133.26	0	3.84862	0	0.3
-2541.11	2067.86	34.6425	-2147.62	0	3.85434	0	0.3
-2541.78	2068.55	34.6425	-1438.94	0	3.85434	0	0.3
-2542.46	2069.24	33.2665	617.68	-1376.05	3.84862	0	0.3
-2543.14	2069.92	30.7783	2094.9	-2488.16	3.85434	0	0.3
-2543.82	2070.61	34.6425	390.231	3864.2	3.85243	0	0.3
-2544.5	2071.31	34.6425	548.248	0	3.85243	0	0.3
-2545.18	2071.98	34.6425	1462.83	0	3.85434	0	0.3
-2545.85	2072.66	34.6425	883.437	0	3.85243	0	0.3
-2546.54	2073.35	34.6425	-890.667	0	3.85434	0	0.3
-2547.22	2074.04	34.6425	-529.143	0	3.85434	0	0.3
-2547.91	2074.73	34.6425	1723.8	0	3.85434	0	0.3
-2548.59	2075.42	34.6425	2925.69	0	3.85434	0	0.3
-2549.28	2076.11	34.6425	1350.31	0	3.85625	0	0.3
-2549.98	2076.8	34.6425	-612.94	0	3.85625	0	0.3
-2550.68	2077.51	34.6425	-351.972	0	3.85243	0	0.3
-2551.39	2078.2	34.6425	689.506	0	3.85434	0	0.3
-2552.1	2078.88	34.6425	993.57	0	3.84862	0	0.3
-2552.81	2079.59	34.6425	924.138	0	3.84862	0	0.3
-2553.53	2080.28	34.6425	1443.68	0	3.84862	0	0.3
-2554.25	2080.99	34.6425	2533.04	0	3.85243	0	0.3
-2554.96	2081.69	34.6425	2142.79	0	3.84862	0	0.3
-2555.67	2082.4	34.6425	59.8311	0	3.84862	0	0.3
-2556.38	2083.1	34.6425	-52.6964	0	3.85434	0	0.3
-2557.08	2083.83	34.6425	395.019	0	3.85434	0	0.3
-2557.78	2084.53	34.6425	505.153	0	3.85625	0	0.3
-2558.54	2085.26	34.6425	1113.28	0	3.85625	0	0.3
-2559.17	2085.97	34.6425	591.344	0	3.85243	0	0.3
-2559.86	2086.69	34.6425	-531.537	0	3.86006	0	0.3
-2560.55	2087.4	34.6425	-577.027	0	3.85434	0	0.3
-2561.23	2088.12	34.6425	-960.099	0	3.85625	0	0.3
-2561.93	2088.83	34.6425	-1848.35	0	3.85243	0	0.3
-2562.61	2089.54	34.6425	1029.48	0	3.84862	0	0.3
-2563.29	2090.26	34.6425	2509.1	0	3.85434	0	0.3
-2563.97	2090.96	34.6425	1424.53	0	0	0	0.3
-2564.65	2091.66	34.6425	1582.54	0	3.85243	0	0.3
-2565.33	2092.37	34.6425	1362.28	0	3.84862	0	0.3
-2566.01	2093.09	34.6425	1367.07	0	3.85625	0	0.3
-2566.68	2093.8	34.6425	1249.75	0	3.85053	0	0.3
-2567.36	2094.51	34.6425	440.509	0	3.84862	0	0.3
-2568.03	2095.22	34.6425	-239.444	0	3.85243	0	0.3
-2568.71	2095.93	34.6425	-270.569	0	3.85625	0	0.3
-2569.38	2096.66	34.6425	881.042	0	3.85625	0	0.3
-2570.06	2097.36	34.6425	1098.91	0	3.85625	0	0.3
-2570.73	2098.05	34.6425	-1101.36	0	3.86006	0	0.3
-2571.41	2098.77	34.6425	-1589.77	0	3.85434	0	0.3
-2572.09	2099.48	34.6425	38.2833	0	3.85243	0	0.3
-2572.76	2100.19	34.6425	1503.53	0	3.85434	0	0.3
-2573.44	2100.9	34.6425	2032.65	0	3.85625	0	0.3
-2574.11	2101.61	34.6425	1067.79	0	3.85243	0	0.3
-2574.78	2102.31	34.6425	-40.7254	0	3.85243	0	0.3
-2575.45	2103.03	34.6425	55.0427	0	3.85243	0	0.3
-2576.11	2103.72	34.6425	706.266	0	3.85053	0	0.3
-2576.78	2104.41	34.6425	828.37	0	3.84862	0	0.3
-2577.44	2105.11	34.6425	866.677	0	3.85434	0	0.3
-2578.11	2105.81	34.6425	782.88	0	3.85243	0	0.3
-2578.77	2106.5	34.6425	31.1007	0	3.85053	0	0.3
-2579.44	2107.19	34.6425	-1137.27	0	3.85243	0	0.3
-2580.1	2107.87	34.6425	-452.528	0	3.86006	0	0.3
-2580.78	2108.56	34.6425	3442.84	0	3.85625	0	0.3
-2581.45	2109.26	34.6425	2736.55	0	3.85625	0	0.3
-2582.11	2109.94	34.6425	239.396	0	0	0	0.3
-2582.78	2110.61	34.6425	1259.33	0	3.85434	0	0.3
-2583.45	2111.29	34.6425	469.24	0	3.85625	0	0.3
-2584.11	2111.98	34.6425	-43.1196	0	3.85434	0	0.3
-2584.78	2112.67	34.6425	469.24	0	3.85243	0	0.3
-2585.45	2113.35	34.6425	76.5905	0	3.85434	0	0.3
-2586.12	2114.04	34.6425	-423.798	0	3.85243	0	0.3
-2586.8	2114.72	34.6425	-876.302	0	3.85625	0	0.3
-2587.48	2115.42	34.6425	-1987.21	0	3.85434	0	0.3
-2588.15	2116.1	34.6425	-76.6384	0	0	0	0.3
-2588.84	2116.78	34.6425	2202.64	0	3.84862	0	0.3
-2589.52	2117.48	34.6425	1206.65	0	3.85243	0	0.3
-2590.21	2118.18	34.6425	299.251	0	3.85625	0	0.3
-2590.91	2118.87	34.6425	-47.908	0	3.85625	0	0.3
-2591.6	2119.57	34.6425	651.199	0	3.85625	0	0.3
-2592.33	2120.28	34.6425	1685.49	0	3.86196	0	0.3
-2593	2120.97	34.6425	2049.41	0	3.85625	0	0.3
-2593.7	2121.69	34.6425	1867.45	0	3.85625	0	0.3
-2594.39	2122.39	34.6425	976.81	0	3.85434	0	0.3
-2595.09	2123.09	34.6425	476.422	0	3.85243	0	0.3
-2595.79	2123.81	34.6425	768.515	0	3.85243	0	0.3
-2596.48	2124.52	34.6425	1041.45	0	3.85434	0	0.3
-2597.17	2125.24	34.6425	1144.4	0	3.85243	0	0.3
-2597.86	2125.96	34.6425	1120.46	0	3.84862	0	0.3
-2598.55	2126.67	34.6425	945.686	0	3.85243	0	0.3
-2599.23	2127.39	34.6425	708.66	0	3.85434	0	0.3
-2599.92	2128.11	34.6425	885.831	0	3.85243	0	0.3
-2600.61	2128.82	34.6425	-1223.46	0	0	0	0.3
-2601.29	2129.52	34.6425	-1261.77	0	3.85243	0	0.3
-2601.97	2130.25	34.6425	1108.49	0	3.85625	0	0.3
-2602.65	2130.96	34.6425	1422.13	0	3.85434	0	0.3
-2603.32	2131.67	34.6425	1335.94	0	3.85625	0	0.3
-2604	2132.39	34.6425	1170.74	0	3.86387	0	0.3
-2604.67	2133.1	34.6425	1254.54	0	3.84862	0	0.3
-2605.34	2133.81	34.6425	1024.69	0	3.85625	0	0.3
-2606.02	2134.54	34.6425	809.216	0	3.85243	0	0.3
-2606.69	2135.24	34.6425	-162.83	0	0	0	0.3
-2607.37	2135.95	34.6425	-1568.23	0	3.85625	0	0.3
-2608.04	2136.67	34.6425	45.4659	0	3.85243	0	0.3
-2608.72	2137.39	34.6425	1793.23	0	3.85243	0	0.3
-2609.39	2138.1	34.6425	1098.91	0	3.85243	0	0.3
-2610.07	2138.82	34.6425	979.205	0	3.85243	0	0.3
-2610.75	2139.53	34.6425	1683.1	0	3.85243	0	0.3
-2611.43	2140.24	34.6425	1929.7	0	3.84862	0	0.3
-2612.11	2140.97	34.6425	708.66	0	3.85243	0	0.3
-2612.79	2141.66	34.6425	-493.229	0	3.84862	0	0.3
-2613.46	2142.37	34.6425	-253.809	0	3.85625	0	0.3
-2614.14	2143.07	34.6425	237.002	0	3.85625	0	0.3
-2614.81	2143.78	34.6425	-656.035	0	3.85434	0	0.3
-2615.48	2144.48	34.6425	-1158.82	0	3.85243	0	0.3
-2616.15	2145.17	34.6425	-414.221	0	3.85243	0	0.3
-2616.82	2145.87	34.6425	76.5905	0	3.85243	0	0.3
-2617.49	2146.56	34.6425	842.735	0	3.85625	0	0.3
-2618.16	2147.26	34.6425	536.277	0	3.85243	0	0.3
-2618.83	2147.94	34.6425	-998.406	0	3.85434	0	0.3
-2619.5	2148.61	34.6425	280.098	0	3.85625	0	0.3
-2620.18	2149.3	34.6425	983.993	0	3.84671	0	0.3
-2620.86	2149.98	34.6425	-201.137	0	3.84862	0	0.3
-2621.53	2150.67	34.6425	356.712	0	3.85243	0	0.3
-2622.21	2151.35	34.6425	1331.15	0	3.85053	0	0.3
-2622.88	2152.03	34.6425	1486.78	0	3.85625	0	0.3
-2623.56	2152.71	34.6425	1723.8	0	3.86196	0	0.3
-2624.24	2153.41	34.6425	3059.77	0	3.85625	0	0.3
-2624.92	2154.09	34.6425	2475.58	0	3.85434	0	0.3
-2625.6	2154.77	34.6425	181.935	0	3.85625	0	0.3
-2626.28	2155.47	34.6425	-1086.99	0	3.85243	0	0.3
-2626.97	2156.17	34.6425	-514.777	0	3.85625	0	0.3
-2627.65	2156.87	34.6425	-93.3978	0	3.85243	0	0.3
-2628.34	2157.57	34.6425	184.33	0	3.85053	0	0.3
-2629.04	2158.27	34.6425	660.776	0	3.85434	0	0.3
-2629.75	2158.97	34.6425	-136.493	0	3.85053	0	0.3
-2630.46	2159.69	34.6425	141.234	0	3.85053	0	0.3
-2631.17	2160.39	34.6425	1628.03	0	3.85243	0	0.3
-2631.87	2161.09	34.6425	2097.3	0	3.85434	0	0.3
-2632.58	2161.82	34.6425	1881.82	0	3.85243	0	0.3
-2633.29	2162.54	34.6425	1989.56	0	3.84862	0	0.3
-2633.99	2163.26	34.6425	1697.47	0	3.85625	0	0.3
-2634.7	2163.98	34.6425	143.628	0	3.85625	0	0.3
-2635.41	2164.69	34.6425	-1067.84	0	3.85625	0	0.3
-2636.11	2165.4	34.6425	-1352.75	0	3.86196	0	0.3
-2636.81	2166.15	34.6425	-134.099	0	3.85625	0	0.3
-2637.51	2166.86	34.6425	1582.54	0	0	0	0.3
-2638.2	2167.56	34.6425	1156.38	0	3.85625	0	0.3
-2638.9	2168.29	34.6425	490.787	0	3.85625	0	0.3
-2639.6	2169.01	34.6425	301.645	0	3.85625	0	0.3
-2640.29	2169.72	34.6425	557.825	0	3.85625	0	0.3
-2640.98	2170.44	34.6425	1094.13	0	3.85243	0	0.3
-2641.67	2171.15	34.6425	1326.36	0	3.84862	0	0.3
-2642.36	2171.86	34.6425	895.408	0	3.85243	0	0.3
-2643.05	2172.59	34.6425	873.86	0	3.85243	0	0.3
-2643.74	2173.29	34.6425	203.483	0	3.84671	0	0.3
-2644.42	2174	34.6425	284.886	0	3.85434	0	0.3
-2645.11	2174.72	34.6425	1932.1	0	3.85625	0	0.3
-2645.79	2175.44	34.6425	1429.31	0	3.85434	0	0.3
-2646.47	2176.16	34.6425	1058.21	0	3.85434	0	0.3
-2647.15	2176.88	34.6425	1051.03	0	3.85434	0	0.3
-2647.83	2177.59	34.6425	-229.867	0	3.85625	0	0.3
-2648.51	2178.31	34.6425	-972.07	0	3.85434	0	0.3
-2649.19	2179.03	34.6425	-577.027	0	3.85625	0	0.3
-2649.87	2179.74	34.6425	541.066	0	0	0	0.3
-2650.55	2180.44	34.6425	1702.25	0	3.85243	0	0.3
-2651.23	2181.17	34.6425	1505.93	0	3.85243	0	0.3
-2651.91	2181.88	34.6425	169.964	0	3.85434	0	0.3
-2652.59	2182.59	34.6425	-380.702	0	3.84862	0	0.3
-2653.26	2183.29	34.6425	-423.798	0	3.85625	0	0.3
-2653.94	2183.99	34.6425	-1654.42	0	3.84671	0	0.3
-2654.61	2184.69	34.6425	-1335.99	0	3.85243	0	0.3
-2655.29	2185.4	34.6425	361.501	0	3.85625	0	0.3
-2655.96	2186.09	34.6425	445.298	0	3.85434	0	0.3
-2656.64	2186.79	34.6425	1481.99	0	3.85625	0	0.3
-2657.31	2187.49	34.6425	1534.66	0	3.85625	0	0.3
-2657.99	2188.18	34.6425	-509.989	0	3.85625	0	0.3
-2658.67	2188.88	34.6425	-1419.79	0	3.85625	0	0.3
-2659.34	2189.57	34.6425	404.596	0	3.85243	0	0.3
-2660.01	2190.25	34.6425	2865.84	0	3.85434	0	0.3
-2660.69	2190.95	34.6425	2564.17	0	3.85243	0	0.3
-2661.36	2191.65	34.6425	1608.88	0	3.84671	0	0.3
-2662.03	2192.33	34.6425	1043.85	0	3.85625	0	0.3
-2662.71	2193.01	34.6425	220.243	0	3.85243	0	0.3
-2663.39	2193.71	34.6425	-1096.57	0	3.85243	0	0.3
-2664.07	2194.41	34.6425	-1161.21	0	3.85243	0	0.3
-2664.75	2195.11	34.6425	284.886	0	3.85053	0	0.3
-2665.44	2195.81	34.6425	1333.55	0	3.85053	0	0.3
-2666.13	2196.52	34.6425	1405.37	0	3.85243	0	0.3
-2666.81	2197.23	34.6425	878.648	0	3.85625	0	0.3
-2667.51	2197.95	34.6425	248.973	0	3.86387	0	0.3
-2668.21	2198.64	34.6425	-107.763	0	3.85625	0	0.3
-2668.9	2199.35	34.6425	644.016	0	3.85625	0	0.3
-2669.61	2200.07	34.6425	1295.24	0	3.85625	0	0.3
-2670.31	2200.78	34.6425	1699.86	0	3.86006	0	0.3
-2671.01	2201.5	34.6425	2588.11	0	3.85243	0	0.3
-2671.72	2202.22	34.6425	1771.69	0	3.85243	0	0.3
-2672.42	2202.94	34.6425	-1843.56	0	3.85243	0	0.3
-2673.13	2203.66	34.6425	-1577.8	0	3.85434	0	0.3
-2673.83	2204.39	34.6425	723.025	0	3.85243	0	0.3
-2674.53	2205.1	34.6425	921.744	0	3.85243	0	0.3
-2675.23	2205.81	34.6425	1587.33	0	3.85243	0	0.3
-2675.92	2206.53	34.6425	1563.39	0	3.84862	0	0.3
-2676.62	2207.25	34.6425	866.677	0	3.85625	0	0.3
-2677.32	2207.97	34.6425	409.385	0	3.84671	0	0.3
-2678.02	2208.69	34.6425	-888.273	0	3.85243	0	0.3
-2678.71	2209.41	34.6425	160.388	0	3.85243	0	0.3
-2679.4	2210.12	34.6425	2923.3	0	3.85243	0	0.3
-2680.1	2210.87	34.6425	2509.1	0	3.85625	0	0.3
-2680.78	2211.57	34.6425	1156.38	0	0	0	0.3
-2681.47	2212.29	34.6425	655.987	0	3.85434	0	0.3
-2682.15	2213.01	34.6425	222.637	0	3.85243	0	0.3
-2682.84	2213.73	34.6425	-1142.06	0	3.85625	0	0.3
-2683.53	2214.45	34.6425	-943.339	0	3.85243	0	0.3
-2684.22	2215.17	34.6425	450.086	0	3.85243	0	0.3
-2684.91	2215.87	34.6425	734.996	0	3.85434	0	0.3
-2685.59	2216.59	34.6425	88.5615	0	3.85243	0	0.3
-2686.28	2217.31	34.6425	-837.995	0	3.85243	0	0.3
-2686.97	2218.01	34.6425	-1484.43	0	0	0	0.3
-2687.67	2218.71	34.6425	-1034.32	0	3.85243	0	0.3
-2688.36	2219.43	34.6425	816.399	0	3.85434	0	0.3
-2689.04	2220.14	34.6425	2166.73	0	3.85053	0	0.3
-2689.73	2220.84	34.6425	1855.48	0	3.85625	0	0.3
-2690.42	2221.54	34.6425	1417.34	0	3.85625	0	0.3
-2691.11	2222.24	34.6425	1711.83	0	3.85434	0	0.3
-2691.78	2222.94	34.6425	2003.92	0	3.85625	0	0.3
-2692.46	2223.66	34.6425	1666.34	0	3.85243	0	0.3
-2693.14	2224.34	34.6425	581.767	0	3.85434	0	0.3
-2693.82	2225.03	34.6425	-71.85	0	3.84862	0	0.3
-2694.5	2225.73	34.6425	-311.27	0	3.84862	0	0.3
-2695.17	2226.42	34.6425	-677.583	0	3.84862	0	0.3
-2695.85	2227.11	34.6425	-332.818	0	3.85053	0	0.3
-2696.52	2227.8	34.6425	1165.95	0	3.85243	0	0.3
-2697.2	2228.49	34.6425	-878.696	0	3.85243	0	0.3
-2697.87	2229.18	34.6425	-1166	0	3.85053	0	0.3
-2698.54	2229.88	34.6425	1778.87	0	3.85053	0	0.3
-2699.22	2230.56	34.6425	1273.69	0	3.85053	0	0.3
-2699.9	2231.24	34.6425	1012.72	0	3.85243	0	0.3
-2700.57	2231.93	34.6425	-430.98	0	3.84862	0	0.3
-2701.25	2232.62	34.6425	263.338	0	3.85815	0	0.3
-2701.93	2233.31	34.6425	3088.5	0	3.84862	0	0.3
-2702.61	2234	34.6425	1345.52	0	3.85815	0	0.3
-2703.28	2234.7	34.6425	-1283.32	0	3.85434	0	0.3
-2703.96	2235.4	34.6425	723.025	0	3.85625	0	0.3
-2704.64	2236.11	34.6425	2001.53	0	3.85625	0	0.3
-2705.32	2236.8	34.6425	840.341	0	3.85625	0	0.3
-2706.01	2237.5	34.6425	1778.87	0	3.84862	0	0.3
-2706.7	2238.22	34.6425	-395.067	0	3.85434	0	0.3
-2707.39	2238.93	34.6425	-1125.3	0	3.86196	0	0.3
-2708.09	2239.64	34.6425	1393.4	0	3.85625	0	0.3
-2708.78	2240.36	34.6425	1328.76	0	3.84862	0	0.3
-2709.47	2241.07	34.6425	545.854	0	3.84862	0	0.3
-2710.18	2241.78	34.6425	-258.598	0	3.84862	0	0.3
-2710.88	2242.52	34.6425	-454.922	0	3.85243	0	0.3
-2711.58	2243.23	34.6425	-677.583	0	0	0	0.3
-2712.29	2243.93	34.6425	-950.522	0	3.86006	0	0.3
-2713	2244.65	34.6425	318.405	0	0.221119	0	0.3
-2713.7	2245.37	34.6425	2971.18	0	3.86006	0	0.3
-2714.4	2246.1	34.6425	3588.88	0	3.85625	0	0.3
-2715.1	2246.82	34.6425	2336.72	0	3.85625	0	0.3
-2715.8	2247.54	34.6425	1601.7	0	3.85625	0	0.3
-2716.5	2248.25	34.6425	-1467.67	0	3.85625	0	0.3
-2717.19	2248.99	34.6425	-1022.35	0	3.85434	0	0.3
-2717.88	2249.69	34.6425	2193.06	0	3.85625	0	0.3
-2718.57	2250.4	34.6425	1493.96	0	3.84862	0	0.3
-2719.26	2251.13	34.6425	746.967	0	3.85434	0	0.3
-2719.94	2251.85	34.6425	1175.53	0	3.85243	0	0.3
-2720.62	2252.56	34.6425	1297.63	0	3.85625	0	0.3
-2721.29	2253.28	34.6425	1027.09	0	3.84862	0	0.3
-2721.97	2253.99	34.6425	919.35	0	3.85243	0	0.3
-2722.65	2254.71	34.6425	435.721	0	3.84862	0	0.3
-2723.32	2255.44	34.6425	-500.412	0	3.85625	0	0.3
-2724	2256.15	34.6425	-917.003	0	3.85625	0	0.3
-2724.67	2256.85	34.6425	-423.798	0	3.85625	0	0.3
-2725.35	2257.57	34.6425	466.845	0	3.85625	0	0.3
-2726.03	2258.29	34.6425	-620.122	0	3.85625	0	0.3
-2726.71	2259.01	34.6425	-931.368	0	3.85625	0	0.3
-2727.38	2259.72	34.6425	936.109	0	3.85434	0	0.3
-2728.06	2260.42	34.6425	1285.66	0	3.85434	0	0.3
-2728.74	2261.11	34.6425	-395.067	0	3.84862	0	0.3
-2729.42	2261.82	34.6425	-292.117	0	3.85434	0	0.3
-2730.09	2262.51	34.6425	1515.51	0	3.85434	0	0.3
-2730.76	2263.19	34.6425	2729.37	0	3.85243	0	0.3
-2731.44	2263.9	34.6425	3366.22	0	3.85053	0	0.3
-2732.11	2264.59	34.6425	2286.44	0	3.85434	0	0.3
-2732.78	2265.28	34.6425	-567.45	0	3.85434	0	0.3
-2733.46	2265.98	34.6425	-1415	0	3.85625	0	0.3
-2734.12	2266.66	34.6425	481.211	0	3.85625	0	0.3
-2734.8	2267.35	34.6425	1230.6	0	3.85434	0	0.3
-2735.47	2268.05	34.6425	-1831.59	0	3.85243	0	0.3
-2736.14	2268.73	34.6425	-972.07	0	0	0	0.3
-2736.81	2269.4	34.6425	3074.13	0	3.85243	0	0.3
-2737.48	2270.09	34.6425	943.292	0	3.85243	0	0.3
-2738.15	2270.78	34.6425	-849.966	0	3.85625	0	0.3
-2738.81	2271.46	34.6425	634.44	0	3.85625	0	0.3
-2739.48	2272.15	34.6425	1582.54	0	3.85243	0	0.3
-2740.15	2272.84	34.6425	1106.1	0	3.85243	0	0.3
-2740.82	2273.53	34.6425	-45.5138	0	3.84862	0	0.3
-2741.48	2274.24	34.6425	-165.224	0	3.85434	0	0.3
-2742.16	2274.92	34.6425	-519.566	0	3.85434	0	0.3
-2742.83	2275.61	34.6425	-332.818	0	3.85243	0	0.3
-2743.5	2276.32	34.6425	1177.92	0	3.85243	0	0.3
-2744.19	2277.03	34.6425	14.3413	0	3.86196	0	0.3
-2744.91	2277.73	34.6425	-342.395	0	3.85434	0	0.3
-2745.56	2278.45	34.6425	648.805	0	3.86196	0	0.3
-2746.25	2279.16	34.6425	672.747	0	3.85625	0	0.3
-2746.94	2279.88	34.6425	1908.15	0	3.85625	0	0.3
-2747.63	2280.61	34.6425	2791.62	0	3.85434	0	0.3
-2748.33	2281.32	34.6425	2169.12	0	0	0	0.3
-2749.02	2282.03	34.6425	1702.25	0	3.85434	0	0.3
-2749.72	2282.76	34.6425	895.408	0	3.84862	0	0.3
-2750.43	2283.49	34.6425	-148.464	0	3.85243	0	0.3
-2751.13	2284.21	34.6425	-483.653	0	3.85243	0	0.3
-2751.83	2284.93	34.6425	-2336.76	0	3.85243	0	0.3
-2752.53	2285.64	34.6425	-828.418	0	3.84862	0	0.3
-2753.23	2286.36	34.6425	2341.51	0	3.85434	0	0.3
-2753.92	2287.09	34.6425	1067.79	0	3.84862	0	0.3
-2754.62	2287.8	34.6425	-397.461	0	3.85053	0	0.3
-2755.32	2288.51	34.6425	157.993	0	3.85434	0	0.3
-2756.01	2289.23	34.6425	1230.6	0	3.84862	0	0.3
-2756.7	2289.94	34.6425	1558.6	0	3.86196	0	0.3
-2757.38	2290.66	34.6425	1640	0	3.85434	0	0.3
-2758.07	2291.37	34.6425	1371.85	0	3.85625	0	0.3
-2758.76	2292.08	34.6425	840.341	0	3.85243	0	0.3
-2759.44	2292.8	34.6425	86.1673	0	3.85625	0	0.3
-2760.12	2293.52	34.6425	-16.7834	0	3.85243	0	0.3
-2760.79	2294.22	34.6425	1151.59	0	0	0	0.3
-2761.47	2294.93	34.6425	1029.48	0	3.85243	0	0.3
-2762.14	2295.65	34.6425	306.434	0	3.85434	0	0.3
-2762.81	2296.36	34.6425	1007.93	0	3.85243	0	0.3
-2763.49	2297.08	34.6425	1405.37	0	3.84862	0	0.3
-2764.17	2297.79	34.6425	28.7065	0	3.84862	0	0.3
-2764.84	2298.5	34.6425	-1441.33	0	3.85243	0	0.3
-2765.52	2299.21	34.6425	-383.096	0	3.85053	0	0.3
-2766.19	2299.93	34.6425	1486.78	0	3.85625	0	0.3
-2766.87	2300.63	34.6425	1745.35	0	3.85625	0	0.3
-2767.55	2301.32	34.6425	919.35	0	3.85625	0	0.3
-2768.22	2302.03	34.6425	799.639	0	3.86196	0	0.3
-2768.89	2302.73	34.6425	883.437	0	3.85243	0	0.3
-2769.56	2303.43	34.6425	428.538	0	3.86196	0	0.3
-2770.23	2304.12	34.6425	-1441.33	0	3.85434	0	0.3
-2770.9	2304.81	34.6425	-2422.96	0	3.85625	0	0.3
-2771.57	2305.49	34.6425	359.106	0	3.85434	0	0.3
-2772.24	2306.19	34.6425	2178.7	0	3.85243	0	0.3
-2772.91	2306.86	34.6425	1400.58	0	3.85243	0	0.3
-2773.59	2307.54	34.6425	2873.02	0	3.85434	0	0.3
-2774.26	2308.23	34.6425	354.318	0	3.85434	0	0.3
-2774.93	2308.91	34.6425	-1374.3	0	3.85243	0	0.3
-2775.59	2309.6	34.6425	2288.83	0	3.85434	0	0.3
-2776.27	2310.29	34.6425	2298.41	0	3.86006	0	0.3
-2776.92	2310.96	34.6425	529.095	0	3.85625	0	0.3
-2777.59	2311.65	34.6425	205.877	0	3.85625	0	0.3
-2778.25	2312.35	34.6425	1118.07	0	3.85815	0	0.3
-2778.91	2313.03	34.6425	1400.58	0	3.85434	0	0.3
-2779.58	2313.71	34.6425	287.28	0	3.85243	0	0.3
-2780.25	2314.41	34.6425	-871.513	0	3.85243	0	0.3
-2780.92	2315.11	34.6425	-363.943	0	3.85434	0	0.3
-2781.59	2315.81	34.6425	1012.72	0	3.85625	0	0.3
-2782.26	2316.51	34.6425	1651.98	0	3.85243	0	0.3
-2782.94	2317.21	34.6425	694.295	0	3.85434	0	0.3
-2783.62	2317.92	34.6425	-2003.97	0	3.85625	0	0.3
-2784.3	2318.64	34.6425	-1520.34	0	3.85434	0	0.3
-2784.98	2319.34	34.6425	1517.9	0	0	0	0.3
-2785.67	2320.04	34.6425	2497.13	0	3.86006	0	0.3
-2786.36	2320.76	34.6425	2566.56	0	3.85625	0	0.3
-2787.05	2321.48	34.6425	1802.81	0	3.85625	0	0.3
-2787.74	2322.19	34.6425	825.976	0	3.85434	0	0.3
-2788.44	2322.91	34.6425	-2.41814	0	3.86006	0	0.3
-2789.15	2323.63	34.6425	653.593	0	3.85625	0	0.3
-2789.85	2324.35	34.6425	490.787	0	3.85243	0	0.3
-2790.55	2325.08	34.6425	-14.3892	0	3.85625	0	0.3
-2791.25	2325.79	34.6425	1163.56	0	0	0	0.3
-2791.95	2326.5	34.6425	1070.18	0	3.85053	0	0.3
-2792.65	2327.22	34.6425	565.008	0	3.84862	0	0.3
-2793.36	2327.94	34.6425	-1130.09	0	3.85434	0	0.3
-2794.05	2328.66	34.6425	-603.363	0	3.85625	0	0.3
-2794.75	2329.37	34.6425	1431.71	0	3.85434	0	0.3
-2795.45	2330.08	34.6425	1120.46	0	3.85625	0	0.3
-2796.14	2330.79	34.6425	1072.58	0	3.86196	0	0.3
-2796.83	2331.52	34.6425	744.573	0	3.85243	0	0.3
-2797.52	2332.23	34.6425	948.08	0	3.85625	0	0.3
-2798.2	2332.93	34.6425	1857.88	0	3.85625	0	0.3
-2798.88	2333.65	34.6425	1608.88	0	3.86006	0	0.3
-2799.56	2334.36	34.6425	1036.67	0	3.85243	0	0.3
-2800.24	2335.08	34.6425	280.098	0	3.85243	0	0.3
-2800.92	2335.79	34.6425	-450.134	0	3.85243	0	0.3
-2801.6	2336.5	34.6425	711.054	0	3.85243	0	0.3
-2802.28	2337.21	34.6425	112.504	0	3.85625	0	0.3
-2802.97	2337.93	34.6425	-2224.24	0	3.85243	0	0.3
-2803.66	2338.62	34.6425	754.15	0	3.85243	0	0.3
-2804.34	2339.32	34.6425	2628.81	0	3.84862	0	0.3
-2805.02	2340.03	34.6425	3347.07	0	3.85434	0	0.3
-2805.69	2340.73	34.6425	2358.26	0	3.85243	0	0.3
-2806.37	2341.43	34.6425	-646.458	0	3.85625	0	0.3
-2807.04	2342.12	34.6425	624.863	0	3.85625	0	0.3
-2807.71	2342.81	34.6425	1254.54	0	3.85625	0	0.3
-2808.38	2343.51	34.6425	-282.54	0	3.85625	0	0.3
-2809.06	2344.21	34.6425	-991.223	0	3.85625	0	0.3
-2809.73	2344.89	34.6425	-967.281	0	0	0	0.3
-2810.39	2345.56	34.6425	11.9471	0	3.85625	0	0.3
-2811.06	2346.25	34.6425	936.109	0	3.85243	0	0.3
-2811.73	2346.93	34.6425	-311.27	0	3.85243	0	0.3
-2812.4	2347.62	34.6425	-1769.34	0	3.85434	0	0.3
-2813.07	2348.29	34.6425	-1113.33	0	3.85434	0	0.3
-2813.73	2348.98	34.6425	1462.83	0	3.85434	0	0.3
-2814.4	2349.65	34.6425	1929.7	0	3.85434	0	0.3
-2815.06	2350.35	34.6425	665.564	0	3.85243	0	0.3
-2815.73	2351.02	34.6425	325.587	0	3.84862	0	0.3
-2816.39	2351.7	34.6425	931.321	0	3.85434	0	0.3
-2817.05	2352.39	34.6425	1182.71	0	3.86196	0	0.3
-2817.75	2353.07	34.6425	1065.4	0	0.213495	0	0.3
-2818.38	2353.77	34.6425	167.57	0	3.85625	0	0.3
-2819.05	2354.46	34.6425	-292.117	0	3.85625	0	0.3
-2819.71	2355.15	34.6425	1144.4	0	3.85625	0	0.3
-2820.38	2355.85	34.6425	2130.82	0	3.85625	0	0.3
-2821.06	2356.57	34.6425	1769.29	0	3.84862	0	0.3
-2821.73	2357.26	34.6425	2243.34	0	3.85434	0	0.3
-2822.41	2357.95	34.6425	354.318	0	3.85243	0	0.3
-2823.09	2358.67	34.6425	-239.444	0	3.85434	0	0.3
-2823.77	2359.38	34.6425	1798.02	0	3.85243	0	0.3
-2824.45	2360.1	34.6425	2341.51	0	3.85625	0	0.3
-2825.13	2360.81	34.6425	2094.9	0	3.85434	0	0.3
-2825.82	2361.53	34.6425	-1388.66	0	3.85243	0	0.3
-2826.5	2362.24	34.6425	-4204.24	0	3.85243	0	0.3
-2827.19	2362.97	34.6425	-2427.74	0	3.85625	0	0.3
-2827.88	2363.68	34.6425	1271.3	0	0	0	0.3
-2828.58	2364.4	34.6425	2408.54	0	3.86196	0	0.3
-2829.27	2365.11	34.6425	1587.33	0	3.85434	0	0.3
-2829.96	2365.82	34.6425	1572.97	0	3.85625	0	0.3
-2830.65	2366.54	34.6425	1589.73	0	3.85625	0	0.3
-2831.35	2367.26	34.6425	1979.98	0	3.86006	0	0.3
-2832.04	2367.97	34.6425	-1376.69	0	3.85625	0	0.3
-2832.73	2368.68	34.6425	-1716.67	0	3.85625	0	0.3
-2833.43	2369.41	34.6425	1778.87	0	3.85434	0	0.3
-2834.11	2370.11	34.6425	1515.51	0	0	0	0.3
-2834.8	2370.81	34.6425	1319.18	0	3.85434	0	0.3
-2835.48	2371.53	34.6425	1517.9	0	3.85625	0	0.3
-2836.17	2372.24	34.6425	593.738	0	3.85625	0	0.3
-2836.85	2372.95	34.6425	-782.928	0	3.85243	0	0.3
-2837.53	2373.67	34.6425	253.761	0	3.85053	0	0.3
-2838.21	2374.38	34.6425	1716.62	0	3.85243	0	0.3
-2838.88	2375.09	34.6425	1218.62	0	3.85243	0	0.3
-2839.56	2375.81	34.6425	301.645	0	3.85625	0	0.3
-2840.23	2376.51	34.6425	270.521	0	3.85625	0	0.3
-2840.91	2377.21	34.6425	349.53	0	3.85625	0	0.3
-2841.6	2377.93	34.6425	-450.134	0	3.85625	0	0.3
-2842.28	2378.63	34.6425	-483.653	0	3.85434	0	0.3
-2842.95	2379.34	34.6425	1565.78	0	3.85434	0	0.3
-2843.62	2380.04	34.6425	4017.45	0	3.85625	0	0.3
-2844.29	2380.74	34.6425	2746.13	0	3.85625	0	0.3
-2844.96	2381.43	34.6425	-634.487	0	3.85625	0	0.3
-2845.63	2382.14	34.6425	-816.447	0	3.85434	0	0.3
-2846.3	2382.82	34.6425	260.944	0	0	0	0.3
-2846.97	2383.5	34.6425	-593.786	0	3.85243	0	0.3
-2847.64	2384.19	34.6425	-806.87	0	3.84862	0	0.3
-2848.31	2384.87	34.6425	-668.006	0	3.85243	0	0.3
-2848.97	2385.56	34.6425	-177.195	0	3.84671	0	0.3
-2849.64	2386.24	34.6425	1046.24	0	3.85243	0	0.3
-2850.3	2386.91	34.6425	751.755	0	3.85625	0	0.3
-2850.97	2387.59	34.6425	766.121	0	3.86006	0	0.3
-2851.62	2388.28	34.6425	991.176	0	3.85434	0	0.3
-2852.29	2388.95	34.6425	469.24	0	0	0	0.3
-2852.95	2389.62	34.6425	71.8021	0	3.85243	0	0.3
-2853.61	2390.3	34.6425	1304.82	0	3.85243	0	0.3
-2854.27	2390.98	34.6425	2252.92	0	3.85243	0	0.3
-2854.94	2391.67	34.6425	948.08	0	3.85243	0	0.3
-2855.6	2392.35	34.6425	-478.864	0	3.84862	0	0.3
-2856.26	2393.04	34.6425	138.84	0	3.85243	0	0.3
-2856.92	2393.72	34.6425	1489.17	0	3.85243	0	0.3
-2857.58	2394.43	34.6425	1079.76	0	3.85243	0	0.3
-2858.24	2395.11	34.6425	658.382	0	3.84862	0	0.3
-2858.9	2395.8	34.6425	859.495	0	3.85434	0	0.3
-2859.56	2396.52	34.6425	749.361	0	3.85625	0	0.3
-2860.25	2397.22	34.6425	2801.19	0	3.85625	0	0.3
-2860.92	2397.93	34.6425	-691.948	0	3.85625	0	0.3
-2861.6	2398.64	34.6425	-3160.37	0	3.8429	0	0.3
-2862.28	2399.35	34.6425	802.034	0	3.85434	0	0.3
-2862.96	2400.06	34.6425	2911.33	0	3.85625	0	0.3
-2863.65	2400.79	34.6425	2212.22	0	3.85434	0	0.3
-2864.33	2401.5	34.6425	-241.838	0	3.85625	0	0.3
-2865.01	2402.2	34.6425	272.915	0	3.85053	0	0.3
-2865.7	2402.93	34.6425	1527.48	0	3.85434	0	0.3
-2866.39	2403.64	34.6425	1426.92	0	3.85053	0	0.3
-2867.09	2404.36	34.6425	363.895	0	3.85434	0	0.3
-2867.79	2405.06	34.6425	-1024.74	0	3.85243	0	0.3
-2868.49	2405.77	34.6425	-220.29	0	3.85434	0	0.3
-2869.2	2406.48	34.6425	960.051	0	3.85625	0	0.3
-2869.91	2407.2	31.1966	1300.03	-3445.96	3.85625	0	0.3
-2870.61	2407.9	32.8898	-102.975	1693.19	3.85625	0	0.3
-2871.31	2408.6	34.6425	651.199	1752.78	3.86006	0	0.3
-2872.01	2409.31	34.6425	3385.38	0	3.85625	0	0.3
-2872.71	2410.02	34.6425	1742.95	0	3.86006	0	0.3
-2873.4	2410.74	34.6425	311.222	0	3.85434	0	0.3
-2874.09	2411.45	34.6425	888.225	0	3.85625	0	0.3
-2874.78	2412.16	34.6425	1589.73	0	3.85434	0	0.3
-2875.47	2412.87	34.6425	1802.81	0	3.85625	0	0.3
-2876.15	2413.6	34.6425	1319.18	0	3.85815	0	0.3
-2876.84	2414.3	34.6425	632.045	0	3.85434	0	0.3
