0	0.0144155	0	16.0172	0	0	0	0	0	0.000404406	0	1.06422	0	0	0	0
0.48	0.111589	480	-24.6842	0.0117913	0.000221047	-1.44155e-07	0	0	0.000404406	0	0	0	-2.42644e-05	-3.63966e-06	0
1.92	1.77031	960	1481.27	0.0237584	8.98152e-05	9.48203e-06	-0	0	-0.245432	0	-197.946	0	0.0147259	0.000420092	0
4.32	3.59927	1440	205.159	0.0359012	0.000432439	5.72379e-06	0	0	-0.368882	0	30.8625	0	0.0221329	0.00622668	-0
7.68	2.47301	1920	-218.615	0.0482197	0.00312419	4.47522e-05	0	0	-0.281615	0	18.0918	0	0.0168969	0.012244	-0
12	2.22611	2400	-197.067	0.0607139	0.00586434	0.000170002	0	0	-0.277358	0	4.25687	0	0.0166415	0.0173131	-0
17.28	1.95952	2880	-94.1161	0.0733839	0.00919229	0.000392912	0	0	-0.261395	0	10.6422	0	0.0156837	0.0222576	-0
23.52	1.612	3360	-194.673	0.0862296	0.0131448	0.000730402	0	0	-0.240111	0	6.38533	0	0.0144066	0.0268286	-0
30.72	2.45445	3840	578.655	0.099251	0.0169593	0.00120202	0	0	-0.0496142	0	164.955	0	0.00297685	0.0309207	-0
38.88	5.89766	4320	1744.63	0.112448	0.0197894	0.00179011	0	0	0.447379	0	224.551	0	-0.0268427	0.0293618	-0
48	8.16349	4800	932.996	0.125821	0.0239019	0.00248115	0	0	0.669802	0	94.7161	0	-0.0401881	0.0201596	-0
58.08	14.6964	5280	4624.86	0.13937	0.0260302	0.00330509	0	0	0.54848	0	-130.9	0	-0.0329088	0.008017	0
69.12	22.6483	5760	3569.01	0.153094	0.027883	0.00417791	0	0	0.565508	0	61.7251	0	-0.0339305	-0.00145337	-0
81.12	25.3849	6240	827.652	0.166994	0.0334411	0.00514704	0	0	0.526132	0	-63.8535	0	-0.0315679	-0.0118528	0
94.08	34.0497	6720	5244.95	0.18107	0.0360182	0.00629357	0	0	0.276039	0	-124.514	0	-0.0165623	-0.020193	0
108	40.7358	7200	1706.32	0.195321	0.0403585	0.00752255	0	0	0.060001	0	-123.45	0	-0.00360006	-0.0243284	0
122.88	52.0465	7680	5558.59	0.209749	0.0425001	0.00889548	0	0	0.0195605	0	35.1194	0	-0.00117363	-0.0247284	-0
138.72	65.0931	8160	5278.47	0.224351	0.0441761	0.010326	0	0	0.3218	0	155.377	0	-0.019308	-0.0264022	-0
147	73.2687	8400	6920.9	0.231719	0.0442387	0.0110623	0	0	0.389911	0	68.1104	0	-0.0233946	-0.0292984	-0
164.28	87.8425	8880	5149.19	0.246585	0.0458625	0.0125471	0	0	0.278167	0	-98.9729	0	-0.01669	-0.0362019	0
182.25	102.446	9000	4952.86	0.252801	0.0478823	0.0140921	0	0	-0.0208801	0	-164.955	0	0.00125281	-0.0400021	0
200.25	118.658	9000	4418.95	0.256096	0.0489553	0.0157029	0	0	-0.0943116	0	-20.2203	0	0.0056587	-0.0391473	0
218.25	138.766	9000	5352.69	0.25939	0.0476901	0.0173297	0	0	-0.170936	0	-36.1837	0	0.0102562	-0.0370857	0
236.25	165.037	9000	8019.83	0.262685	0.0427276	0.0188837	0	0	-0.067706	0	94.716	0	0.00406236	-0.0340855	-0
254.25	192.573	9000	7536.21	0.26598	0.037006	0.0202511	0	0	-0.146459	0	-108.551	0	0.00878752	-0.033135	0
272.25	217.336	9000	4746.96	0.269275	0.0329481	0.0214565	0	0	-0.731782	0	-217.102	0	0.0439069	-0.0271847	0
290.25	240.907	9000	2426.98	0.27257	0.0296054	0.02252	0	0	-0.981875	0	-55.3398	0	0.0589125	-0.0122599	0
308.25	272.747	9000	8027.02	0.275865	0.0213019	0.0234516	0	0	-0.518938	0	357.58	0	0.0311363	0.00446566	-0
326.25	306.28	9000	9477.9	0.27916	0.0119818	0.0240976	-0	0	0.216442	0	229.873	0	-0.0129865	0.00925697	-0
344.25	338.968	9000	8386.15	0.282455	0.00316888	0.0244009	0	0	0.149396	0	-59.5966	0	-0.00896376	0.00542806	0
362.25	359.829	9000	3023.13	0.285749	0.00145225	0.0244949	0	0	0.101506	0	-32.991	0	-0.00609035	0.00287302	0
380.25	379.11	9000	-1176.3	0.289044	0.000683606	0.0245296	0	0	-0.091119	0	-96.8445	0	0.00546714	0.00190794	0
398.25	407.777	9000	5867.45	0.292339	-0.00571648	0.0245156	0	0	-0.392295	0	-88.3307	0	0.0235377	0.00546369	0
416.25	438.813	9000	8797.95	0.295634	-0.0135379	0.0242568	0	0	0.526132	0	621.507	0	-0.0315679	0.00985272	-0
434.236	470.301	8920.01	9743.66	0.296976	-0.0216386	0.0237206	-0	0	1.13487	0	26.6054	0	-0.0680921	-0.00485683	-0
451.596	489.502	8440.01	3044.68	0.288451	-0.0227435	0.0229738	0	0	0.807087	0	14.8991	0	-0.0484252	-0.0238765	-0
467.996	494.549	7960.01	2415.01	0.279749	-0.0159316	0.0225947	0	0	1.06676	0	259.671	0	-0.0640055	-0.0311403	-0
483.436	512.048	7480.01	1012.01	0.270872	-0.0171671	0.0217979	0	0	1.94368	0	93.652	0	-0.116621	-0.0708234	-0
497.916	517.312	7000.01	3013.56	0.261819	-0.0116374	0.0215117	0	0	1.5297	0	-413.984	0	-0.0917818	-0.0883165	0
511.436	541.488	6520.01	11577.6	0.25259	-0.0180309	0.0210015	-0	0	0.664481	0	-259.671	0	-0.0398689	-0.110401	0
523.997	553.88	6040.01	7964.77	0.243186	-0.0179299	0.020322	-0	0	0.581471	0	-7.44957	0	-0.0348883	-0.121682	0
535.597	554.714	5560	5635.21	0.233606	-0.0114703	0.0197157	-0	0	-0.0613207	0	-406.534	0	0.00367924	-0.130022	0
546.237	547.457	5080	-82.1451	0.22875	-0.0038521	0.0193606	0	0	-0.52958	0	-130.9	0	0.0317748	-0.125882	0
555.917	539.264	4600	2788.5	0.213919	0.00999181	0.0193397	0	0	-0.400808	0	109.615	0	0.0240485	-0.116522	-0
568.637	531.865	3880	1512.39	0.198692	0.0220631	0.0199981	0	0	-0.565763	0	-112.808	0	0.0339458	-0.105432	0
575.917	532.912	3400	6135.6	0.193528	0.0236906	0.0207439	-0	0	-0.860554	0	-104.294	0	0.0516332	-0.0935337	0
582.237	532.248	2920	5051.02	0.177774	0.0299931	0.0220088	-0	0	-0.80415	0	46.8259	0	0.048249	-0.0702317	-0
587.597	530.327	2440	3583.38	0.167052	0.0343618	0.0225087	-0	0	-0.72859	0	75.56	0	0.0437154	-0.0629943	-0
591.997	523.626	1960	2015.18	0.156154	0.0410221	0.023695	-0	0	-0.772223	0	-85.1381	0	0.0463334	-0.0502532	0
595.437	521.925	1480	2398.25	0.14508	0.0441069	0.0250617	-0	0	-0.842462	0	3.19272	0	0.0505477	-0.0356923	-0
597.917	518.459	999.995	1754.21	0.133831	0.0476747	0.0273483	-0	0	-0.509359	0	160.698	0	0.0305616	-0.0149381	-0
599.437	514.607	519.995	174.035	0.122405	0.050898	0.0281429	0	0	-0.384845	0	124.514	0	0.0230907	-0.0103538	-0
599.997	515.384	39.9935	3633.66	0.110804	0.0507673	0.029847	-0	0	-0.234789	0	131.964	0	0.0140874	-0.00358946	-0
600	519.454	0	5017.5	0.10983	0.0483275	0.0315206	-0	0	0.117469	0	120.257	0	-0.00704815	-0.00145126	-0
600	518.262	0	1304.1	0.10983	0.0490425	0.0331255	-0	0	-0.0102378	0	-68.1104	0	0.000614271	-0.00302934	0
600	513.484	0	865.959	0.10983	0.0519095	0.035596	-0	0	0.48037	0	152.184	0	-0.0288222	-0.00670864	-0
600	513.25	0	1761.39	0.10983	0.0520503	0.0364612	-0	0	0.456957	0	-23.4129	0	-0.0274174	-0.011032	0
600	514.446	0	2843.57	0.10983	0.0513323	0.0381954	-0	0	0.223892	0	-100.037	0	-0.0134335	-0.0180599	0
600	512.332	0	-1420.5	0.10983	0.0526006	0.0399012	0	0	0.339892	0	120.257	0	-0.0203935	-0.0220517	-0
600	514.054	0	2563.45	0.10983	0.0515677	0.0425586	-0	0	0.797509	0	119.193	0	-0.0478505	-0.0357783	-0
600	512.82	0	1385.5	0.10983	0.0523081	0.0434181	-0	0	0.796445	0	-1.06418	0	-0.0477867	-0.0429559	0
600	513.361	0	700.759	0.10983	0.0519833	0.0451687	-0	0	0.749619	0	-1.06418	0	-0.0449771	-0.0568801	0
600	516.623	0	-402.968	0.10983	0.0500264	0.0468854	0	0	0.715564	0	-77.6885	0	-0.0429338	-0.0707659	0
600	529.326	0	6489.94	0.10983	0.0424044	0.048508	-0	0	-0.300771	0	-589.581	0	0.0180463	-0.0798053	0
600	541.831	0	-15.1074	0.10983	0.0349011	0.0503861	0	0	-0.118789	0	456.553	0	0.00712733	-0.0667326	-0
600	542.239	0	389.513	0.10983	0.0346569	0.0509678	-0	0	0.224956	0	343.745	0	-0.0134974	-0.0656635	-0
600	548.198	0	3365.51	0.10983	0.0310814	0.0520933	-0	0	-0.197541	0	-279.891	0	0.0118525	-0.0684293	0
600	550.659	0	803.71	0.10983	0.0296043	0.053113	-0	0	-0.0591922	0	160.698	0	0.00355153	-0.0646724	-0
600	556.74	0	2077.43	0.10983	0.0259561	0.0545575	-0	0	-0.301836	0	-233.065	0	0.0181101	-0.0639266	0
600	555.405	0	782.162	0.10983	0.026757	0.0549901	-0	0	-0.431671	0	-129.835	0	0.0259003	-0.0612101	0
600	553.817	0	420.637	0.10983	0.0277098	0.0558988	-0	0	0.00998243	0	181.982	0	-0.000598946	-0.0557771	-0
600	558.209	0	2508.38	0.10983	0.0250748	0.0568049	-0	0	0.069579	0	48.9544	0	-0.00417474	-0.0560525	-0
600	564.846	0	1179.6	0.10983	0.0210925	0.0579846	-0	0	-0.101761	0	-178.79	0	0.00610567	-0.058774	0
600	563.184	0	1184.39	0.10983	0.0220898	0.0583362	-0	0	-0.143266	0	-41.5048	0	0.00859596	-0.0578582	0
600	561.984	0	-122.846	0.10983	0.0228097	0.0590776	0	0	0.114276	0	138.349	0	-0.00685659	-0.0563521	-0
600	566.628	0	3298.47	0.10983	0.0200233	0.0598177	-0	0	0.0812855	0	-52.147	0	-0.00487713	-0.0585815	0
600	570.647	0	2405.43	0.10983	0.0176117	0.0604591	-0	0	0.131304	0	39.3763	0	-0.00787825	-0.0601404	-0
600	570.195	0	-927.298	0.10983	0.0178828	0.0613441	0	0	0.00466131	0	-2.12845	0	-0.000279679	-0.0619999	0
600	567.204	0	-637.6	0.10983	0.0196776	0.0616421	0	0	-0.0262012	0	-30.8625	0	0.00157207	-0.0620419	0
600	567.292	0	827.652	0.10983	0.0196248	0.0623006	-0	0	-0.200734	0	-89.3949	0	0.012044	-0.060804	0
600	570.674	0	1967.29	0.10983	0.0175957	0.0629374	-0	0	-0.123046	0	129.835	0	0.00738274	-0.0567215	-0
600	572.913	0	1648.86	0.10983	0.0162525	0.0635096	-0	0	-0.130495	0	-102.166	0	0.00782972	-0.0553591	0
600	574.077	0	717.518	0.10983	0.0155537	0.064056	-0	0	-0.25501	0	12.7707	0	0.0153006	-0.0517746	-0
600	576.969	0	3913.78	0.10983	0.0138185	0.0645731	-0	0	-0.0740914	0	70.2389	0	0.00444548	-0.0481805	-0
600	581.47	0	2616.12	0.10983	0.0111179	0.0650077	-0	0	-0.141138	0	53.2113	0	0.00846825	-0.0457646	-0
600	581.497	0	1047.92	0.10983	0.0111017	0.0653839	-0	0	0.0376523	0	-17.0276	0	-0.00225914	-0.0449865	0
600	582.865	0	-118.058	0.10983	0.0102808	0.0659316	0	0	-0.277358	0	-72.3673	0	0.0166415	-0.0429573	0
600	580.591	0	-446.064	0.10983	0.0116452	0.0661029	0	0	-0.207119	0	70.2389	0	0.0124272	-0.040461	-0
600	583.208	0	1416.63	0.10983	0.0100753	0.0664807	-0	0	-0.0943116	0	-37.2479	0	0.0056587	-0.0380834	0
600	585.122	0	458.945	0.10983	0.00892698	0.0668015	-0	0	-0.143266	0	-22.3487	0	0.00859596	-0.0361463	0
600	586.242	0	1009.61	0.10983	0.00825458	0.0670935	-0	0	-0.459341	0	-121.322	0	0.0275605	-0.0318148	0
600	591.402	0	2146.86	0.10983	0.00515889	0.0674592	-0	0	-0.0815409	0	52.147	0	0.00489246	-0.0237227	-0
600	590.933	0	1299.31	0.10983	0.00544039	0.0675452	-0	0	-0.237982	0	-156.441	0	0.0142789	-0.0229888	0
600	591.664	0	983.275	0.10983	0.00500189	0.0677253	-0	0	-0.183707	0	54.2755	0	0.0110224	-0.0187051	-0
600	590.738	0	-60.5972	0.10983	0.00555747	0.0678953	0	0	0.15046	0	214.973	0	-0.00902761	-0.0164711	-0
600	592.423	0	-122.846	0.10983	0.0045464	0.0681779	0	0	0.133433	0	-47.8901	0	-0.00800595	-0.021999	0
600	592.955	0	1720.69	0.10983	0.00422695	0.0682537	-0	0	0.217506	0	84.0738	0	-0.0130504	-0.0231999	-0
600	600.725	0	2695.13	0.10983	-0.000434912	0.0683582	-0	0	-0.146459	0	-295.855	0	0.00878752	-0.026502	0
600	603.901	0	-608.869	0.10983	-0.00234075	0.0683208	0	0	-0.386974	0	2.12848	0	0.0232184	-0.021682	-0
600	608.481	0	1574.64	0.10983	-0.00508887	0.0682252	-0	0	-0.473176	0	-13.8349	0	0.0283905	-0.0140651	0
600	617.757	0	1830.82	0.10983	-0.0106543	0.0680047	-0	0	0.326057	0	433.14	0	-0.0195634	-0.00884281	-0
600	620.314	0	700.759	0.10983	-0.0121885	0.0676263	-0	0	0.247305	0	-177.726	0	-0.0148383	-0.0156026	0
600	620.753	0	176.429	0.10983	-0.0124516	0.0672243	-0	0	0.230277	0	44.6974	0	-0.0138166	-0.0194986	-0
600	622.403	0	-5.5306	0.10983	-0.0134419	0.0667978	0	0	0.227084	0	-35.1194	0	-0.0136251	-0.0239309	0
600	620.658	0	-2514.65	0.10983	-0.0123947	0.0661423	0	0	0.408003	0	124.514	0	-0.0244802	-0.0303878	-0
600	620.871	0	1416.63	0.10983	-0.0125226	0.0659357	-0	0	0.434608	0	26.6057	0	-0.0260765	-0.0340598	-0
600	622.59	0	272.197	0.10983	-0.0135542	0.0655046	-0	0	0.155781	0	-98.973	0	-0.00934688	-0.0402641	0
600	622.858	0	23.1998	0.10983	-0.0137149	0.0650509	-0	0	0.438865	0	174.533	0	-0.0263319	-0.0440451	-0
600	624.571	0	1337.62	0.10983	-0.0147424	0.0645846	-0	0	0.212185	0	-160.698	0	-0.0127311	-0.0513509	0
600	626.956	0	1641.68	0.10983	-0.0161733	0.0638243	-0	0	0.35692	0	43.6333	0	-0.0214152	-0.0581143	-0
600	624.393	0	-699.849	0.10983	-0.014636	0.0635547	0	0	0.366498	0	9.57802	0	-0.0219899	-0.0613266	-0
600	624.36	0	1627.31	0.10983	-0.0146163	0.0630756	-0	0	0.265396	0	-86.2023	0	-0.0159238	-0.0677895	0
600	625.417	0	399.09	0.10983	-0.0152503	0.0625728	-0	0	-0.102825	0	-189.432	0	0.00616953	-0.0709575	0
600	621.689	0	-1116.44	0.10983	-0.0130132	0.0618661	0	0	-0.416772	0	-87.2664	0	0.0250063	-0.0650013	0
600	618.546	0	-453.246	0.10983	-0.0111276	0.0616492	0	0	-0.576406	0	-159.634	0	0.0345843	-0.0612503	0
600	615.33	0	-798.011	0.10983	-0.00919808	0.0612979	0	0	-0.699856	0	-41.5048	0	0.0419913	-0.0501375	0
600	618.252	0	2031.94	0.10983	-0.010951	0.0609841	-0	0	-0.591305	0	70.2388	0	0.0354783	-0.0378849	-0
600	620.687	0	777.373	0.10983	-0.0124123	0.0605987	-0	0	-0.331634	0	114.936	0	0.019898	-0.0285441	-0
600	622.891	0	250.649	0.10983	-0.0137346	0.0601632	-0	0	-0.243303	0	24.4772	0	0.0145982	-0.0231493	-0
600	618.152	0	-1439.66	0.10983	-0.0108915	0.0597388	0	0	-0.442313	0	-23.4129	0	0.0265388	-0.0171895	0
600	619.62	0	1153.26	0.10983	-0.011772	0.059374	-0	0	-0.21989	0	71.3031	0	0.0131934	-0.0105879	-0
600	620.078	0	-1011.1	0.10983	-0.012047	0.0589652	0	0	-0.239046	0	-34.0552	0	0.0143428	-0.00676401	0
600	618.638	0	-400.574	0.10983	-0.0111828	0.0584072	0	0	-0.386974	0	-25.5414	0	0.0232184	0.00142387	0
600	617.582	0	990.457	0.10983	-0.0105494	0.0582208	-0	0	-0.298643	0	88.3307	0	0.0179186	0.00490663	-0
600	620.505	0	2276.14	0.10983	-0.0123033	0.0578565	-0	0	0.017432	0	143.67	0	-0.00104592	0.00873056	-0
600	619.615	0	-335.93	0.10983	-0.0117692	0.0574426	0	0	-0.0549353	0	-94.716	0	0.00329612	0.00821565	0
600	616.728	0	8.83461	0.10983	-0.0100366	0.0568817	-0	0	-0.0144947	0	47.8901	0	0.000869685	0.0105992	-0
600	617.276	0	8.83461	0.10983	-0.0103656	0.0567145	-0	0	0.0206247	0	35.1194	0	-0.00123748	0.0107297	-0
600	616.852	0	717.518	0.10983	-0.0101111	0.0563795	-0	0	0.143011	0	75.56	0	-0.00858064	0.00993701	-0
600	617.562	0	-709.426	0.10983	-0.0105374	0.0560333	0	0	0.265396	0	12.7707	0	-0.0159238	0.00637628	-0
600	619.291	0	2778.93	0.10983	-0.0115743	0.0556863	-0	0	0.152589	0	-146.863	0	-0.00915532	0.00129265	0
600	623.295	0	581.049	0.10983	-0.013977	0.0550716	-0	0	0.410131	0	145.799	0	-0.0246079	-0.00356475	-0
600	619.379	0	-2342.27	0.10983	-0.0116275	0.0548386	0	0	0.383525	0	-26.6056	0	-0.0230115	-0.00725593	0
600	620.461	0	202.765	0.10983	-0.0122767	0.0544468	-0	0	0.245176	0	-43.6332	0	-0.0147106	-0.0133069	0
600	622.33	0	-335.93	0.10983	-0.0133977	0.0540341	0	0	0.426095	0	53.2113	0	-0.0255657	-0.0188695	-0
600	622.28	0	-283.258	0.10983	-0.0133678	0.0535809	0	0	0.403746	0	-27.6699	0	-0.0242247	-0.0265871	0
600	626.224	0	846.805	0.10983	-0.0157341	0.0531267	-0	0	0.320736	0	-59.5966	0	-0.0192442	-0.0336438	0
600	625.813	0	32.7766	0.10983	-0.0154879	0.0526106	-0	0	0.266461	0	-6.38533	0	-0.0159876	-0.038986	0
600	624.712	0	-1319.95	0.10983	-0.014827	0.052096	0	0	0.292002	0	-9.57802	0	-0.0175201	-0.0440984	0
600	623.688	0	-1386.98	0.10983	-0.0142126	0.0518489	0	0	0.204736	0	-87.2665	0	-0.0122841	-0.0467264	0
600	625.536	0	1117.35	0.10983	-0.0153213	0.0513694	-0	0	0.15791	0	-2.12845	0	-0.00947458	-0.0500094	0
600	628.162	0	-29.4726	0.10983	-0.0168974	0.0508509	0	0	0.0472303	0	-45.7617	0	-0.00283382	-0.0522675	0
600	625.914	0	542.742	0.10983	-0.0155485	0.0503127	-0	0	-0.0559995	0	-79.8169	0	0.00335997	-0.0529069	0
600	627.514	0	-55.8088	0.10983	-0.0165084	0.0497705	0	0	-0.194349	0	-20.2203	0	0.0116609	-0.0508358	0
600	626.137	0	794.133	0.10983	-0.0156823	0.0492321	-0	0	-0.256074	0	-125.579	0	0.0153644	-0.0479122	0
600	625.84	0	-599.293	0.10983	-0.0155039	0.0484659	0	0	-0.444442	0	25.5413	0	0.0266665	-0.0375118	-0
600	622.748	0	-1145.17	0.10983	-0.0136486	0.0482075	0	0	-0.502974	0	-58.5324	0	0.0301784	-0.0335118	0
600	621.906	0	-283.258	0.10983	-0.0131436	0.0477571	0	0	-0.48169	0	46.8259	0	0.0289014	-0.0242284	-0
600	621.691	0	-53.4146	0.10983	-0.0130149	0.0473224	0	0	-0.477433	0	-21.2845	0	0.028646	-0.0157878	0
600	620.548	0	-2191.44	0.10983	-0.0123287	0.0468798	0	0	-0.335891	0	110.679	0	0.0201534	-0.00747181	-0
600	617.788	0	-1422.9	0.10983	-0.0106727	0.0465045	0	0	-0.148587	0	45.7617	0	0.00891523	-0.00269966	-0
600	617.601	0	262.62	0.10983	-0.0105605	0.0461663	-0	0	-0.107082	0	-4.25689	0	0.00642494	-0.000436945	0
600	618.79	0	1761.39	0.10983	-0.0112742	0.0458049	-0	0	-0.213505	0	34.0552	0	0.0128103	0.00275484	-0
600	622.117	0	3858.71	0.10983	-0.0132703	0.0454278	-0	0	-0.232661	0	-95.7803	0	0.0139597	0.00590831	0
600	623.917	0	-522.678	0.10983	-0.0143504	0.0447232	0	0	-0.285872	0	23.4129	0	0.0171523	0.0136939	-0
600	621.398	0	-182.702	0.10983	-0.012839	0.044484	0	0	-0.328441	0	-42.569	0	0.0197065	0.0162668	0
600	621.098	0	377.542	0.10983	-0.012659	0.0440599	-0	0	-0.345469	0	41.5047	0	0.0207281	0.0227055	-0
600	618.476	0	-2009.48	0.10983	-0.0110856	0.0436441	0	0	0.0536157	0	223.487	0	-0.00321694	0.0273435	-0
600	613.455	0	-1774.85	0.10983	-0.00807319	0.0433073	0	0	0.386718	0	120.257	0	-0.0232031	0.0244629	-0
600	614.343	0	164.458	0.10983	-0.00860596	0.0429035	-0	0	0.314351	0	-15.9634	0	-0.018861	0.0147877	0
600	613.477	0	320.081	0.10983	-0.00808612	0.0427601	-0	0	0.326057	0	11.7065	0	-0.0195634	0.0119586	-0
600	614.098	0	87.8433	0.10983	-0.00845878	0.0424901	-0	0	0.387782	0	22.3487	0	-0.0232669	0.00573513	-0
600	616.124	0	995.246	0.10983	-0.00967449	0.0422005	-0	0	0.232405	0	-117.065	0	-0.0139443	-0.000900141	0
600	617.707	0	-62.9914	0.10983	-0.0106243	0.041714	0	0	0.140882	0	-28.7341	0	-0.00845293	-0.00615982	0
600	617.264	0	1299.31	0.10983	-0.0103581	0.0415369	-0	0	0.158974	0	18.0918	0	-0.00953844	-0.00742776	-0
600	622.183	0	2848.36	0.10983	-0.0133095	0.0411709	-0	0	0.229213	0	55.3397	0	-0.0137528	-0.0104234	-0
600	622.359	0	-510.707	0.10983	-0.0134154	0.0407228	0	0	0.342021	0	65.9819	0	-0.0205212	-0.0149706	-0
600	624.591	0	-156.365	0.10983	-0.0147546	0.0400531	0	0	0.396296	0	8.51384	0	-0.0237778	-0.0248948	-0
600	621.829	0	-647.177	0.10983	-0.0130976	0.0398072	0	0	0.335635	0	-60.6609	0	-0.0201381	-0.0284615	0
600	617.843	0	-2320.72	0.10983	-0.0107056	0.039388	0	0	0.135561	0	-90.4591	0	-0.00813366	-0.0335164	0
600	619.151	0	985.669	0.10983	-0.0114907	0.0390299	-0	0	0.0397807	0	94.716	0	-0.00238684	-0.034242	-0
600	619.635	0	-89.3277	0.10983	-0.011781	0.0386439	0	0	0.138754	0	-30.8625	0	-0.00832522	-0.0361266	0
600	622.354	0	-39.0494	0.10983	-0.0134123	0.0380382	0	0	-0.0166232	0	-3.19267	0	0.000997392	-0.0377466	0
600	620.113	0	-182.702	0.10983	-0.012068	0.0378147	0	0	-0.0113021	0	5.32112	0	0.000678124	-0.037597	-0
600	618.905	0	-539.438	0.10983	-0.011343	0.037416	0	0	-0.00598095	0	13.8349	0	0.000358857	-0.0373169	-0
600	620.251	0	312.898	0.10983	-0.0121508	0.0368545	-0	0	-0.104954	0	-95.7803	0	0.00629723	-0.037462	0
600	617.396	0	-965.606	0.10983	-0.0104376	0.036652	0	0	-0.0687702	0	36.1837	0	0.00412621	-0.0365174	-0
600	615.542	0	-1734.14	0.10983	-0.00932498	0.0363193	0	0	-0.203927	0	-145.799	0	0.0122356	-0.0353753	0
600	611.719	0	-3.1364	0.10983	-0.00703154	0.0360462	0	0	-0.312478	0	52.147	0	0.0187487	-0.0302583	-0
600	610.485	0	-745.339	0.10983	-0.00629099	0.0358162	0	0	-0.292258	0	-28.7341	0	0.0175354	-0.0250743	0
600	612.195	0	1548.31	0.10983	-0.00731693	0.0356038	-0	0	-0.42635	0	-63.8535	0	0.025581	-0.0191815	0
600	614.909	0	-584.927	0.10983	-0.00894536	0.0352056	0	0	-0.306092	0	0	0	0.0183655	-0.00894396	0
600	612.391	0	-647.177	0.10983	-0.00743441	0.0350565	0	0	-0.328441	0	-22.3487	0	0.0197065	-0.00618912	0
600	613.218	0	684	0.10983	-0.00910038	0.0346632	-0	0	-0.121981	0	100.037	0	0.00731889	0.00106968	-0
600	612.206	0	-637.6	0.10983	-0.0073233	0.034531	0	0	-0.161358	0	-39.3763	0	0.00968147	0.00216751	0
600	611.981	0	-19.8958	0.10983	-0.00718876	0.0342895	0	0	-0.239046	0	-2.12848	0	0.0143428	0.00575199	0
600	613.205	0	-367.055	0.10983	-0.00792301	0.0340506	0	0	-0.312478	0	-40.4406	0	0.0187487	0.0103517	0
600	610.792	0	-158.76	0.10983	-0.00647512	0.0338095	0	0	-0.297579	0	24.4772	0	0.0178547	0.0160625	-0
600	611.44	0	399.09	0.10983	-0.00686422	0.033591	-0	0	-0.109211	0	88.3307	0	0.00655265	0.0205186	-0
600	610.406	0	-335.93	0.10983	-0.00624357	0.0333647	0	0	-0.0623849	0	-3.19268	0	0.00374309	0.0220343	0
600	608.645	0	-525.072	0.10983	-0.0051872	0.033092	0	0	0.0770286	0	124.514	0	-0.00462172	0.0237187	-0
600	607.544	0	870.747	0.10983	-0.00452611	0.0329107	-0	0	0.350534	0	111.744	0	-0.0210321	0.0208763	-0
600	606.963	0	-386.209	0.10983	-0.00417795	0.0328353	0	0	0.23347	0	-117.065	0	-0.0140082	0.0177215	0
600	607.126	0	303.321	0.10983	-0.00427588	0.0326993	-0	0	0.22602	0	50.0186	0	-0.0135612	0.0140362	-0
600	604.442	0	-2742.1	0.10983	-0.00266499	0.0325584	0	0	0.136625	0	-91.5234	0	-0.00819751	0.00994871	0
600	604.324	0	-431.699	0.10983	-0.00259464	0.0324876	0	0	0.132368	0	47.8901	0	-0.0079421	0.00795877	-0
600	604.793	0	1282.55	0.10983	-0.00287556	0.0324137	-0	0	0.381397	0	136.221	0	-0.0228838	0.00456087	-0
600	609.171	0	2917.79	0.10983	-0.00550243	0.0323042	-0	0	0.224956	0	-128.771	0	-0.0134974	-0.00205524	0
600	611.119	0	-599.293	0.10983	-0.00667156	0.0320955	0	0	0.292002	0	85.138	0	-0.0175201	-0.00594163	-0
600	614.258	0	633.721	0.10983	-0.00855498	0.0318689	-0	0	0.28136	0	-26.6056	0	-0.0168816	-0.0113413	0
600	613.135	0	16.0172	0.10983	-0.00788119	0.0315997	-0	0	0.272846	0	11.7065	0	-0.0163708	-0.0162238	-0
600	613.674	0	-72.5683	0.10983	-0.00820437	0.0313362	0	0	0.372883	0	51.0828	0	-0.022373	-0.0215756	-0
600	613.158	0	-1480.36	0.10983	-0.00789485	0.0310577	0	0	0.388847	0	7.44957	0	-0.0233308	-0.0283642	-0
600	610.39	0	-951.24	0.10983	-0.00623405	0.0308163	0	0	0.0897993	0	-276.699	0	-0.00538796	-0.0351623	0
600	611.497	0	-639.994	0.10983	-0.00689813	0.0306109	0	0	0.133433	0	125.579	0	-0.00800595	-0.0360412	-0
600	608.808	0	-891.385	0.10983	-0.00528508	0.030399	0	0	0.0546799	0	-143.67	0	-0.00328079	-0.0390272	0
600	607.706	0	-130.029	0.10983	-0.00462367	0.0302312	0	0	-0.00704517	0	44.6975	0	0.00042271	-0.0390536	-0
600	612.146	0	3717.45	0.10983	-0.00728752	0.0300728	-0	0	-0.0421646	0	-62.7893	0	0.00252988	-0.0391758	0
600	610.107	0	-2280.02	0.10983	-0.00606401	0.029703	0	0	-0.281615	0	-106.422	0	0.0168969	-0.0360643	0
600	606.722	0	-1470.78	0.10983	-0.00403341	0.0296019	0	0	-0.489139	0	-207.524	0	0.0293483	-0.0335298	0
600	606.175	0	-225.797	0.10983	-0.00370525	0.0294683	0	0	-0.331634	0	80.8811	0	0.019898	-0.0254149	-0
600	605.02	0	-153.971	0.10983	-0.00301179	0.029355	0	0	-0.363561	0	-3.19263	0	0.0218136	-0.0191869	0
600	606.119	0	1095.8	0.10983	-0.00367119	0.0292522	-0	0	-0.128367	0	148.992	0	0.00770201	-0.0134186	-0
600	606.382	0	-1894.56	0.10983	-0.00382892	0.0291231	0	0	-0.0698345	0	-46.8259	0	0.00419007	-0.0120562	0
600	599.271	0	-2205.8	0.10983	0.000437329	0.0290484	0	0	-0.134752	0	14.8992	0	0.00808513	-0.0100809	-0
600	600.486	0	-369.449	0.10983	-0.00029176	0.0290672	0	0	-0.125174	0	-12.7707	0	0.00751045	-0.00785646	0
600	598.949	0	145.304	0.10983	0.000630872	0.0290611	-0	0	-0.10389	0	10.6423	0	0.00623338	-0.00569911	-0
600	601.978	0	1759	0.10983	-0.00118704	0.0291004	-0	0	-0.366753	0	-211.781	0	0.0220052	-0.00233856	0
600	600.939	0	1170.02	0.10983	-0.000563452	0.0290806	-0	0	-0.531708	0	-164.955	0	0.0319025	0.000962217	0
600	602.154	0	1933.77	0.10983	-0.0012924	0.0290644	-0	0	-0.27523	0	161.762	0	0.0165138	0.00968052	-0
600	601.481	0	-1197.84	0.10983	-0.000888428	0.0290094	0	0	-0.27523	0	-25.5414	0	0.0165138	0.0144048	0
600	595.925	0	-2021.45	0.10983	0.00244486	0.0290094	0	0	0.0206247	0	183.047	0	-0.00123748	0.0183437	-0
600	596.761	0	705.547	0.10983	0.00194341	0.0291439	-0	0	-0.13156	0	-92.5876	0	0.00789357	0.0181986	0
600	594.633	0	588.231	0.10983	0.00322042	0.0291763	-0	0	0.00891821	0	140.478	0	-0.000535093	0.0193827	-0
600	592.908	0	-668.724	0.10983	0.00425493	0.0292917	0	0	0.17813	0	-74.4957	0	-0.0106878	0.0170288	0
600	592.381	0	353.6	0.10983	0.00457123	0.0294379	-0	0	0.0802213	0	7.44957	0	-0.00481328	0.0147707	-0
600	593.7	0	11.2288	0.10983	0.00377988	0.0296729	-0	0	0.069579	0	-84.0738	0	-0.00417474	0.0112159	0
600	592.123	0	-79.7509	0.10983	0.00472636	0.0297359	0	0	0.0248816	0	-44.6975	0	-0.0014929	0.0105897	0
600	594.183	0	1330.43	0.10983	0.00348995	0.0298904	-0	0	0.210057	0	114.936	0	-0.0126034	0.00950965	-0
600	598.77	0	1031.16	0.10983	0.000737988	0.0299756	-0	0	0.293066	0	-30.8625	0	-0.017584	0.00470378	0
600	599.708	0	-2145.95	0.10983	0.000175232	0.0300023	0	0	0.167488	0	-23.413	0	-0.0100493	0.000348075	0
600	601.83	0	2048.69	0.10983	-0.0010979	0.03003	-0	0	0.492076	0	241.579	0	-0.0295246	-0.00341379	-0
600	601.728	0	-355.084	0.10983	-0.00103652	0.0299988	0	0	0.53571	0	-73.4315	0	-0.0321426	-0.0133248	0
600	602.498	0	-311.988	0.10983	-0.00149879	0.0299577	0	0	0.514425	0	18.0918	0	-0.0308655	-0.0226131	-0
600	602.343	0	-513.101	0.10983	-0.00140574	0.0299087	0	0	0.369691	0	-108.551	0	-0.0221814	-0.0315471	0
600	605.076	0	-48.6262	0.10983	-0.00304537	0.0298259	0	0	0.123855	0	-98.9729	0	-0.00743127	-0.0399197	0
600	602.445	0	-790.829	0.10983	-0.0014673	0.0297751	0	0	0.154717	0	30.8625	0	-0.00928302	-0.0410344	-0
600	602.304	0	-72.5683	0.10983	-0.00138223	0.0297355	0	0	0.228149	0	50.0186	0	-0.0136889	-0.045432	-0
600	600.189	0	-122.846	0.10983	-0.000113269	0.0297124	0	0	0.210057	0	-18.0918	0	-0.0126034	-0.0474854	0
600	601.059	0	643.298	0.10983	-0.00063523	0.0297056	-0	0	0.02701	0	-126.643	0	-0.0016206	-0.0507587	0
600	602.064	0	-589.716	0.10983	-0.00123812	0.0296814	0	0	-0.0804767	0	18.0918	0	0.0048286	-0.0501147	-0
600	595.149	0	-2361.43	0.10983	0.00291068	0.0296874	0	0	-0.345469	0	-201.139	0	0.0207281	-0.0480915	0
600	598.207	0	1998.42	0.10983	0.00107552	0.0297668	-0	0	-0.626424	0	-178.79	0	0.0375855	-0.0409535	0
600	595.449	0	-927.298	0.10983	0.00273047	0.0298184	0	0	-0.428478	0	150.056	0	0.0257087	-0.0301089	-0
600	597.079	0	1928.98	0.10983	0.00175276	0.0299107	-0	0	-0.325248	0	39.3764	0	0.0195149	-0.022971	-0
600	599.421	0	-175.519	0.10983	0.000347644	0.0299504	0	0	-0.207119	0	56.404	0	0.0124272	-0.017672	-0
600	597.988	0	911.449	0.10983	0.00120747	0.0299841	-0	0	-0.241175	0	-21.2845	0	0.0144705	-0.0138289	0
600	597.316	0	-929.693	0.10983	0.0016103	0.0300225	0	0	-0.168807	0	31.9268	0	0.0101284	-0.00985175	-0
600	596.345	0	-491.554	0.10983	0.00219327	0.0300814	0	0	-0.202863	0	-27.6698	0	0.0121718	-0.00675575	0
600	598.125	0	83.0549	0.10983	0.00112504	0.0301548	-0	0	-0.173064	0	36.1836	0	0.0103839	-0.00304676	-0
600	597.499	0	466.127	0.10983	0.00150062	0.0302051	-0	0	-0.0400361	0	67.0462	0	0.00240217	-0.000525437	-0
600	599.912	0	272.197	0.10983	5.28076e-05	0.030272	-0	0	-0.0698345	0	2.12845	0	0.00419007	0.0007471	-0
600	597.29	0	-2562.54	0.10983	0.00162594	0.0302729	0	0	-0.067706	0	2.12845	0	0.00406236	0.00137561	-0
600	592.695	0	-319.171	0.10983	0.00438329	0.030468	0	0	-0.21989	0	-29.7983	0	0.0131934	0.00498519	0
600	591.143	0	377.542	0.10983	0.00531449	0.030541	-0	0	-0.100697	0	119.193	0	0.00604182	0.0069642	-0
600	593.03	0	1466.9	0.10983	0.00418228	0.0307127	-0	0	-0.091119	0	-27.6699	0	0.00546714	0.00844151	0
600	594.753	0	1170.02	0.10983	0.0031485	0.0308421	-0	0	0.0344596	0	46.8259	0	-0.00206758	0.00937288	-0
600	594.293	0	-441.275	0.10983	0.00342407	0.0309379	0	0	-0.117725	0	-95.7803	0	0.00706347	0.00926024	0
600	592.981	0	-180.307	0.10983	0.00421143	0.0311255	0	0	-0.129431	0	0	0	0.00776586	0.0128794	0
600	591.19	0	-127.635	0.10983	0.00528615	0.0311957	0	0	-0.178385	0	-48.9543	0	0.0107031	0.0140443	0
600	591.845	0	734.278	0.10983	0.00489276	0.0313741	-0	0	-0.29545	0	-74.4958	0	0.017727	0.0176383	0
600	595.945	0	1457.33	0.10983	0.0024327	0.0315157	-0	0	-0.0549353	0	222.423	0	0.00329612	0.0227936	-0
600	599.96	0	-596.898	0.10983	2.42432e-05	0.0316036	0	0	0.100442	0	4.2569	0	-0.00602649	0.0210299	-0
600	598.05	0	-1094.89	0.10983	0.00117026	0.031604	0	0	0.297323	0	196.882	0	-0.0178394	0.0201259	-0
600	598.566	0	-419.728	0.10983	0.000860486	0.0316424	0	0	0.511232	0	38.3121	0	-0.0306739	0.0131937	-0
600	603.01	0	245.861	0.10983	-0.00180619	0.0316647	-0	0	0.562315	0	23.4129	0	-0.0337389	-0.000916029	-0
600	603.764	0	188.4	0.10983	-0.00225868	0.0316346	-0	0	0.569765	0	7.44963	0	-0.0341859	-0.00597687	-0
600	606.373	0	83.0549	0.10983	-0.00382368	0.0315596	-0	0	0.630426	0	73.4315	0	-0.0378255	-0.0161177	-0
600	605.909	0	-218.615	0.10983	-0.00354565	0.0314405	0	0	0.831564	0	18.0918	0	-0.0498939	-0.0291128	-0
600	604.642	0	-1195.45	0.10983	-0.00278503	0.0313264	0	0	0.517618	0	-225.616	0	-0.0310571	-0.043286	0
600	606.755	0	1581.83	0.10983	-0.00405322	0.0312265	-0	0	0.257947	0	-78.7527	0	-0.0154768	-0.0509748	0
600	606.044	0	-335.93	0.10983	-0.00362666	0.0310428	0	0	0.105763	0	-37.2479	0	-0.00634576	-0.056292	0
600	603.15	0	-1027.85	0.10983	-0.0018898	0.0309482	0	0	-0.0219443	0	-59.5966	0	0.00131666	-0.0575827	0
600	599.413	0	-891.385	0.10983	0.000352112	0.0309167	0	0	-0.160294	0	-138.349	0	0.00961762	-0.0573852	0
600	595.846	0	-673.513	0.10983	0.0024921	0.0309503	0	0	-0.235854	0	22.3488	0	0.0141512	-0.0536188	-0
600	595.532	0	327.263	0.10983	0.00268107	0.0310305	-0	0	-0.198606	0	-20.2203	0	0.0119163	-0.0498906	0
600	597.668	0	1186.78	0.10983	0.00139904	0.0311187	-0	0	-0.218826	0	-24.4772	0	0.0131296	-0.046354	0
600	595.339	0	-22.29	0.10983	0.00279642	0.0311819	0	0	-0.340148	0	-51.0828	0	0.0204089	-0.041783	0
600	594.04	0	-103.693	0.10983	0.00357594	0.0312834	0	0	-0.325248	0	23.413	0	0.0195149	-0.0355837	-0
600	592.868	0	-278.47	0.10983	0.00427939	0.0314105	0	0	-0.364625	0	-31.9268	0	0.0218775	-0.0296622	0
600	592.002	0	-812.377	0.10983	0.00479876	0.0316465	0	0	-0.349726	0	11.7065	0	0.0209835	-0.0196928	-0
600	590.025	0	-441.275	0.10983	0.00598502	0.0317265	0	0	-0.326313	0	23.4129	0	0.0195788	-0.0165453	-0
600	591.426	0	638.51	0.10983	0.0051445	0.031919	-0	0	-0.146459	0	87.2665	0	0.00878752	-0.0115049	-0
600	592.752	0	559.501	0.10983	0.00434886	0.0320859	-0	0	-0.101761	0	11.7065	0	0.00610567	-0.00916559	-0
600	593.822	0	485.281	0.10983	0.00370653	0.0322256	-0	0	-0.197541	0	-108.551	0	0.0118525	-0.00744882	0
600	595.498	0	-65.3856	0.10983	0.00270128	0.0323452	0	0	-0.407194	0	-56.4039	0	0.0244316	-0.00251384	0
600	592.376	0	-939.269	0.10983	0.00457449	0.0324579	0	0	-0.463598	0	-21.2845	0	0.0278159	0.00513172	0
600	592.855	0	638.51	0.10983	0.00428719	0.0326136	-0	0	-0.26778	0	151.12	0	0.0160668	0.0130742	-0
600	594.829	0	923.42	0.10983	0.00310261	0.0327415	-0	0	-0.0474857	0	3.19267	0	0.00284914	0.0159403	-0
600	593.827	0	-381.42	0.10983	0.00370389	0.0329254	0	0	-0.226276	0	20.2203	0	0.0135765	0.019866	-0
600	591.109	0	-795.617	0.10983	0.0053347	0.0329871	0	0	-0.117725	0	108.551	0	0.00706347	0.0219025	-0
600	593.067	0	1574.64	0.10983	0.0041599	0.0331625	-0	0	0.0280743	0	110.679	0	-0.00168446	0.0237054	-0
600	596.341	0	1059.89	0.10983	0.00219547	0.0332822	-0	0	0.230277	0	14.8991	0	-0.0138166	0.0215144	-0
600	597.712	0	166.852	0.10983	0.001373	0.0333342	-0	0	-0.0187516	0	-84.0738	0	0.0011251	0.018854	0
600	598.306	0	-402.968	0.10983	0.00101646	0.0333897	0	0	0.151524	0	86.2022	0	-0.00909146	0.0184348	-0
600	598.067	0	669.634	0.10983	0.00115953	0.033438	-0	0	0.236662	0	51.0828	0	-0.0141997	0.0154009	-0
600	600.161	0	186.006	0.10983	-9.68628e-05	0.0334605	-0	0	0.428223	0	31.9267	0	-0.0256934	0.00970428	-0
600	600.545	0	-252.133	0.10983	-0.000327173	0.0334561	0	0	0.443122	0	43.6333	0	-0.0265873	0.00225487	-0
600	601.078	0	-362.267	0.10983	-0.000646582	0.0334448	0	0	0.446315	0	-15.9634	0	-0.0267789	-0.00589373	0
600	603.501	0	-249.739	0.10983	-0.0021004	0.0334079	0	0	0.504847	0	48.9544	0	-0.0302908	-0.0140136	-0
600	603.433	0	-39.0494	0.10983	-0.00205975	0.0333441	0	0	0.61127	0	51.0828	0	-0.0366762	-0.0235989	-0
599.881	606.604	-238.996	760.614	0.103981	-0.00403367	0.0332592	-0	0	0.420773	0	-121.322	0	-0.0252464	-0.0339792	0
598.923	607.111	-718.989	-496.342	0.0921021	-0.00491265	0.033118	-0	0	0.461214	0	84.0738	0	-0.0276728	-0.0411604	-0
597.005	608.322	-1198.98	66.2955	0.0860968	-0.00614301	0.0329622	-0	0	0.56338	0	35.1194	0	-0.0338028	-0.0500657	-0
594.127	606.294	-1678.98	-678.301	0.0678176	-0.00730038	0.0327589	-0	0	0.18558	0	-273.506	0	-0.0111348	-0.0592679	0
590.289	601.701	-2158.97	92.6317	0.0554117	-0.0068473	0.0324367	-0	0	-0.0879263	0	-2.12845	0	0.00527558	-0.0599876	0
585.491	599.085	-2638.96	-479.583	0.0428302	-0.00815592	0.0323226	-0	0	-0.111339	0	-23.413	0	0.00668035	-0.0591962	0
579.734	603.472	-3118.96	3331.99	0.0300729	-0.0142432	0.031869	-0	0	-0.107082	0	34.0552	0	0.00642494	-0.0554238	-0
573.016	599.85	-3598.95	-1128.41	0.0171399	-0.0161007	0.0316316	-0	0	-0.111339	0	-4.2569	0	0.00668035	-0.0544601	0
565.338	594.325	-4078.95	-2684.64	0.00403117	-0.0173925	0.0311166	-0	0	-0.400808	0	-223.487	0	0.0240485	-0.0518621	0
556.7	584.965	-4558.94	-4207.35	-0.00925328	-0.0169591	0.0305894	-0	0	-0.215633	0	204.331	0	0.012938	-0.0444752	-0
547.102	580.911	-5038.93	-1080.53	-0.0227134	-0.0202851	0.0296662	-0	0	-0.39123	0	-206.46	0	0.0234738	-0.0398408	0
536.545	581.442	-5518.93	-766.887	-0.0295094	-0.0236991	0.0293281	-0	0	-0.566828	0	-175.597	0	0.0340097	-0.0363197	0
525.027	575.016	-5998.92	-2909.7	-0.050161	-0.0299932	0.0285153	-0	0	-0.790315	0	-39.3763	0	0.0474189	-0.0244598	0
512.549	565.41	-6478.92	-4159.47	-0.0641483	-0.0317164	0.027574	-0	0	-0.94782	0	-116.001	0	0.0568692	-0.00986057	0
499.112	564.225	-6958.91	-704.638	-0.0783114	-0.039068	0.0265201	-0	0	-0.860554	0	-45.7617	0	0.0516332	0.00600294	0
484.714	556.739	-7438.9	-3055.74	-0.0926502	-0.0432149	0.0244943	-0	0	-1.05318	0	10.6423	0	0.0631907	0.0322741	-0
469.356	551.941	-7918.9	-3738.09	-0.0998855	-0.0448715	0.023774	-0	0	-0.942499	0	110.679	0	0.0565499	0.0417527	-0
453.039	547.561	-8398.89	-53.4146	-0.121855	-0.0567133	0.0222177	-0	0	-0.833948	0	65.9819	0	0.0500369	0.0583346	-0
435.761	531.66	-8878.88	-5531.35	-0.136721	-0.0575394	0.0204107	-0	0	-0.511488	0	163.891	0	0.0306893	0.0719185	-0
417.792	517.178	-9000	-5253.62	-0.142963	-0.0596316	0.0185634	-0	0	-0.588112	0	-96.8445	0	0.0352867	0.0809433	0
399.792	499.912	-9000	-6541.7	-0.144611	-0.0546722	0.016671	-0	0	-0.100697	0	313.946	0	0.00604182	0.0899681	-0
381.793	480.631	-9000	-6594.37	-0.149553	-0.059303	0.0148548	-0	0	0.106827	0	1.06422	0	-0.00640962	0.0899226	-0
363.793	466.168	-9000	-1978.35	-0.1512	-0.0560253	0.0129681	-0	0	0.0802213	0	44.6975	0	-0.00481328	0.0886414	-0
345.793	444.492	-9000	-4133.13	-0.156143	-0.0592197	0.0111042	-0	0	0.76239	0	391.635	0	-0.0457434	0.0845826	-0
327.793	403.757	-9000	-4623.95	-0.159437	-0.0455782	0.008334	-0	0	0.0961847	0	-487.415	0	-0.00577108	0.064908	0
309.793	384.278	-9000	-6175.39	-0.162732	-0.0446905	0.00757436	-0	0	-0.650901	0	-747.086	0	0.0390541	0.0640423	0
291.794	348.498	-9000	-3165.88	-0.166027	-0.0340228	0.00626116	-0	0	-1.14683	0	-60.6608	0	0.0688098	0.079676	0
273.794	309.974	-9000	-1497.12	-0.169322	-0.0217082	0.00531936	-0	0	-1.30646	0	-106.423	0	0.0783878	0.100798	0
255.794	242.179	-9000	-2773.23	-0.172617	0.00816921	0.0046964	-0	0	-2.02375	0	-336.295	0	0.121425	0.141158	0
237.794	218.022	-9000	-1542.61	-0.174264	0.0172633	0.00483255	-0	0	-2.18871	0	-164.955	0	0.131322	0.159372	0
219.795	168.902	-9000	-2727.74	-0.179207	0.0305353	0.00554996	-0	0	-2.01524	0	369.286	0	0.120914	0.200531	-0
201.795	100.86	-9000	-19484.8	-0.182501	0.060561	0.00688496	0	0	1.59142	0	1993.29	0	-0.0954853	0.222285	-0
183.795	47.1469	-9000	-14500	-0.185796	0.0819889	0.00921924	0	0	1.949	0	-388.442	0	-0.11694	0.186925	0
165.808	21.0396	-8921.21	-5363.75	-0.187168	0.0868612	0.0135064	-0	0	2.75888	0	567.232	0	-0.165533	0.133891	-0
148.446	22.5619	-8441.22	-1743.72	-0.178642	0.0755305	0.0149541	-0	0	3.14838	0	389.507	0	-0.188903	0.109061	-0
132.044	29.2659	-7961.22	-1980.75	-0.169942	0.0616668	0.0174369	-0	0	2.69609	0	-391.635	0	-0.161765	0.0529357	0
116.602	32.8422	-7481.23	-5684.58	-0.161065	0.0502557	0.0194762	-0	0	1.30834	0	-701.324	0	-0.0785002	0.0105839	0
102.119	42.7226	-7001.23	-3053.35	-0.152013	0.0356381	0.0211114	-0	0	0.875198	0	-30.8625	0	-0.0525119	-0.00934563	0
88.597	56.7588	-6521.24	-1279.25	-0.147421	0.0230877	0.0222348	-0	0	0.844335	0	-55.3398	0	-0.0506601	-0.0253195	0
76.0347	66.8494	-6041.25	-4236.08	-0.133381	0.00551116	0.0228762	-0	0	-0.0464215	0	-524.663	0	0.00278529	-0.0372227	0
64.4324	76.577	-5561.25	-2045.39	-0.128613	-0.0038781	0.0230235	-0	0	-0.765838	0	-229.873	0	0.0459503	-0.0319812	0
53.79	86.6262	-5081.26	-1691.05	-0.114046	-0.0197017	0.0227794	-0	0	-0.309285	0	446.975	0	0.0185571	-0.0182823	-0
44.1076	84.0521	-4601.27	-9582.34	-0.104115	-0.0239667	0.0217261	0	0	0.040845	0	-522.535	0	-0.0024507	-0.0241262	0
35.3852	87.4578	-4121.27	-5938.36	-0.0940085	-0.0312436	0.0213266	0	0	-0.612589	0	-653.434	0	0.0367554	-0.0244939	0
27.6227	101.384	-3641.28	-1997.51	-0.0837261	-0.044257	0.0202186	-0	0	-0.49446	0	206.46	0	0.0296676	-0.0126723	-0
20.8202	114.351	-3161.28	-2011.87	-0.0732679	-0.0561185	0.0186719	-0	0	-0.407194	0	-60.6608	0	0.0244316	-0.00510333	0
14.9777	125.234	-2681.29	-1461.21	-0.0626341	-0.0661536	0.0167441	-0	0	-0.734975	0	-129.836	0	0.0440985	0.00400767	0
10.0952	129.715	-2201.3	-2845.05	-0.0572513	-0.0703791	0.0145135	0	0	-0.388038	0	287.341	0	0.0232823	0.0167009	-0
6.17267	127.101	-1721.3	-5698.94	-0.0408392	-0.072557	0.0121588	0	0	-0.0272654	0	-58.5324	0	0.00163593	0.0199118	0
3.2101	125.083	-1241.31	-6201.72	-0.0296782	-0.0731239	0.0097487	0	0	-0.722205	0	-246.9	0	0.0433323	0.0244349	0
1.2075	124.573	-761.315	-4679.01	-0.0183415	-0.074019	0.0073231	0	0	-0.318863	0	262.864	0	0.0191318	0.0361703	-0
0.164878	127.495	-281.321	-3546.55	-0.00682904	-0.0763982	0.00484137	0	0	-0.195413	0	25.5414	0	0.0117248	0.0410287	-0
0	133.883	0	-874.626	-0.00100692	-0.0803275	0.00226532	0	0	-0.0144947	0	150.056	0	0.000869685	0.0442683	-0
0	135.162	0	-3510.64	0	-0.0810975	-0.000426497	0	0	0.290938	0	131.964	0	-0.0174563	0.042968	-0
0	132.245	0	-5124.33	0	-0.0793472	-0.00311621	0	0	0.214314	0	-54.2755	0	-0.0128588	0.0379323	0
0	132.102	0	-2447.62	0	-0.0792613	-0.00575107	0	0	0.230277	0	73.4315	0	-0.0138166	0.0345918	-0
0	134.792	0	-1844.28	0	-0.0808752	-0.00840973	0	0	0.479306	0	77.6885	0	-0.0287583	0.0289048	-0
0	133.313	0	-2562.54	0	-0.0799875	-0.01109	0	0	0.303709	0	-105.358	0	-0.0182225	0.0209094	0
0	131.611	0	-2493.11	0	-0.0789668	-0.013748	0	0	0.342021	0	106.423	0	-0.0205212	0.0160557	-0
0	127.404	0	-3644.72	0	-0.0764423	-0.0163618	0	0	0.389911	0	-50.0186	0	-0.0233946	0.00901813	0
0	121.045	0	-3496.28	0	-0.0726271	-0.0201173	0	0	-0.0357792	0	-77.6884	0	0.00214675	0.00331787	0
0	118.314	0	-3410.09	0	-0.0709881	-0.0213278	0	0	-0.0804767	0	-44.6975	0	0.0048286	0.00363988	0
0	113.02	0	-2789.99	0	-0.0678119	-0.0248266	0	0	0.100442	0	23.413	0	-0.00602649	0.00389714	-0
0	110.496	0	-2730.13	0	-0.0662975	-0.0259568	0	0	0.105763	0	5.32113	0	-0.00634576	0.00299317	-0
0	105.885	0	-2423.67	0	-0.063531	-0.0281417	0	0	0.121726	0	-7.44958	0	-0.00730356	0.000878725	0
0	101.249	0	-2557.75	0	-0.0607491	-0.030237	0	0	-0.0613207	0	-96.8445	0	0.00367924	-0.000536525	0
0	94.5125	0	-3388.54	0	-0.0567075	-0.0322302	0	0	-0.136881	0	-4.25692	0	0.00821284	0.00120897	0
0	87.0806	0	-3958.36	0	-0.0522483	-0.0340858	0	0	-0.00491672	0	95.7803	0	0.000295003	0.00334717	-0
0	80.0304	0	-3168.27	0	-0.0480183	-0.0357876	0	0	0.0631937	0	-5.32113	0	-0.00379162	0.00277479	0
0	71.808	0	-2627.18	0	-0.0430848	-0.038103	0	0	-0.0379077	0	-8.5138	0	0.00227446	0.00241906	0
0	68.8354	0	-2572.11	0	-0.0413012	-0.0388211	0	0	-0.0272654	0	10.6423	0	0.00163593	0.00276023	-0
0	63.8591	0	-2090.88	0	-0.0383154	-0.0401728	0	0	0.0461661	0	37.2479	0	-0.00276997	0.00292536	-0
0	57.3033	0	-3187.42	0	-0.034382	-0.0414182	0	0	0.0440376	0	1.06423	0	-0.00264226	0.0021231	-0
0	49.3137	0	-2229.74	0	-0.0295883	-0.0430537	0	0	0.017432	0	-36.1837	0	-0.00104592	0.0006659	0
0	46.5607	0	-2277.63	0	-0.0279364	-0.0435468	0	0	-0.0528069	0	-70.2389	0	0.00316841	0.000509012	0
0	40.9564	0	-2057.36	0	-0.0245738	-0.0444492	0	0	-0.0847336	0	-2.12845	0	0.00508402	0.00172772	0
0	36.0593	0	-2071.73	0	-0.0216356	-0.0452452	0	0	-0.00810939	0	54.2755	0	0.000486564	0.00305179	-0
0	30.6424	0	-2179.47	0	-0.0183854	-0.0459385	0	0	0.0663864	0	22.3487	0	-0.00398318	0.00272843	-0
0	24.1222	0	-1403.74	0	-0.0144733	-0.0467869	0	0	0.0248816	0	-19.1561	0	-0.0014929	0.00119461	0
0	19.8186	0	-1568.94	0	-0.0118912	-0.0472493	0	0	0.00785398	0	-3.19267	0	-0.000471239	0.000871253	0
0	17.8154	0	-1497.12	0	-0.0106892	-0.0474475	0	0	0.00466131	0	-3.19267	0	-0.000279679	0.000800567	0
0	13.8411	0	-1243.33	0	-0.00830463	-0.0477838	0	0	-0.00172405	0	-3.19268	0	0.000103443	0.000745398	0
0	10.0756	0	-1248.12	0	-0.00604533	-0.0480426	0	0	-0.00385249	0	-2.12845	0	0.00023115	0.00077643	0
0	6.26227	0	-1236.15	0	-0.00375736	-0.048224	0	0	-0.0123663	0	-5.32112	0	0.000741978	0.000874509	0
0	2.49218	0	-1355.86	0	-0.00149531	-0.0483305	0	0	0.00359708	0	14.8992	0	-0.000215825	0.00108752	-0
0	-1.28675	0	-1372.62	0	0.000772052	-0.0483602	0	0	0.0365881	0	14.8992	0	-0.00219528	0.000859951	-0
0	-4.49144	0	-1178.69	0	0.00269487	-0.0483186	0	0	0.0610652	0	9.57803	0	-0.00366391	6.72732e-05	-0
0	-8.54808	0	-798.011	0	0.00512885	-0.0481399	0	0	0.0674506	0	3.19268	0	-0.00404704	-0.00165811	-0
0	-9.48854	0	-651.965	0	0.00569312	-0.0480544	0	0	0.0844782	0	17.0276	0	-0.00506869	-0.00226517	-0
0	-11.1735	0	-268.893	0	0.00670409	-0.0478555	0	0	0.135561	0	27.6699	0	-0.00813366	-0.00399649	-0
0	-12.2749	0	-96.5103	0	0.00736491	-0.0476272	0	0	0.194093	0	26.6056	0	-0.0116456	-0.00672393	-0
0	-12.9697	0	75.8723	0	0.00778184	-0.047377	-0	0	0.252626	0	26.6056	0	-0.0151575	-0.010505	-0
0	-13.9067	0	-15.1074	0	0.00834402	-0.0471131	0	0	0.298387	0	20.2203	0	-0.0179032	-0.0152821	-0
0	-14.4718	0	-62.9914	0	0.00868307	-0.0468313	0	0	0.316479	0	3.19269	0	-0.0189888	-0.0207872	-0
0	-15.5108	0	-252.133	0	0.00930648	-0.0465369	0	0	0.30158	0	-10.6423	0	-0.0180948	-0.0264455	0
0	-16.3422	0	-271.287	0	0.00980531	-0.0462217	0	0	0.280296	0	-8.51378	0	-0.0168177	-0.031759	0
0	-17.4362	0	-153.971	0	0.0104617	-0.0457194	0	0	0.285617	0	5.32112	0	-0.017137	-0.0393078	-0
0	-17.6525	0	-163.548	0	0.0105915	-0.0455451	0	0	0.292002	0	6.38536	0	-0.0175201	-0.0418784	-0
0	-17.9616	0	-127.635	0	0.0107769	-0.0451904	0	0	0.30158	0	5.32112	0	-0.0180948	-0.0471727	-0
0	-18.1397	0	-153.971	0	0.0108838	-0.0448296	0	0	0.297323	0	-2.12845	0	-0.0178394	-0.052582	0
0	-18.2868	0	-173.125	0	0.0109721	-0.0444655	0	0	0.286681	0	-6.38536	0	-0.0172009	-0.0578955	0
0	-18.2793	0	-127.635	0	0.0109676	-0.0440996	0	0	0.262204	0	-14.8991	0	-0.0157322	-0.0629696	0
