0	-0.0189405	0	-21.0451	0	0	0	0	0	0.00131964	0	1.06422	0	-7.91784e-05	0	-0
0.48	0.103169	480	144.155	0.0264646	0	0	0	0	-0.0167722	0	-19.1561	0	0.00100633	-3.33315e-05	0
1.92	0.389113	960	45.9926	0.0531928	0	0	0	0	-0.0742404	0	-18.0918	0	0.00445442	0.000622955	0
4.32	0.0182502	1440	-140.755	0.0801845	0	0	0	0	-0.0497632	0	11.7065	0	0.00298579	0.00184434	-0
7.68	-0.147283	1920	-21.0451	0.10744	0	0	0	0	-0.0784972	0	-28.7341	0	0.00470983	0.00274008	0
12	1.47619	2400	1243.09	0.134959	0	0	0	0	-0.0689192	0	52.147	0	0.00413515	0.00453615	-0
17.28	7.15357	2880	3419.42	0.162741	0	0	-0	0	0.156697	0	94.716	0	-0.00940179	0.0045986	-0
23.52	12.6231	3360	3084.23	0.190787	0	0	0	0	0.0885861	0	-39.3763	0	-0.00531517	0.00203667	0
30.72	20.7805	3840	5183.95	0.219097	0	0	-0	0	0.167339	0	51.0828	0	-0.0100403	0.000193093	-0
38.88	28.2786	4320	3397.88	0.247671	0	0	0	0	0.212036	0	22.3487	0	-0.0127222	-0.00302014	-0
48	33.7944	4800	3634.9	0.276507	0	0	0	0	-0.00506571	0	-197.946	0	0.000303943	-0.00666439	0
58.08	46.0343	5280	3922.21	0.305608	0	0	0	0	-0.427563	0	-207.524	0	0.0256538	-0.00463845	0
69.12	57.9237	5760	2018.81	0.334972	0	0	0	0	-0.632959	0	-114.936	0	0.0379775	0.00387182	0
81.12	85.8909	6240	8203.04	0.3646	-0	0	-0	0	-1.01821	0	-245.836	0	0.0610925	0.0165198	0
94.08	116.597	6720	7956.44	0.394491	-0	0	-0	0	-1.54713	0	-268.185	0	0.0928277	0.0371942	0
108	156.008	7200	9321.13	0.424646	-0	0	-0	0	-1.34173	0	172.404	0	0.0805039	0.0647455	-0
122.88	188.09	7680	3342.81	0.455064	-0	0	0	0	-1.8217	0	-404.406	0	0.109302	0.0895768	0
138.72	227.488	8160	3232.68	0.485746	-0	-0	0	0	-2.46023	0	-309.69	0	0.147614	0.125327	0
147	255.414	8400	6373.87	0.501186	-0	-0	0	0	-2.20801	0	252.221	0	0.132481	0.147469	-0
164.28	310.409	8880	4460.9	0.532263	-0	-0	0	0	-1.37047	0	44.6973	0	0.082228	0.180078	-0
182.25	384.651	9000	13511	0.543781	-0	-0	-0	0	-0.863895	0	602.351	0	0.0518337	0.205608	-0
200.25	463.986	9000	16664.1	0.548723	-0	-0	-0	0	0.19288	0	153.248	0	-0.0115728	0.213026	-0
218.25	537.088	9000	7429.71	0.553666	-0	-0	0	0	-1.27043	0	-761.985	0	0.0762258	0.215866	0
236.25	601.757	9000	-2961.12	0.558608	-0	-0	0	0	-1.37792	0	83.0097	0	0.082675	0.240449	-0
254.25	678.667	9000	-1900.49	0.56355	-0	-0	0	0	-1.24063	0	114.936	0	0.0744379	0.26505	-0
272.25	785.145	9000	10523	0.568493	-0	-0	-0	0	0.862278	0	1542.06	0	-0.0517367	0.282334	-0
290.25	894.536	9000	146.549	0.573435	-0	-0	0	0	1.62958	0	-124.514	0	-0.097775	0.258786	0
308.25	1015.2	9000	11183.8	0.578377	-0	-0	-0	0	-1.42368	0	-1794.28	0	0.0854207	0.240785	0
326.25	1135.63	9000	4037.13	0.58332	-0	-0	0	0	-2.5475	0	-251.157	0	0.15285	0.274265	0
344.25	1246.38	9000	3395.48	0.588262	-0	-0	0	0	-0.436077	0	1782.58	0	0.0261646	0.31716	-0
362.25	1368.83	9000	18306.6	0.593204	-0	-0	-0	0	4.37848	0	2068.85	0	-0.262709	0.300298	-0
380.25	1476.57	9000	24471.6	0.598146	-0	-0	-0	0	-0.725546	0	-3999.36	0	0.0435328	0.231428	0
398.25	1578.37	9000	9689.84	0.603089	-0	-0	-0	0	-4.24494	0	-847.123	0	0.254696	0.268538	0
416.25	1634.14	9000	7671.53	0.608031	-0	-0	0	0	-1.47263	0	1614.43	0	0.0883579	0.334526	-0
434.236	1691.03	8920.01	8428.09	0.608582	-0	-0	0	0	1.38481	0	657.691	0	-0.0830887	0.341236	-0
451.596	1726.84	8440.01	-866.198	0.587016	-0	-0	0	0	0.875049	0	-197.946	0	-0.0525029	0.319115	0
467.996	1767.84	7960.01	-2139.91	0.565186	-0	-0	0	0	0.958058	0	71.3031	0	-0.0574835	0.303259	-0
483.436	1834.02	7480.01	-1773.6	0.543092	-0	-0	0	0	0.801617	0	-130.9	0	-0.048097	0.286244	0
497.916	1921.74	7000.01	11162.3	0.520735	-0	-0	-0	0	-1.77168	0	-1794.28	0	0.106301	0.278826	0
511.436	2029.02	6520.01	11119.2	0.498115	-0	-0	-0	0	-4.76002	0	-658.756	0	0.285601	0.331683	0
523.997	2114.58	6040.01	7135.22	0.475231	-0	-0	-0	0	-2.05051	0	2049.7	0	0.12303	0.411425	-0
535.597	2194.29	5560	15613.1	0.452083	-0	-0	-0	0	-0.217911	0	-442.718	0	0.0130746	0.427856	0
546.237	2252.11	5080	13805.5	0.428671	-0	-0	-0	0	-2.75502	0	-525.727	0	0.165301	0.449881	0
555.917	2268.27	4600	18866.8	0.404996	-0	-0	-0	0	2.65656	0	3538.55	0	-0.159394	0.482614	-0
568.637	2241.91	3880	-995.485	0.36899	-0	-0	0	0	4.24439	0	-697.067	0	-0.254663	0.368044	0
575.917	2205	3400	7887	0.344656	-0	-0	-0	0	3.68354	0	-299.047	0	-0.221012	0.294001	0
582.237	2169.47	2920	-5024.93	0.320058	-0	-0	0	0	3.55264	0	37.2481	0	-0.213158	0.229211	-0
587.597	2144.78	2440	-492.703	0.295197	-0	-0	0	0	3.5984	0	-7.44986	0	-0.215904	0.164785	0
591.997	2129.84	1960	-2264.41	0.270073	-0	-0	0	0	3.64523	0	58.532	0	-0.218714	0.100119	-0
595.437	2114.33	1480	3500.83	0.244684	-0	-0	-0	0	5.44696	0	1181.29	0	-0.326818	0.0289207	-0
597.917	2122.73	999.995	19819.7	0.219032	-0	-0	-0	0	10.037	0	1529.29	0	-0.602218	-0.096671	-0
599.437	2090.45	519.995	7484.78	0.193117	-0	-0	-0	0	6.66337	0	-2462.62	0	-0.399802	-0.269138	0
599.997	2071.58	39.9935	17068.8	0.166938	-0	-0	-0	0	1.90948	0	-1173.84	0	-0.114569	-0.356858	0
600	2007.56	0	6912.56	0.164745	-0	-0	-0	0	4.78075	0	2132.71	0	-0.286845	-0.397875	-0
600	1935.18	0	10707.4	0.164745	-0	-0	-0	0	7.05288	0	102.166	0	-0.423173	-0.503459	-0
600	1837.87	0	-610.019	0.164745	-0	-0	0	0	6.1717	0	-218.166	0	-0.370302	-0.624443	0
600	1755.55	0	21306.5	0.164745	-0	-0	-0	0	2.57781	0	-2454.1	0	-0.154669	-0.725276	0
600	1661.89	0	4250.21	0.164745	-0	-0	-0	0	-0.435013	0	-955.674	0	0.0261008	-0.753162	0
600	1517.11	0	-20266.4	0.164745	-0	-0	0	0	-3.06365	0	-1057.84	0	0.183819	-0.731195	0
600	1417.86	0	-789.584	0.164745	-0	-0	0	0	-3.52446	0	-50.0185	0	0.211468	-0.672352	0
600	1346.18	0	13855.7	0.164745	-0	-0	-0	0	-5.77423	0	-1387.75	0	0.346454	-0.601153	0
600	1285.12	0	11875.7	0.164745	-0	-0	-0	0	-9.00841	0	-1206.83	0	0.540505	-0.478971	0
600	1182.05	0	-12198	0.164745	-0	-0	0	0	-11.9914	0	-1258.98	0	0.719486	-0.301303	0
600	1109.46	0	4178.38	0.164745	-0	-0	-0	0	-11.8584	0	401.214	0	0.711504	-0.0830438	-0
600	1051.97	0	618.207	0.164745	-0	-0	-0	0	-11.7254	0	-6.38485	0	0.703523	0.129153	0
600	1006.06	0	785.801	0.164745	-0	-0	-0	0	-11.0134	0	576.809	0	0.660805	0.338993	-0
600	969.1	0	-2846.2	0.164745	-0	-0	0	0	-8.66573	0	1123.82	0	0.519944	0.52622	-0
600	935.738	0	-4572.42	0.164745	-0	-0	0	0	-6.42554	0	1677.22	0	0.385532	0.677136	-0
600	915.59	0	-370.599	0.164745	-0	-0	0	0	-1.93131	0	2931.94	0	0.115879	0.778735	-0
600	902.282	0	790.589	0.164745	-0	-0	-0	0	2.57355	0	2446.65	0	-0.154413	0.794975	-0
600	882.176	0	-11515.6	0.164745	-0	-0	0	0	5.11066	0	1274.94	0	-0.30664	0.737292	-0
600	880.526	0	5298.87	0.164745	-0	-0	-0	0	6.50906	0	638.535	0	-0.390543	0.638461	-0
600	898.198	0	668.485	0.164745	-0	-0	-0	0	6.82832	0	91.5232	0	-0.409699	0.519248	-0
600	914.895	0	797.772	0.164745	-0	-0	-0	0	7.74143	0	627.893	0	-0.464486	0.393771	-0
600	934.613	0	5471.25	0.164745	-0	-0	-0	0	9.25795	0	860.958	0	-0.555477	0.248526	-0
600	952.098	0	6302.04	0.164745	-0	-0	-0	0	10.4956	0	687.49	0	-0.629739	0.0769307	-0
600	963.154	0	5590.96	0.164745	-0	-0	-0	0	10.4573	0	-467.195	0	-0.62744	-0.115851	0
600	967.521	0	4556.67	0.164745	-0	-0	-0	0	8.92059	0	-801.362	0	-0.535235	-0.297464	0
600	962.395	0	2035.57	0.164745	-0	-0	-0	0	7.23699	0	-915.234	0	-0.434219	-0.45112	0
600	944.153	0	-6399.2	0.164745	-0	-0	0	0	5.89819	0	-692.81	0	-0.353892	-0.575572	0
600	925.666	0	-1627.55	0.164745	-0	-0	0	0	5.14898	0	-316.075	0	-0.308939	-0.677841	0
600	923.868	0	10757.7	0.164745	-0	-0	-0	0	3.03862	0	-1531.42	0	-0.182317	-0.765312	0
600	923.567	0	7834.33	0.164745	-0	-0	-0	0	-2.37616	0	-3705.63	0	0.14257	-0.804625	0
600	906.705	0	-1194.2	0.164745	-0	-0	0	0	-9.53839	0	-3685.41	0	0.572304	-0.730562	0
600	881.815	0	-985.908	0.164745	-0	-0	0	0	-11.9765	0	-664.077	0	0.718592	-0.542905	0
600	859.829	0	-260.465	0.164745	-0	-0	0	0	-11.7743	0	127.707	0	0.70646	-0.327998	-0
600	845.421	0	-222.158	0.164745	-0	-0	0	0	-11.8531	0	-63.8533	0	0.711185	-0.115926	0
600	840.767	0	3318.87	0.164745	-0	-0	-0	0	-11.7924	0	-30.8628	0	0.707545	0.0966063	0
600	837.901	0	675.668	0.164745	-0	-0	-0	0	-11.3529	0	320.333	0	0.681174	0.307797	-0
600	837.228	0	-1991.47	0.164745	-0	-0	0	0	-6.92359	0	2420.05	0	0.415416	0.494066	-0
600	842.894	0	235.135	0.164745	-0	-0	-0	0	-2.7497	0	1299.42	0	0.164982	0.592821	-0
600	846.313	0	-2661.85	0.164745	-0	-0	0	0	-0.43927	0	1031.23	0	0.0263562	0.630802	-0
600	856.31	0	-368.204	0.164745	-0	-0	0	0	1.27413	0	637.471	0	-0.076448	0.629026	-0
600	868.757	0	-4502.99	0.164745	-0	-0	0	0	2.17021	0	258.607	0	-0.130213	0.600354	-0
600	896.431	0	1144.93	0.164745	-0	-0	-0	0	2.27025	0	13.8347	0	-0.136215	0.560515	-0
600	924.413	0	-2127.94	0.164745	-0	-0	0	0	2.41179	0	88.3307	0	-0.144707	0.519171	-0
600	963.319	0	5885.45	0.164745	-0	-0	-0	0	4.33378	0	1178.1	0	-0.260027	0.469064	-0
600	985.194	0	-2089.64	0.164745	-0	-0	0	0	6.43563	0	783.27	0	-0.386138	0.379189	-0
600	1000.31	0	136.972	0.164745	-0	-0	-0	0	8.48639	0	923.747	0	-0.509183	0.253204	-0
600	1029.96	0	8492.74	0.164745	-0	-0	-0	0	9.55168	0	354.386	0	-0.573101	0.0940513	-0
600	1037.41	0	-73.7175	0.164745	-0	-0	0	0	9.16323	0	-307.561	0	-0.549794	-0.0771509	0
600	1049.64	0	6859.89	0.164745	-0	-0	-0	0	7.73717	0	-802.426	0	-0.46423	-0.236476	0
600	1049.44	0	3175.21	0.164745	-0	-0	-0	0	5.56402	0	-907.784	0	-0.333841	-0.364357	0
600	1047.76	0	5986.01	0.164745	-0	-0	-0	0	3.34299	0	-896.077	0	-0.200579	-0.452585	0
600	1029.93	0	-2118.37	0.164745	-0	-0	0	0	1.45079	0	-748.15	0	-0.0870477	-0.502463	0
600	1010.42	0	-2197.37	0.164745	-0	-0	0	0	-1.05971	0	-1040.81	0	0.0635828	-0.51535	0
600	1006.26	0	5296.48	0.164745	-0	-0	-0	0	-3.40527	0	-821.582	0	0.204316	-0.482559	0
600	988.895	0	-3387.29	0.164745	-0	-0	0	0	-4.00017	0	-30.8623	0	0.24001	-0.416188	0
600	982.599	0	1508.85	0.164745	-0	-0	-0	0	-4.52802	0	-361.837	0	0.271681	-0.342691	0
600	973.354	0	1324.5	0.164745	-0	-0	-0	0	-6.07221	0	-765.178	0	0.364333	-0.254175	0
600	967.867	0	903.117	0.164745	-0	-0	-0	0	-6.21588	0	107.487	0	0.372953	-0.142615	-0
600	965.395	0	3069.87	0.164745	-0	-0	-0	0	-6.05944	0	130.899	0	0.363567	-0.0309588	-0
600	965.045	0	1762.64	0.164745	-0	-0	-0	0	-5.24425	0	372.479	0	0.314655	0.0741267	-0
600	960.858	0	-3789.52	0.164745	-0	-0	0	0	-3.9693	0	819.454	0	0.238158	0.164424	-0
600	964.058	0	5660.4	0.164745	-0	-0	-0	0	-3.10196	0	459.745	0	0.186118	0.232203	-0
600	974.575	0	2995.65	0.164745	-0	-0	-0	0	-1.42368	0	1035.49	0	0.0854207	0.282253	-0
600	977.064	0	-2113.58	0.164745	-0	-0	0	0	-0.349875	0	636.407	0	0.0209925	0.303943	-0
600	981.779	0	2693.98	0.164745	-0	-0	-0	0	0.284404	0	432.075	0	-0.0170642	0.308421	-0
600	987.024	0	-480.732	0.164745	-0	-0	0	0	0.989985	0	349.066	0	-0.0593991	0.300093	-0
600	994.483	0	718.763	0.164745	-0	-0	-0	0	1.63384	0	328.846	0	-0.0980305	0.279438	-0
600	1003.4	0	-1534.18	0.164745	-0	-0	0	0	1.7807	0	54.2755	0	-0.106842	0.249195	-0
600	1009.18	0	1573.49	0.164745	-0	-0	-0	0	2.04038	0	202.203	0	-0.122423	0.216626	-0
600	1021.52	0	2662.86	0.164745	-0	-0	-0	0	3.0184	0	707.71	0	-0.181104	0.177466	-0
600	1023.97	0	362.027	0.164745	-0	-0	-0	0	3.50581	0	201.138	0	-0.210349	0.120558	-0
600	1024.14	0	419.488	0.164745	-0	-0	-0	0	3.83679	0	162.827	0	-0.230207	0.0559404	-0
600	1020.11	0	1001.28	0.164745	-0	-0	-0	0	3.68354	0	-131.964	0	-0.221012	-0.0129302	0
600	1016.67	0	510.468	0.164745	-0	-0	-0	0	2.90878	0	-518.277	0	-0.174527	-0.0769256	0
600	1011.93	0	596.659	0.164745	-0	-0	-0	0	2.56717	0	3.19242	0	-0.15403	-0.12618	-0
600	1012.12	0	2365.97	0.164745	-0	-0	-0	0	2.08614	0	-260.735	0	-0.125168	-0.170407	0
600	1013.34	0	3397.88	0.164745	-0	-0	-0	0	1.26881	0	-582.131	0	-0.0761287	-0.20584	0
600	1012.44	0	-25.8335	0.164745	-0	-0	0	0	0.390826	0	-581.067	0	-0.0234496	-0.226007	0
600	1010.62	0	1180.84	0.164745	-0	-0	-0	0	-0.461618	0	-432.075	0	0.0276971	-0.229258	0
600	1009.74	0	385.969	0.164745	-0	-0	-0	0	-0.997988	0	-183.047	0	0.0598793	-0.217769	0
600	1006.18	0	-1227.72	0.164745	-0	-0	0	0	-1.35237	0	-227.744	0	0.0811425	-0.198666	0
600	1000.17	0	12.4738	0.164745	-0	-0	-0	0	-1.67271	0	-181.983	0	0.100362	-0.173078	0
600	1000.59	0	840.868	0.164745	-0	-0	-0	0	-2.10691	0	-221.359	0	0.126415	-0.141054	0
600	999.192	0	488.92	0.164745	-0	-0	-0	0	-2.1282	0	13.8347	0	0.127692	-0.102813	-0
600	996.668	0	-590.865	0.164745	-0	-0	0	0	-2.25058	0	-68.1105	0	0.135035	-0.0640171	0
600	993.298	0	-270.042	0.164745	-0	-0	0	0	-2.4017	0	-75.5599	0	0.144102	-0.0228266	0
600	1000.06	0	2852	0.164745	-0	-0	-0	0	-2.39532	0	6.38533	0	0.143719	-0.00121125	-0
600	1003.62	0	673.273	0.164745	-0	-0	-0	0	-2.02922	0	142.606	0	0.121753	0.039893	-0
600	1006.91	0	1587.86	0.164745	-0	-0	-0	0	-1.7323	0	174.533	0	0.103938	0.0753176	-0
600	1007.75	0	1935.02	0.164745	-0	-0	-0	0	-0.801106	0	623.636	0	0.0480664	0.103731	-0
600	1004.51	0	-1831.06	0.164745	-0	-0	0	0	-0.646794	0	-7.44963	0	0.0388076	0.116695	0
600	1006.83	0	871.992	0.164745	-0	-0	-0	0	-0.154057	0	283.084	0	0.00924343	0.12645	-0
600	1008.9	0	1252.67	0.164745	-0	-0	-0	0	0.260991	0	206.46	0	-0.0156594	0.127346	-0
600	1011.12	0	1434.63	0.164745	-0	-0	-0	0	0.649433	0	247.964	0	-0.038966	0.121384	-0
600	1009.02	0	-1675.44	0.164745	-0	-0	0	0	0.886755	0	65.982	0	-0.0532053	0.108152	-0
600	1004.24	0	-303.561	0.164745	-0	-0	0	0	1.03468	0	103.23	0	-0.0620809	0.0917883	-0
600	1007.34	0	1968.54	0.164745	-0	-0	-0	0	1.6232	0	350.13	0	-0.0973919	0.0710186	-0
600	1005.43	0	-461.578	0.164745	-0	-0	0	0	1.70514	0	-15.9634	0	-0.102309	0.0409198	0
600	1004.86	0	182.462	0.164745	-0	-0	-0	0	1.67747	0	13.835	0	-0.100648	0.0106008	-0
600	1007.5	0	1836.86	0.164745	-0	-0	-0	0	1.50081	0	-179.854	0	-0.0900488	-0.0196225	0
600	1010.87	0	-28.2277	0.164745	-0	-0	0	0	1.04745	0	-242.643	0	-0.0628472	-0.0447407	0
600	1012.49	0	136.972	0.164745	-0	-0	-0	0	0.520662	0	-270.313	0	-0.0312397	-0.0612865	0
600	1011.3	0	572.717	0.164745	-0	-0	-0	0	-0.0199649	0	-173.469	0	0.00119789	-0.067354	0
600	1010.82	0	338.085	0.164745	-0	-0	-0	0	0.0800723	0	-30.8625	0	-0.00480434	-0.0681728	0
600	1012.8	0	-102.448	0.164745	-0	-0	0	0	-0.323269	0	-181.982	0	0.0193961	-0.0676218	0
600	1011.17	0	-456.79	0.164745	-0	-0	0	0	-0.375416	0	18.0918	0	0.022525	-0.0611708	-0
600	1014.29	0	939.03	0.164745	-0	-0	-0	0	-0.45204	0	-63.8535	0	0.0271224	-0.0542984	0
600	1016.77	0	634.966	0.164745	-0	-0	-0	0	-0.75428	0	-122.386	0	0.0452568	-0.044543	0
600	1018.5	0	194.433	0.164745	-0	-0	-0	0	-0.78195	0	6.38527	0	0.046917	-0.0306595	-0
600	1014.92	0	-1421.65	0.164745	-0	-0	0	0	-1.15869	0	-291.598	0	0.0695211	-0.0158181	0
600	1018.02	0	1302.95	0.164745	-0	-0	-0	0	-1.14272	0	184.111	0	0.0685633	0.00655156	-0
600	1016.75	0	-145.544	0.164745	-0	-0	0	0	-0.719161	0	140.478	0	0.0431497	0.0245728	-0
600	1015.69	0	539.198	0.164745	-0	-0	-0	0	-0.570169	0	76.6242	0	0.0342102	0.0368664	-0
600	1015.97	0	96.2708	0.164745	-0	-0	-0	0	-0.249838	0	90.4592	0	0.0149903	0.0450606	-0
600	1013.01	0	541.592	0.164745	-0	-0	-0	0	-0.254094	0	28.7341	0	0.0152457	0.0498546	-0
600	1015.09	0	1839.25	0.164745	-0	-0	-0	0	0.166275	0	311.818	0	-0.00997647	0.0534513	-0
600	1014.16	0	-305.955	0.164745	-0	-0	0	0	0.369542	0	6.3853	0	-0.0221725	0.0486865	-0
600	1014.23	0	771.436	0.164745	-0	-0	-0	0	0.382312	0	29.7983	0	-0.0229387	0.042188	-0
600	1014.29	0	14.868	0.164745	-0	-0	-0	0	0.674974	0	74.4957	0	-0.0404984	0.0333428	-0
600	1012.84	0	-2695.37	0.164745	-0	-0	0	0	0.64624	0	0	0	-0.0387744	0.0214519	0
600	1008.79	0	-1237.3	0.164745	-0	-0	0	0	0.779268	0	61.7251	0	-0.0467561	0.00917786	-0
600	1006.19	0	153.732	0.164745	-0	-0	-0	0	0.695194	0	-108.551	0	-0.0417117	-0.00506926	0
600	1009.42	0	1839.25	0.164745	-0	-0	-0	0	0.545139	0	-87.2665	0	-0.0327083	-0.0170177	0
600	1011.38	0	12.4738	0.164745	-0	-0	-0	0	0.0960357	0	-240.515	0	-0.00576214	-0.0249529	0
600	1010.18	0	-392.146	0.164745	-0	-0	0	0	0.159889	0	72.3673	0	-0.00959335	-0.0266049	-0
600	1015.48	0	1992.48	0.164745	-0	-0	-0	0	0.167339	0	-31.9268	0	-0.0100403	-0.0298373	0
600	1017.09	0	761.859	0.164745	-0	-0	-0	0	0.0545309	0	-39.3763	0	-0.00327185	-0.0321885	0
600	1020.56	0	1487.3	0.164745	-0	-0	-0	0	-0.148736	0	-164.955	0	0.00892417	-0.0328252	0
600	1022.95	0	223.164	0.164745	-0	-0	-0	0	-0.319012	0	-53.2112	0	0.0191407	-0.0290944	0
600	1019	0	-3066.47	0.164745	-0	-0	0	0	-0.595711	0	-169.212	0	0.0357426	-0.0223848	0
600	1024.92	0	-262.859	0.164745	-0	-0	0	0	-0.595711	0	43.6332	0	0.0357426	-0.0112693	-0
600	1020.07	0	211.193	0.164745	-0	-0	-0	0	-0.697876	0	-84.0738	0	0.0418726	-0.000383695	0
600	1019.39	0	1130.57	0.164745	-0	-0	-0	0	-0.778757	0	26.6056	0	0.0467254	0.0131455	-0
600	1019.81	0	316.537	0.164745	-0	-0	-0	0	-0.522279	0	120.257	0	0.0313367	0.0259371	-0
600	1017.71	0	-461.578	0.164745	-0	-0	0	0	-0.332847	0	114.936	0	0.0199708	0.0346677	-0
600	1015.16	0	-880.563	0.164745	-0	-0	0	0	-0.00825839	0	68.1104	0	0.000495503	0.0383506	-0
600	1016.2	0	596.659	0.164745	-0	-0	-0	0	0.208844	0	70.2389	0	-0.0125306	0.0371775	-0
600	1018.73	0	395.546	0.164745	-0	-0	-0	0	0.429138	0	94.716	0	-0.0257483	0.0322881	-0
600	1018.05	0	259.077	0.164745	-0	-0	-0	0	0.431267	0	-35.1194	0	-0.025876	0.0242284	0
600	1018.44	0	-80.9001	0.164745	-0	-0	0	0	0.41956	0	11.7065	0	-0.0251736	0.0166763	-0
600	1020.7	0	869.598	0.164745	-0	-0	-0	0	0.518533	0	-7.44957	0	-0.031112	0.00816642	0
600	1018.69	0	946.212	0.164745	-0	-0	-0	0	0.462129	0	-5.32112	0	-0.0277277	-0.000707426	0
600	1018.56	0	-61.7465	0.164745	-0	-0	0	0	0.143926	0	-184.111	0	-0.00863555	-0.00781892	0
600	1018.86	0	168.097	0.164745	-0	-0	-0	0	0.168403	0	61.7251	0	-0.0101042	-0.0100744	-0
600	1021.25	0	642.149	0.164745	-0	-0	-0	0	0.254605	0	23.413	0	-0.0152763	-0.0136707	-0
600	1024.78	0	713.975	0.164745	-0	-0	-0	0	0.0790081	0	-116.001	0	-0.00474048	-0.0177172	0
600	1028.87	0	907.905	0.164745	-0	-0	-0	0	-0.158314	0	-131.964	0	0.00949885	-0.0181912	0
600	1028.54	0	-677.056	0.164745	-0	-0	0	0	-0.141287	0	30.8625	0	0.00847719	-0.015217	-0
600	1027.54	0	-1000.27	0.164745	-0	-0	0	0	-0.188112	0	-43.6332	0	0.0112867	-0.0126451	0
600	1027.55	0	278.23	0.164745	-0	-0	-0	0	-0.284957	0	-68.1104	0	0.0170974	-0.00900047	0
600	1026.4	0	-243.706	0.164745	-0	-0	0	0	-0.409471	0	-32.991	0	0.0245683	-0.00304753	0
600	1034.71	0	776.224	0.164745	-0	-0	-0	0	-0.457361	0	-42.569	0	0.0274417	0.00437084	0
600	1025.63	0	-248.494	0.164745	-0	-0	0	0	-0.508444	0	5.32114	0	0.0305067	0.013111	-0
600	1025.23	0	103.453	0.164745	-0	-0	-0	0	-0.410536	0	63.8535	0	0.0246321	0.0219565	-0
600	1024.04	0	752.282	0.164745	-0	-0	-0	0	-0.0816899	0	125.579	0	0.0049014	0.0275167	-0
600	1025.08	0	704.398	0.164745	-0	-0	-0	0	0.0279253	0	98.9729	0	-0.00167552	0.0288914	-0
600	1022.77	0	-691.422	0.164745	-0	-0	0	0	0.221614	0	52.147	0	-0.0132969	0.0271148	-0
600	1025.08	0	1465.75	0.164745	-0	-0	-0	0	0.431267	0	97.9087	0	-0.025876	0.0221201	-0
600	1027.32	0	-35.4103	0.164745	-0	-0	0	0	0.555781	0	12.7707	0	-0.0333469	0.0133516	-0
600	1026.85	0	263.865	0.164745	-0	-0	-0	0	0.458936	0	-52.147	0	-0.0275362	0.0037498	0
600	1025.25	0	-1447.99	0.164745	-0	-0	0	0	0.430202	0	-4.2569	0	-0.0258121	-0.00429076	0
600	1023.43	0	-504.674	0.164745	-0	-0	0	0	0.370606	0	-67.0462	0	-0.0222363	-0.0121014	0
600	1025.29	0	160.914	0.164745	-0	-0	-0	0	0.0843292	0	-129.835	0	-0.00505975	-0.0173644	0
600	1026.41	0	206.404	0.164745	-0	-0	-0	0	0.00238387	0	-10.6423	0	-0.000143032	-0.0182406	0
600	1031.1	0	1288.58	0.164745	-0	-0	-0	0	-0.0944606	0	-36.1837	0	0.00566764	-0.0177375	0
600	1035.01	0	2404.28	0.164745	-0	-0	-0	0	-0.171085	0	-61.725	0	0.0102651	-0.0159032	0
600	1036.27	0	-1187.02	0.164745	-0	-0	0	0	-0.254094	0	-27.6699	0	0.0152457	-0.0123256	0
600	1036.26	0	-1158.29	0.164745	-0	-0	0	0	-0.258351	0	-2.12845	0	0.0155011	-0.00773272	0
600	1035.97	0	570.323	0.164745	-0	-0	-0	0	-0.373288	0	-100.037	0	0.0223973	-0.0029483	0
600	1035.59	0	-753.671	0.164745	-0	-0	0	0	-0.446719	0	9.57805	0	0.0268031	0.00451796	-0
600	1030.11	0	321.326	0.164745	-0	-0	-0	0	-0.47971	0	-35.1194	0	0.0287826	0.0125398	0
600	1026.74	0	-404.117	0.164745	-0	-0	0	0	-0.502059	0	2.12842	0	0.0301235	0.0213948	-0
600	1024.29	0	22.0506	0.164745	-0	-0	-0	0	-0.453105	0	24.4772	0	0.0271863	0.0302116	-0
600	1024.55	0	1111.41	0.164745	-0	-0	-0	0	-0.0657265	0	285.212	0	0.00394359	0.037448	-0
600	1029.42	0	2160.07	0.164745	-0	-0	-0	0	0.497249	0	322.46	0	-0.0298349	0.0364664	-0
600	1025.76	0	-667.48	0.164745	-0	-0	0	0	0.374863	0	-97.9088	0	-0.0224918	0.0277363	0
600	1025.08	0	-133.573	0.164745	-0	-0	0	0	0.433395	0	18.0918	0	-0.0260037	0.0206248	-0
600	1023.41	0	-1407.29	0.164745	-0	-0	0	0	0.329101	0	-13.8349	0	-0.0197461	0.0136378	0
600	1018.74	0	-2264.41	0.164745	-0	-0	0	0	0.384441	0	15.9634	0	-0.0230664	0.00735958	-0
600	1020.38	0	567.929	0.164745	-0	-0	-0	0	0.312073	0	-55.3397	0	-0.0187244	0.00059289	0
600	1021.16	0	-234.129	0.164745	-0	-0	0	0	0.186495	0	-75.56	0	-0.0111897	-0.00457426	0
600	1020.21	0	-420.877	0.164745	-0	-0	0	0	0.083265	0	-56.4039	0	-0.0049959	-0.00750974	0
600	1024.63	0	1779.39	0.164745	-0	-0	-0	0	-0.111488	0	-91.5234	0	0.00668929	-0.00807944	0
600	1029.6	0	2550.33	0.164745	-0	-0	-0	0	-0.17747	0	-37.2479	0	0.0106482	-0.00581404	0
600	1031.18	0	-1558.12	0.164745	-0	-0	0	0	-0.0135795	0	51.0828	0	0.000814771	-0.00363485	-0
600	1036.07	0	2145.71	0.164745	-0	-0	-0	0	-0.242388	0	-139.413	0	0.0145433	-0.00258587	0
600	1035.32	0	-1699.38	0.164745	-0	-0	0	0	-0.242388	0	29.7983	0	0.0145433	0.0020453	-0
600	1035.23	0	-416.088	0.164745	-0	-0	0	0	-0.304113	0	-60.6608	0	0.0182468	0.00641786	0
600	1034.39	0	-444.819	0.164745	-0	-0	0	0	-0.313691	0	10.6422	0	0.0188215	0.0120739	-0
600	1035.99	0	-542.981	0.164745	-0	-0	0	0	-0.272186	0	11.7064	0	0.0163312	0.0174521	-0
600	1031.95	0	2057.12	0.164745	-0	-0	-0	0	-0.0189006	0	203.267	0	0.00113404	0.0219013	-0
600	1028.83	0	-1914.86	0.164745	-0	-0	0	0	0.188623	0	37.2479	0	-0.0113174	0.020709	-0
600	1024.56	0	24.4448	0.164745	-0	-0	-0	0	0.157761	0	9.57802	0	-0.00946564	0.0176778	-0
600	1026.61	0	1525.61	0.164745	-0	-0	-0	0	-0.0220933	0	-171.34	0	0.0013256	0.0149147	0
600	1024.32	0	-923.659	0.164745	-0	-0	0	0	0.132219	0	171.34	0	-0.00793316	0.0154657	-0
600	1022.96	0	-705.787	0.164745	-0	-0	0	0	0.434459	0	216.038	0	-0.0260676	0.0123099	-0
600	1022.11	0	-1143.93	0.164745	-0	-0	0	0	0.497249	0	-60.6608	0	-0.0298349	0.00337856	0
600	1020.67	0	43.5984	0.164745	-0	-0	-0	0	0.516405	0	64.9178	0	-0.0309843	-0.00516006	-0
600	1021.31	0	41.2042	0.164745	-0	-0	-0	0	0.546203	0	-4.2569	0	-0.0327722	-0.0147618	0
600	1020.84	0	-344.262	0.164745	-0	-0	0	0	0.494056	0	-38.3121	0	-0.0296434	-0.024469	0
600	1021.17	0	996.491	0.164745	-0	-0	-0	0	0.230128	0	-214.973	0	-0.0138077	-0.0329214	0
600	1023.76	0	965.366	0.164745	-0	-0	-0	0	-0.107231	0	-161.762	0	0.00643388	-0.0354833	0
600	1026.85	0	1032.4	0.164745	-0	-0	-0	0	-0.102974	0	32.991	0	0.00617847	-0.0332946	-0
600	1027	0	1539.97	0.164745	-0	-0	-0	0	-0.220039	0	-144.735	0	0.0132024	-0.03169	0
600	1027.26	0	-66.5349	0.164745	-0	-0	0	0	-0.317948	0	-47.8902	0	0.0190769	-0.0272792	0
600	1028	0	-135.967	0.164745	-0	-0	0	0	-0.211525	0	45.7617	0	0.0126915	-0.0221021	-0
600	1024.81	0	-2096.82	0.164745	-0	-0	0	0	-0.53505	0	-255.414	0	0.032103	-0.0176816	0
600	1022.68	0	-648.326	0.164745	-0	-0	0	0	-0.721289	0	-110.679	0	0.0432774	-0.00737066	0
600	1022.99	0	34.0216	0.164745	-0	-0	-0	0	-0.95329	0	-62.7893	0	0.0571974	0.00713545	0
600	1020.93	0	125.001	0.164745	-0	-0	-0	0	-0.810684	0	91.5233	0	0.0486411	0.0238349	-0
600	1021.87	0	1422.66	0.164745	-0	-0	-0	0	-0.51483	0	234.13	0	0.0308898	0.0378717	-0
600	1017.2	0	-3310.68	0.164745	-0	-0	0	0	-0.392444	0	76.6242	0	0.0235466	0.0467268	-0
600	1014.05	0	706.792	0.164745	-0	-0	-0	0	0.14499	0	260.735	0	-0.0086994	0.0513005	-0
600	1015.2	0	359.633	0.164745	-0	-0	-0	0	0.349321	0	97.9087	0	-0.0209593	0.0477329	-0
600	1013.33	0	-899.717	0.164745	-0	-0	0	0	0.595157	0	183.047	0	-0.0357094	0.04088	-0
600	1015.51	0	927.059	0.164745	-0	-0	-0	0	0.652625	0	-39.3763	0	-0.0391575	0.0292956	0
600	1015.91	0	89.0882	0.164745	-0	-0	-0	0	0.597286	0	2.12848	0	-0.0358371	0.0180655	-0
600	1020.78	0	3045.93	0.164745	-0	-0	-0	0	0.649433	0	29.7983	0	-0.038966	0.00711323	-0
600	1019.85	0	-935.63	0.164745	-0	-0	0	0	0.573873	0	-71.3031	0	-0.0344324	-0.00453825	0
600	1019.2	0	-698.604	0.164745	-0	-0	0	0	0.463193	0	-58.5324	0	-0.0277916	-0.0143986	0
600	1024.58	0	725.946	0.164745	-0	-0	-0	0	0.247156	0	-148.992	0	-0.0148293	-0.0221327	0
600	1027.08	0	89.0882	0.164745	-0	-0	-0	0	0.186495	0	-21.2845	0	-0.0111897	-0.0262271	0
600	1030.97	0	1003.67	0.164745	-0	-0	-0	0	0.0694301	0	-58.5324	0	-0.0041658	-0.0290572	0
600	1029.28	0	-3825.43	0.164745	-0	-0	0	0	-0.0742404	0	-71.3031	0	0.00445442	-0.0296557	0
600	1027.47	0	-83.2943	0.164745	-0	-0	0	0	-0.254094	0	-85.138	0	0.0152457	-0.0274669	0
600	1030.03	0	-179.062	0.164745	-0	-0	0	0	-0.536114	0	-128.771	0	0.0321668	-0.021514	0
600	1028.77	0	-935.63	0.164745	-0	-0	0	0	-0.453105	0	136.221	0	0.0271863	-0.011385	-0
600	1027.28	0	-9.07404	0.164745	-0	-0	0	0	-0.537178	0	-107.487	0	0.0322307	-0.00343984	0
600	1025.54	0	472.161	0.164745	-0	-0	-0	0	-0.596775	0	-17.0276	0	0.0358065	0.00661249	0
600	1021.3	0	-595.653	0.164745	-0	-0	0	0	-0.548885	0	40.4406	0	0.0329331	0.0172874	-0
600	1021.29	0	1389.14	0.164745	-0	-0	-0	0	-0.432884	0	36.1836	0	0.0259731	0.026449	-0
600	1022.56	0	1884.74	0.164745	-0	-0	-0	0	-0.20514	0	136.221	0	0.0123084	0.0334172	-0
600	1024.71	0	994.096	0.164745	-0	-0	-0	0	0.185431	0	179.854	0	-0.0111258	0.0352132	-0
600	1023.3	0	-97.6595	0.164745	-0	-0	0	0	0.455744	0	105.358	0	-0.0273446	0.0303909	-0
600	1024.36	0	72.3288	0.164745	-0	-0	-0	0	0.444037	0	-43.6332	0	-0.0266422	0.0219002	0
600	1024.14	0	-18.6508	0.164745	-0	-0	0	0	0.41956	0	15.9634	0	-0.0251736	0.0142715	-0
600	1025.42	0	2.89697	0.164745	-0	-0	-0	0	0.489799	0	31.9268	0	-0.0293879	0.00637457	-0
600	1021.91	0	-3219.7	0.164745	-0	-0	0	0	0.440845	0	-30.8625	0	-0.0264507	-0.00227899	0
600	1019.12	0	-780.007	0.164745	-0	-0	0	0	0.36422	0	-36.1837	0	-0.0218532	-0.00985023	0
600	1019.79	0	251.894	0.164745	-0	-0	-0	0	0.217357	0	-81.9453	0	-0.0130414	-0.0158219	0
600	1021.11	0	1144.93	0.164745	-0	-0	-0	0	-0.145543	0	-128.771	0	0.00873261	-0.0176272	0
600	1022.94	0	740.311	0.164745	-0	-0	-0	0	-0.208333	0	-12.7707	0	0.0125	-0.0145573	0
600	1028.78	0	1985.3	0.164745	-0	-0	-0	0	-0.207269	0	14.8992	0	0.0124361	-0.0106827	-0
600	1027.98	0	-863.804	0.164745	-0	-0	0	0	-0.152993	0	26.6056	0	0.00917958	-0.00720094	-0
600	1028.18	0	-286.801	0.164745	-0	-0	0	0	-0.077433	0	95.7803	0	0.00464598	-0.00426509	-0
600	1028.14	0	-468.761	0.164745	-0	-0	0	0	-0.0401851	0	-53.2113	0	0.00241111	-0.00368542	0
600	1025.7	0	-1143.93	0.164745	-0	-0	0	0	0.0215399	0	43.6332	0	-0.0012924	-0.00312492	-0
600	1024.43	0	278.23	0.164745	-0	-0	-0	0	-0.127452	0	-112.808	0	0.0076471	-0.00318698	0
599.881	1023.8	-238.996	385.969	0.151601	-0	-0	-0	0	-0.45949	0	-193.689	0	0.0275694	0.00035229	0
598.923	1021.45	-718.989	634.966	0.125005	-0	-0	-0	0	-0.321141	0	109.615	0	0.0192684	0.0083645	-0
597.005	1020.93	-1198.98	694.821	0.0981461	-0	-0	-0	0	-0.208333	0	69.1746	0	0.0125	0.0137523	-0
594.127	1018.85	-1678.98	-337.08	0.0710235	-0	-0	-0	0	-0.146608	0	27.6699	0	0.00879646	0.0171958	-0
590.289	1016.1	-2158.97	-823.103	0.0436372	-0	-0	-0	0	-0.123195	0	11.7065	0	0.00739168	0.0197294	-0
585.491	1013.09	-2638.96	-976.332	0.0159874	-0	-0	-0	0	0.0481455	0	128.771	0	-0.00288873	0.0215638	-0
579.734	1006.66	-3118.96	-2441.58	-0.011926	-0	-0	-0	0	-0.140222	0	-199.01	0	0.00841334	0.0206014	0
573.016	999.923	-3598.95	-1641.92	-0.040103	-0	-0	-0	0	-0.0274144	0	91.5234	0	0.00164487	0.0229338	-0
565.338	987.625	-4078.95	-4886.06	-0.0685435	-0	-0	0	0	0.407854	0	221.359	0	-0.0244712	0.0215021	-0
556.7	976.246	-4558.94	-5527.71	-0.0972477	-0	-0	0	0	-0.504187	0	-852.444	0	0.0302512	0.0146971	0
547.102	969.116	-5038.93	-2460.74	-0.126215	-0	-0	-0	0	-0.860703	0	177.726	0	0.0516422	0.0285806	-0
536.545	958.426	-5518.93	-2135.13	-0.155447	-0	-0	-0	0	-0.455233	0	97.9087	0	0.027314	0.0413053	-0
525.027	951.631	-5998.92	1927.84	-0.184942	-0	-0	-0	0	-0.531857	0	-67.0462	0	0.0319114	0.0495856	0
512.549	935.497	-6478.92	-667.48	-0.2147	-0	-0	-0	0	-0.546756	0	12.7707	0	0.0328054	0.0594081	-0
499.112	905.795	-6958.91	409.911	-0.244722	-0	-0	-0	0	-1.00969	0	-378.864	0	0.0605817	0.0700064	0
484.714	856.078	-7438.9	-10730.3	-0.275008	-0	-0	0	0	-1.19593	0	129.835	0	0.071756	0.0910256	-0
469.356	778.836	-7918.9	-23378.9	-0.305557	-0	-0	0	0	0.82503	0	1123.82	0	-0.0495018	0.104478	-0
453.039	720.467	-8398.89	-11412.7	-0.33637	-0	-0	0	0	-0.155121	0	-908.848	0	0.00930729	0.0902693	0
435.761	674.582	-8878.88	-6621.86	-0.367446	-0	-0	-0	0	0.451487	0	817.325	0	-0.0270892	0.0949579	-0
417.792	622.471	-9000	-7184.5	-0.379025	-0	-0	-0	0	2.117	0	718.352	0	-0.12702	0.0783067	-0
399.792	568.267	-9000	-1531.79	-0.383967	-0	-0	-0	0	1.44441	0	-518.278	0	-0.0866645	0.0415895	0
381.793	488.338	-9000	-9059.16	-0.388909	-0	-0	0	0	1.23795	0	172.405	0	-0.074277	0.0189999	-0
363.793	391.894	-9000	-15648	-0.393852	-0	-0	0	0	3.01627	0	877.986	0	-0.180976	-0.0113862	-0
345.793	293.852	-9000	-13196.3	-0.398794	0	-0	0	0	2.73851	0	-538.498	0	-0.16431	-0.0680256	0
327.793	200.717	-9000	-11314.5	-0.403736	0	-0	0	0	2.51289	0	316.075	0	-0.150773	-0.112444	-0
309.793	114.663	-9000	-7763.89	-0.408678	0	-0	-0	0	4.12413	0	615.122	0	-0.247448	-0.166641	-0
291.794	27.6882	-9000	-6897.19	-0.413621	0	-0	-0	0	4.02622	0	-266.057	0	-0.241573	-0.242388	0
273.794	-65.0643	-9000	-7795.02	-0.418563	0	-0	-0	0	4.13158	0	286.276	0	-0.247895	-0.313232	-0
255.794	-159.374	-9000	-10213.2	-0.423505	0	-0	0	0	5.26072	0	490.607	0	-0.315643	-0.393347	-0
237.794	-255.452	-9000	-5747.98	-0.428447	0	-0	-0	0	5.52146	0	64.9176	0	-0.331287	-0.489802	-0
219.795	-348.431	-9000	-8415.12	-0.43339	0	-0	-0	0	4.44552	0	-996.115	0	-0.266731	-0.58847	0
201.795	-449.492	-9000	-17999.1	-0.438332	0	-0	0	0	1.9563	0	-1071.67	0	-0.117378	-0.655732	0
183.795	-527.945	-9000	-11498.8	-0.443274	0	-0	0	0	1.89245	0	34.0552	0	-0.113547	-0.690064	-0
165.808	-583.725	-8921.21	-2096.82	-0.443891	0	-0	-0	0	1.66364	0	-116	0	-0.0998184	-0.723113	0
148.446	-638.776	-8441.22	-631.567	-0.422325	0	-0	-0	0	1.36672	0	-207.524	0	-0.0820032	-0.752254	0
132.044	-709.618	-7961.22	-4467.08	-0.400497	0	-0	-0	0	0.428074	0	-653.434	0	-0.0256844	-0.774288	0
116.602	-784.73	-7481.23	-8367.23	-0.378404	0	-0	0	0	-0.290278	0	-72.3673	0	0.0174167	-0.776179	0
102.119	-875.552	-7001.23	-18087.7	-0.356048	0	-0	0	0	-1.80999	0	-1538.87	0	0.108599	-0.771127	0
88.597	-941.832	-6521.24	-6971.41	-0.333429	0	-0	0	0	-4.58123	0	-920.555	0	0.274874	-0.721891	0
76.0347	-985.821	-6041.25	-1634.74	-0.310545	0	-0	-0	0	-3.94483	0	407.598	0	0.23669	-0.641488	-0
64.4324	-1032.69	-5561.25	1089.86	-0.287399	0	-0	-0	0	-3.79371	0	-65.9819	0	0.227622	-0.572435	0
53.79	-1084.9	-5081.26	682.85	-0.263988	0	-0	-0	0	-3.79477	0	45.7623	0	0.227686	-0.503727	-0
44.1076	-1139.86	-4601.27	-4005	-0.240314	0	-0	-0	0	-4.07892	0	-342.681	0	0.244735	-0.435948	0
35.3852	-1206.5	-4121.27	-16220.2	-0.216377	0	-0	0	0	-5.82638	0	-768.371	0	0.349583	-0.353715	0
27.6227	-1270.83	-3641.28	-26905.5	-0.192176	0	-0	0	0	-7.37802	0	-1245.14	0	0.442681	-0.246082	0
20.8202	-1273.58	-3161.28	-4663.4	-0.167711	0	-0	0	0	-8.68489	0	-306.497	0	0.521093	-0.104274	0
14.9777	-1252.37	-2681.29	-1433.62	-0.142983	0	-0	-0	0	-8.25707	0	185.175	0	0.495424	0.0498698	-0
10.0952	-1220.87	-2201.3	1693.2	-0.117991	0	-0	-0	0	-8.2592	0	-21.2841	0	0.495552	0.198325	0
6.17267	-1192.4	-1721.3	-303.561	-0.0927357	0	-0	-0	0	-8.1102	0	134.092	0	0.486612	0.346856	-0
3.2101	-1162.97	-1241.31	-2731.28	-0.0672167	0	-0	0	0	-7.70899	0	323.523	0	0.46254	0.492141	-0
1.2075	-1151.71	-761.315	-29919.8	-0.0414341	0	-0	0	0	-8.95733	0	-690.682	0	0.53744	0.635921	0
0.164878	-1124.57	-281.321	-22785.1	-0.015388	0	-0	0	0	-5.37515	0	2284.89	0	0.322509	0.785478	-0
0	-1019.05	0	1537.58	0	0	-0	-0	0	-4.15767	0	-79.8173	0	0.24946	0.870555	0
0	-903.595	0	1899.1	0	0	-0	-0	0	-4.40138	0	-32.9909	0	0.264083	0.947289	0
0	-785.549	0	-1713.75	0	0	-0	0	0	-3.87991	0	395.892	0	0.232795	1.02538	-0
0	-672.909	0	2890.3	0	0	-0	-0	0	-0.312627	0	2091.2	0	0.0187576	1.08194	-0
0	-562.887	0	-1732.9	0	0	-0	0	0	5.66938	0	2174.21	0	-0.340163	1.05329	-0
0	-488.453	0	-3674.6	0	0	-0	0	0	11.2321	0	1981.59	0	-0.673925	0.919016	-0
0	-406.352	0	-7002.54	0	0	-0	0	0	14.8483	0	1661.26	0	-0.8909	0.699243	-0
0	-338.86	0	-6332.16	0	0	-0	0	0	17.7079	0	820.518	0	-1.06247	0.413622	-0
0	-254.495	0	-633.961	0	0	-0	0	0	17.5366	0	-353.321	0	-1.05219	0.0932417	0
0	-177.752	0	3493.64	0	0	-0	-0	0	16.168	0	-1195.12	0	-0.970078	-0.220855	0
0	-103.876	0	4293.31	0	0	-0	-0	0	12.6709	0	-2053.95	0	-0.760255	-0.498891	0
0	-54.31	0	-1629.95	0	0	-0	0	0	8.49171	0	-2458.36	0	-0.509503	-0.71148	0
0	-9.39553	0	3673.21	0	0	-0	-0	0	3.69312	0	-2698.87	0	-0.221587	-0.845433	0
0	40.1057	0	6321.2	0	-0	-0	-0	0	0.199266	0	-1716.6	0	-0.0119559	-0.895914	0
0	65.0763	0	-4014.57	0	-0	-0	0	0	-2.28996	0	-1385.62	0	0.137397	-0.889568	0
0	88.9925	0	510.468	0	-0	-0	-0	0	-4.87496	0	-1446.28	0	0.292498	-0.8381	0
0	107.833	0	-418.483	0	-0	-0	0	0	-6.73097	0	-1017.4	0	0.403858	-0.742804	0
0	124.513	0	3402.66	0	-0	-0	-0	0	-9.07333	0	-931.196	0	0.5444	-0.608946	0
0	131.722	0	802.56	0	-0	-0	-0	0	-10.1354	0	-260.736	0	0.608126	-0.438414	0
0	132.049	0	-3360.96	0	-0	-0	0	0	-10.4515	0	-213.909	0	0.62709	-0.255056	0
0	128.979	0	-6202.87	0	-0	-0	0	0	-10.9187	0	-53.2122	0	0.655122	-0.0632036	0
0	128.062	0	-4567.63	0	-0	-0	0	0	-8.87325	0	988.665	0	0.532395	0.123822	-0
0	139.057	0	-837.468	0	-0	-0	0	0	-7.31523	0	536.369	0	0.438914	0.274346	-0
0	148.646	0	-734.517	0	-0	-0	0	0	-5.94983	0	730.058	0	0.35699	0.400302	-0
0	156.336	0	-2958.73	0	-0	-0	0	0	-2.70075	0	1793.22	0	0.162045	0.494296	-0
0	161.601	0	-2867.75	0	-0	-0	0	0	0.342936	0	1221.73	0	-0.0205762	0.526512	-0
0	166.672	0	-5192.52	0	-0	-0	0	0	3.2057	0	1301.55	0	-0.192342	0.506288	-0
0	170.028	0	-3064.08	0	-0	-0	0	0	5.75771	0	928.004	0	-0.345463	0.433969	-0
0	182.613	0	1858.4	0	-0	-0	-0	0	6.34517	0	-43.6335	0	-0.38071	0.324651	0
0	186.274	0	-1043.37	0	-0	-0	0	0	5.89926	0	-117.065	0	-0.353955	0.213397	0
0	188.805	0	-425.665	0	-0	-0	0	0	5.84498	0	-96.8456	0	-0.350699	0.106827	0
0	182.73	0	-4215.69	0	-0	-0	0	0	4.89569	0	-425.69	0	-0.293741	0.00633017	0
0	176.378	0	-2695.37	0	-0	-0	0	0	4.22204	0	-257.543	0	-0.253322	-0.0780473	0
0	173.984	0	1252.67	0	-0	-0	-0	0	3.00137	0	-879.05	0	-0.180082	-0.150969	0
0	171.294	0	-835.074	0	-0	-0	0	0	1.27413	0	-885.435	0	-0.076448	-0.197418	0
0	160.647	0	-3432.78	0	-0	-0	0	0	0.329101	0	-457.617	0	-0.0197461	-0.215966	0
0	151.319	0	-2084.85	0	-0	-0	0	0	-0.531857	0	-515.085	0	0.0319114	-0.218776	0
0	144.594	0	-1189.42	0	-0	-0	0	0	-1.41942	0	-472.516	0	0.0851653	-0.205468	0
0	137.041	0	-2015.42	0	-0	-0	0	0	-1.76636	0	-107.487	0	0.105981	-0.177763	0
0	131.568	0	-562.135	0	-0	-0	0	0	-1.74827	0	18.0917	0	0.104896	-0.145969	-0
0	126.857	0	-741.7	0	-0	-0	0	0	-1.80893	0	-51.0828	0	0.108536	-0.114414	0
0	120.535	0	-1110.41	0	-0	-0	0	0	-1.84511	0	24.4771	0	0.110707	-0.0813069	-0
0	112.382	0	-2522.99	0	-0	-0	0	0	-1.59076	0	128.771	0	0.0954457	-0.0492251	-0
0	106.261	0	-1340.25	0	-0	-0	0	0	-1.75146	0	-125.578	0	0.105088	-0.0202753	0
0	101.555	0	-660.297	0	-0	-0	0	0	-1.84618	0	-32.9911	0	0.110771	0.0118065	0
0	96.0881	0	-1345.04	0	-0	-0	0	0	-1.70995	0	131.964	0	0.102597	0.0449993	-0
0	88.1181	0	-2870.15	0	-0	-0	0	0	-1.20445	0	275.634	0	0.0722668	0.0737097	-0
0	82.1089	0	-1591.64	0	-0	-0	0	0	-1.02885	0	59.5967	0	0.061731	0.0943457	-0
0	77.5522	0	-1340.25	0	-0	-0	0	0	-0.852189	0	123.45	0	0.0511313	0.112386	-0
0	71.6227	0	-1960.35	0	-0	-0	0	0	-0.496738	0	155.377	0	0.0298043	0.125925	-0
