0,0,-1.69522,-4.80209,1.14615,0.518526,0,1.66468
0,0.25,-1.5519,-3.60143,1.62171,0.734755,0,2.60724
0,1,-1.5201,1.20057,2.32873,1.56796,0,3.89668
0,2.25,-1.55977,1.6007,2.30379,1.87513,0,5.79773
0,4,-1.59569,-4.47035e-05,3.46112,2.99824,0,7.96048
0,6.25,-1.5136,-1.60068,7.08005,4.88983,0,11.9967
0,9,-1.37371,4.00168,9.56721,7.0803,0,16.6475
0,12.25,-1.58132,1.20057,12.4482,8.74006,0,22.8231
0,16,-1.09941,2.40099,15.3895,12.4488,0,30.4355
0,20.25,-1.63399,-0.400156,15.8706,14.5649,0,36.6964
0,25,-1.4476,-1.20051,23.5258,20.3054,0,43.8312
0,30.25,-1.15602,0.400186,23.5404,23.4441,0,55.3624
0,36,-1.04247,0.800289,33.3184,31.6416,0,64.96
0,42,-0.147571,12.8053,32.5328,35.9794,0,68.5122
0,48,0.646777,12.8053,37.2179,40.9417,0,87.4906
0,54,2.36389,20.0081,45.1783,52.4418,0,97.6201
0,60,4.97404,12.4053,47.8253,65.4217,0,117.217
0,66,9.2201,22.0089,45.7019,77.9333,0,126.069
0,72,12.5162,26.8109,51.1227,84.7497,0,135.872
0,78,18.9407,38.0156,47.7533,91.1168,0,147.556
0,84,22.6676,35.6145,51.3308,104.601,0,157.197
0,90,32.4347,59.2243,46.8456,117.035,0,163.88
0,96,43.3858,58.8241,41.9528,122.628,0,168.935
0,102,50.6011,96.0394,40.5907,133.488,0,173.728
0,108,69.5365,96.8396,34.6172,142.838,0,175.944
0,114,75.5433,76.8314,29.2111,150.51,0,178.842
0,120,87.2006,70.4288,29.5195,154.446,0,179.416
0,126,102.847,112.446,15.4375,161.539,0,177.268
0,132,108.523,123.25,14.5057,163.474,0,177.979
0,138,122.221,123.651,8.8012,164.647,0,173.411
0,144,132.537,153.263,4.07171,166.877,0,168.51
0,150,142.399,129.253,4.08624,167.614,0,171.7
0,156,151.976,172.471,-1.77878,167.416,0,163.853
0,162,163.89,160.466,-1.70089,166.77,0,165.069
0,168,163.89,201.682,-4.14057,166.218,0,161.394
0,174,172.729,137.256,-4.13448,165.099,0,160.964
0,180,183.069,168.869,-8.16243,163.097,0,156.245
0,186,193.541,216.088,-7.02161,160.536,0,153.514
0,192,201.045,205.284,-13.5406,157.465,0,147.974
0,198,202.545,226.893,-9.66267,154.666,0,143.332
0,204,214.935,241.699,-10.2902,151.261,0,140.971
0,210,221.629,235.296,-11.4895,147.614,0,136.124
0,216,226.283,176.472,-10.8198,144.217,0,133.397
0,222,229.838,241.299,-7.0542,143.277,0,135.767
0,228,229.362,175.672,-5.21656,141.698,0,136.481
0,234,232.872,245.701,-3.51726,141.364,0,139.426
0,240,235.9,179.673,-1.71024,140.679,0,137.247
0,246,243.813,210.486,3.40315,141.132,0,144.535
0,252,250.951,289.319,-4.45622,140.956,0,144.094
0,258,253.748,244.5,3.82705,141.341,0,140.397
0,264,259.049,230.095,1.86097,141.589,0,142.734
0,270,262.877,233.296,3.11094,142.139,0,145.249
0,276,274.556,218.089,1.29985,141.978,0,141.182
0,282,276.577,210.086,4.88076,142.628,0,142.735
0,288,281.895,325.733,0.0938782,142.911,0,144.933
0,294,285.753,304.524,7.3409,143.889,0,151.23
0,300,286.883,224.892,6.40544,144.743,0,154.312
0,306,290.619,344.541,10.457,147.263,0,157.72
0,312,304.107,390.96,7.10384,148.211,0,155.314
0,318,300.34,262.107,10.4935,150.64,0,158.366
0,324,307.484,246.901,7.69274,153.647,0,161.34
0,330,316.894,338.539,6.39509,155.413,0,162.261
0,336,322.391,358.547,9.12104,156.629,0,161.81
0,342,330.92,284.117,3.04739,157.645,0,160.693
0,348,339.795,257.706,7.38443,158.63,0,161.192
0,354,345.488,389.359,2.68863,159.29,0,161.978
0,360,354.861,256.105,5.46715,160.682,0,166.431
0,366,356.373,304.924,8.66448,161.837,0,170.802
0,372,357.21,342.14,3.84953,164.475,0,168.325
0,378,364.193,292.12,7.02573,165.969,0,170.144
0,384,371.001,326.533,11.6989,167.529,0,179.228
0,390,380.192,422.173,3.4274,169.847,0,183.809
0,396,387.603,450.985,6.10159,171.668,0,177.77
0,402,389.22,435.779,3.27233,172.105,0,175.377
0,408,395.463,352.943,5.88329,172.889,0,169.169
0,414,411.647,325.734,5.45284,173.198,0,173.341
0,420,413.841,490.2,-1.43262,173.007,0,171.574
0,426,426.364,406.967,-5.72734,172.685,0,176.003
0,432,437.665,521.813,2.80459,172.379,0,162.844
0,438,441.349,516.612,1.25873,171.425,0,172.684
0,444,436.601,478.195,-0.78349,171.321,0,170.538
0,450,444.639,456.588,4.82443,171.964,0,183.309
0,456,446.606,378.955,7.02386,175.363,0,182.387
0,462,448.196,378.955,9.51707,176.632,0,186.149
0,468,458.507,429.377,8.54338,178.032,0,179.989
0,474,461.664,429.377,8.12082,180.595,0,176.97
0,480,477.554,545.423,10.5237,181.571,0,192.095
0,486,468.307,569.034,-0.32764,181.528,0,184.378
0,492,486.083,394.96,-2.05052,181.58,0,179.529
0,498,493.504,444.983,4.04681,182.119,0,170.848
0,504,509.051,407.368,4.7774,181.43,0,186.208
0,510,504.602,470.592,-0.541997,181.209,0,180.095
0,516,511.238,643.866,8.27302,182.312,0,190.585
0,522,512.786,585.44,8.93896,183.89,0,186.372
0,528,522.339,590.641,5.0954,184.861,0,188.141
0,534,524.785,415.369,6.07769,186.058,0,192.135
0,540,529.076,482.996,9.83156,187.368,0,181.333
0,546,535.782,442.982,9.19649,187.03,0,180.62
0,552,553.122,459.787,4.77499,187.667,0,192.442
0,558,560.459,609.451,-7.61292,186.652,0,186.127
0,564,558.515,439.779,3.92338,187.113,0,184.589
0,570,569.734,637.863,0.239777,186.11,0,180.573
0,576,576.152,649.466,-4.66826,185.487,0,180.819
0,582,572.797,578.638,-1.39296,185.686,0,180.698
0,588,586.891,571.034,-3.46487,184.637,0,189.435
0,594,583.297,520.613,-1.91283,184.946,0,195.186
0,600,583.961,558.231,8.55324,187.292,0,195.845
0,606,590.497,692.684,8.80637,188.466,0,191.679
0,612,602.85,536.617,4.59954,189.457,0,194.057
0,618,610.293,640.661,6.64711,190.548,0,197.195
0,624,625.464,738.302,3.55952,190.127,0,193.687
0,630,628.155,577.435,1.66031,189.95,0,186.96
0,636,628.613,592.646,6.64898,190.836,0,194.725
0,642,632.188,627.056,3.43087,191.294,0,186.041
0,648,647.15,749.907,-4.63469,190.404,0,188.365
0,654,650.266,529.016,2.87803,190.788,0,193.666
0,660,664.452,545.82,5.17154,190.943,0,179.693
0,666,671.03,795.126,7.8371,190.664,0,198.502
0,672,671.712,741.501,-5.14078,190.525,0,194.618
0,678,660.935,642.26,9.95889,191.856,0,191.883
0,684,677.971,538.62,7.76541,192.892,0,191.25
0,690,685.609,805.931,5.13144,193.383,0,196.955
0,696,691.61,824.337,3.95134,194.33,0,198.281
0,702,689.896,667.076,5.4941,195.062,0,202.71
0,708,694.503,755.108,12.9229,197.685,0,210.608
0,714,699.92,814.335,7.27223,200.818,0,208.35
0,720,705.632,605.446,7.53173,202.235,0,212.861
0,726,709.397,596.642,14.9432,204.227,0,208.389
0,732,721.92,634.666,20.4225,207.44,0,221.734
0,738,720.609,855.953,15.6522,211.209,0,221.277
0,744,728.13,683.475,8.88387,213.214,0,219.366
0,750,737.164,790.321,20.7158,215.976,0,236.691
0,756.001,743.355,595.844,11.0303,219.814,0,230.844
0,762.001,743.745,753.109,11.0303,219.807,0,219.753
0,768.001,762.06,595.444,18.2975,222.246,0,220.363
0,774.001,769.847,662.67,10.248,224.133,0,218.557
0,780.001,779.468,1000.01,-1.92184,223.221,0,221.299
0,786.001,801.827,965.595,-14.2441,221.322,0,216.695
0,792.001,790.537,678.276,-4.08235,219.104,0,206.553
0,798.001,800.101,701.485,-1.89031,216.445,0,198.396
0,804.001,818.055,671.471,0.965149,216.574,0,194.658
0,810.001,825.487,627.052,-8.77967,210.626,0,199.849
0,816.001,821.975,631.458,-2.83041,210.249,0,207.418
0,822.001,819.992,681.477,1.80747,210.49,0,189.073
0,828.001,842.997,710.693,4.48182,207.783,0,201.901
0,834.001,831.046,917.576,-0.770966,208.035,0,207.264
0,840.001,836.421,934.784,3.22163,208.465,0,215.369
0,846.001,833.232,653.465,4.09307,208.707,0,200.34
0,852.001,855.298,605.854,17.4157,211.029,0,228.445
0,858.001,832.65,1046.02,-2.70698,210.668,0,226.604
0,864.001,842.377,656.273,-1.37637,212.359,0,210.983
0,870.001,863.591,859.15,4.40057,212.995,0,217.396
0,876.001,856.683,887.966,11.9858,214.593,0,226.579
0,882.001,874.751,970.795,6.52462,215.967,0,219.747
0,888.001,864.486,729.9,21.1633,218.789,0,239.953
0,894.001,884.568,1053.23,3.08941,222.258,0,245.181
0,900.001,868.531,708.694,3.84846,222.771,0,226.619
0,906.001,872.834,730.301,29.8497,229.077,0,246.526
0,912.001,886.613,790.726,12.1716,230.7,0,256.724
0,918.001,915.066,1098.85,2.64128,236.561,0,254.915
0,924.001,907.997,1022.82,14.4034,238.481,0,251.137
0,930.001,911.593,759.51,6.65085,243.41,0,262.561
0,936.001,922.502,1091.65,-1.59428,244.098,0,242.504
0,942.001,926.631,857.956,8.43261,245.222,0,235.477
0,948.001,951.555,1057.23,-8.59861,244.113,0,229.037
0,954.001,969.402,1184.88,-13.861,238.16,0,220.672
0,960.001,973.431,1112.46,-26.8974,234.573,0,215.096
0,966.001,982.875,769.516,-20.5869,226.959,0,207.62
0,972.001,1000.84,850.349,-13.266,221.729,0,208.463
0,978.001,1008.43,1098.05,-14.6669,211.359,0,188.295
0,984.001,1003.63,1134.86,-1.9459,211.1,0,209.154
0,990.001,995.233,1144.87,-10.1089,209.67,0,209.059
0,996.001,990.68,877.563,9.16007,210.892,0,220.052
0,1002,981.779,779.121,12.7996,215.207,0,234.771
0,1008,980.263,851.151,29.3672,219.123,0,248.49
0,1014,998.26,1114.46,14.1667,221.011,0,252.366
0,1020,983.261,1213.69,17.6665,229.599,0,248.675
0,1026,1010.54,1276.93,8.51633,233.131,0,251.099
0,1032,1025.46,1119.25,5.8909,233.916,0,255.033
0,1038,1025.3,1020.42,8.93035,239.115,0,248.045
0,1044,1032.33,941.978,10.5075,240.516,0,244.082
0,1050,1040.51,1243.31,2.98584,241.334,0,244.32
0,1056,1054.52,826.332,3.44446,241.97,0,240.943
0,1062,1057.01,1196.49,-6.89293,240.93,0,234.037
0,1068,1049.69,915.985,16.4784,243.127,0,236.733
0,1074,1074.27,867.142,24.022,245.578,0,262.891
0,1080,1057.03,959.602,15.2765,247.615,0,255.329
0,1086,1072.44,1342.54,11.8505,250.103,0,261.953
0,1092,1093.9,1329.74,-1.71101,249.874,0,255.599
0,1098,1089.63,1313.73,7.5342,253.235,0,260.769
0,1104,1092.55,909.576,4.90243,253.888,0,263.841
0,1110,1114.01,1103.25,-9.00461,254.931,0,246.636
0,1116,1118.13,925.179,-2.65496,253.601,0,250.946
0,1122,1118.95,1306.14,-4.05341,253.06,0,249.007
0,1128,1135.82,1012.01,-12.4373,251.402,0,220.149
0,1134,1158.64,1311.34,-2.40007,247.405,0,245.005
0,1140,1136.41,1039.22,-2.17101,245.244,0,251.212
0,1146,1133.37,1351.75,-15.4457,243.184,0,227.739
0,1152,1141.36,1005.61,4.17502,243.741,0,227.384
0,1158,1145.15,1293.74,0.879126,242.756,0,243.635
0,1164,1172.04,1218.1,-12.6364,242.549,0,253.636
0,1170,1175.8,1290.12,-5.21543,241.854,0,245.903
0,1176,1166.74,1018.01,3.43455,243.18,0,246.614
0,1182,1180.99,1150.07,16.2814,244.752,0,261.033
0,1188,1163.91,1350.15,2.65946,245.9,0,251.848
0,1194,1181.39,1392.56,8.73105,247.064,0,258.541
0,1200,1182.75,973.61,9.90593,249.735,0,259.641
0,1206,1199.26,1055.23,0.667639,249.824,0,251.286
0,1212,1181.06,866.364,27.8452,253.709,0,253.573
0,1218,1212.13,1466.6,12.2225,255.322,0,267.545
0,1224,1195.25,1026.43,6.43217,258.91,0,295.722
0,1230,1209.18,1471.41,18.7376,265.739,0,269.017
0,1236,1226.79,1231.29,25.0951,269.471,0,294.566
0,1242,1239.8,1440.99,-3.4196,272.719,0,269.749
0,1248,1244.91,1123.27,19.4057,274.957,0,294.363
0,1254,1226.44,1123.27,0.235547,274.988,0,275.224
0,1260,1230.88,1022.82,20.8136,277.763,0,265.113
0,1266,1272.4,1483.82,13.3592,278.056,0,291.415
0,1272,1253.76,1205.3,-8.79214,278.353,0,269.561
0,1278,1273.16,1211.3,4.36124,278.934,0,246.647
0,1284,1309.66,1116.85,-1.87361,274.886,0,245.848
0,1290,1289.17,1118.87,-4.64843,269.064,0,237.003
0,1296,1321.43,1445.39,-6.52236,264.422,0,257.9
0,1302,1307.24,1199.3,-10.117,263.073,0,261.778
0,1308,1322.85,1328.15,-13.3631,261.139,0,280.015
0,1314,1289.5,992.004,16.6554,263.36,0,280.015
0,1320,1322.71,1645.48,6.68123,263.206,0,269.887
0,1326,1317.3,1502.62,2.43325,265.943,0,284.035
0,1332,1297.34,1366.95,2.56685,270.445,0,273.011
0,1338,1309.22,1152.48,25.8995,273.898,0,286.095
0,1344,1326.04,1416.17,-1.56138,275.125,0,296.714
0,1350,1322.84,1100.46,2.21111,277.959,0,280.17
0,1356,1343.7,1134.86,11.0706,279.435,0,290.506
0,1362,1357.99,1611.47,3.61494,282.028,0,297.855
0,1368,1377.72,1500.63,-8.74633,280.861,0,295.262
0,1374,1358.98,1138.06,13.5227,284.359,0,287.523
0,1380,1375.61,1113.25,3.94882,285.258,0,289.206
0,1386,1395.72,1678.68,3.99309,283.904,0,287.897
0,1392,1384.3,1627.88,-2.8125,284.258,0,282.794
0,1398,1396.84,1133.24,1.04227,284.397,0,285.439
0,1403.76,1401.43,1631.07,-3.08639,282.789,0,273.815
0,1409.02,1412.6,1301.73,-14.2522,280.459,0,258.928
0,1413.79,1430.13,1571.04,-18.9978,275.361,0,256.127
0,1418.05,1438.39,1181.7,-18.3115,272.92,0,254.608
0,1421.81,1432.01,1595.43,-22.4918,268.245,0,275.261
0,1425.07,1414.93,1578.26,-2.00984,268.802,0,251.978
0,1427.83,1441.56,1190.89,14.2553,268.724,0,282.979
0,1430.09,1426.86,1621.86,0.873962,268.822,0,268.689
0,1431.85,1433.33,1699.51,-1.33517,269.896,0,279.286
0,1433.11,1421.42,1139.25,9.3899,269.896,0,271.438
0,1433.87,1431.6,1136.86,11.4512,271.604,0,283.056
0,1434.13,1427.59,1659.1,5.88757,272.389,0,285.953
0,1433.9,1448.92,1601.85,-13.3093,271.443,0,265.683
0,1433.16,1436.61,1280.12,-3.10496,271.029,0,230.728
0,1431.92,1472.67,1738.31,-18.943,263.762,0,244.819
0,1430.18,1470.07,1665.08,-35.9033,254.02,0,216.862
0,1427.94,1471.47,1357.74,-23.157,250.932,0,227.775
0,1425.2,1487.69,1717.51,-56.2384,243.434,0,208.393
0,1421.96,1459.56,1641.88,-63.3384,230.866,0,184
0,1418.22,1470.2,1197.71,-46.7833,212.379,0,159.255
0,1413.98,1470.31,1225.69,-51.7387,199.231,0,147.492
0,1409.25,1447.9,1385.36,-40.078,189.249,0,149.171
0,1404.01,1459.88,1271.3,-48.8915,176.653,0,140.916
0,1398.27,1439.04,1398.16,-40.0939,167.103,0,127.009
0,1392.27,1460.74,1645.46,-30.5413,148.767,0,98.0085
0,1386.27,1448.67,1626.27,-25.1813,145.409,0,120.228
0,1380.27,1426.2,1581.85,-41.3352,133.45,0,85.0883
0,1374.27,1398.96,1236.89,-22.2247,130.486,0,103.083
0,1368.27,1400.67,1653.49,-23.7605,124.095,0,82.578
0,1362.27,1421.87,1597.46,-53.6439,112.058,0,98.3864
0,1356.27,1375.67,1173.68,-34.658,105.828,0,85.1109
0,1350.27,1392.82,1551.85,-38.2939,98.2851,0,89.9827
0,1344.27,1358.41,1583.45,-33.4712,92.8455,0,59.3743
0,1338.27,1353.58,1232.93,-13.7786,87.8527,0,68.0101
0,1332.27,1357.72,1508.61,-10.4835,84.1205,0,73.637
0,1326.27,1366.46,1599.85,-36.172,79.2975,0,50.7651
0,1320.27,1354.24,1564.64,-24.2543,72.7069,0,62.751
0,1314.27,1330.03,1471.02,-5.83341,70.7578,0,64.9075
0,1308.27,1320.01,1179.69,-5.16204,69.3984,0,64.3648
0,1302.27,1317.44,1222.09,-13.6571,67.5774,0,57.8879
0,1296.27,1307.49,1433.79,-0.797388,64.9842,0,64.1868
0,1290.27,1285.32,1062.84,4.45408,65.5781,0,63.7239
0,1284.27,1292.09,1052.86,20.448,68.0863,0,70.7035
0,1278.27,1253.39,1176.88,22.388,72.219,0,78.5167
0,1272.27,1271.27,1379.76,18.0847,74.6303,0,92.715
0,1266.27,1258.24,1127.67,7.22428,75.5935,0,81.2139
0,1260.27,1254.33,1079.22,4.40321,77.5542,0,91.2917
0,1254.27,1246.8,1072.05,12.1213,79.7482,0,84.0818
0,1248.27,1249.46,1042.85,1.62202,79.9644,0,81.5865
0,1242.27,1244,1394.96,-0.416821,79.7009,0,68.9128
0,1236.27,1252.85,1071.64,-16.4725,76.2354,0,59.7629
0,1230.27,1249.15,1361.36,-16.9922,73.9697,0,52.0044
0,1224.27,1251.81,1058.44,-5.67751,70.5021,0,49.4793
0,1218.27,1244.88,1420.58,3.96013,68.5569,0,72.517
0,1212.27,1231.5,1352.14,-11.9021,67.204,0,68.9595
0,1206.27,1213.11,1130.46,-6.15146,66.3838,0,80.9293
0,1200.27,1212.38,1362.15,-10.8999,66.6417,0,82.6282
0,1194.27,1184.6,988.419,14.1057,67.3389,0,58.4621
0,1188.27,1164.93,1002.41,21.0027,70.1393,0,91.1419
0,1182.27,1181.73,1332.96,26.8728,74.5072,0,94.9549
0,1176.27,1162.22,1361.76,18.0421,77.7186,0,83.7618
0,1170.27,1160.36,1068.44,8.92354,78.9084,0,88.3297
0,1164.27,1161.03,1432.59,8.31291,81.5108,0,92.7161
0,1158.27,1138.64,1144.47,23.0654,85.267,0,90.3731
0,1152.27,1152.6,1167.66,-3.56232,84.792,0,89.1019
0,1146.27,1148.05,1066.85,-2.50291,84.9653,0,84.952
0,1140.27,1146.28,933.594,-8.88332,83.7793,0,74.896
0,1134.27,1151.2,1004.41,-15.2339,78.7492,0,56.2574
0,1128.27,1162.57,962.799,-30.8663,72.0202,0,35.9803
0,1122.27,1163.61,1359.34,-31.7999,62.4524,0,22.4936
0,1116.27,1166.67,929.993,-15.8354,60.341,0,12.6625
0,1110.27,1163.02,970.001,-29.1951,45.9655,0,16.7705
0,1104.27,1122.18,874.359,-10.7165,44.5367,0,33.8202
0,1098.27,1135.57,1289.72,-8.26337,39.6797,0,31.4164
0,1092.27,1129.66,1290.15,-28.2482,34.8909,0,27.2231
0,1086.27,1098.33,990.799,-10.8536,32.9944,0,29.6235
0,1080.27,1090.02,925.583,-5.30101,32.2876,0,29.0881
0,1074.27,1083.41,891.174,21.0685,34.7203,0,53.1863
0,1068.27,1044.66,767.899,21.2516,39.7263,0,74.7996
0,1062.27,1024.43,837.524,34.0624,48.3942,0,82.4566
0,1056.27,1015.02,1148.9,42.5241,59.3169,0,98.7126
0,1050.27,1012.5,1224.9,37.7838,64.3547,0,109.187
0,1044.27,1003.31,1235.31,36.8633,74.5442,0,122.823
0,1038.27,996.941,1240.49,21.0966,83.0369,0,104.133
0,1032.27,1004.05,1156.08,27.6103,90.8256,0,125.382
0,1026.27,998.395,1072.02,-0.370212,94.8417,0,94.4715
0,1020.27,1013.66,975.586,5.95569,95.6358,0,74.4196
0,1014.27,1041.07,900.36,-8.34406,92.0272,0,64.6395
0,1008.27,1054.06,839.569,-43.2611,77.5427,0,34.2816
0,1002.27,1056.61,1195.68,-43.5064,65.6063,0,19.5898
0,996.274,1052.62,1206.89,-50.7135,52.9909,0,9.08867
0,990.274,1039.88,1171.68,-39.2452,43.7234,0,13.463
0,984.274,1036.91,1085.65,-47.3682,32.0028,0,-8.53403
0,978.274,1029.31,851.151,-18.0811,27.677,0,13.3148
0,972.274,992.02,1156.46,-17.771,25.3075,0,-0.0217724
0,966.274,997.107,776.306,-8.25787,21.2266,0,12.9687
0,960.274,959.141,1095.26,1.02008,21.3626,0,26.3048
0,954.274,945.826,1028.81,-1.22206,23.5148,0,22.2927
0,948.274,921.746,724.304,23.8752,27.2781,0,31.6278
0,942.274,927.172,927.597,13.5923,29.0904,0,60.0542
0,936.274,911.918,880.386,33.585,37.2112,0,70.7962
0,930.274,905.694,1069.23,18.4602,43.3422,0,61.8024
0,924.275,900.562,801.086,21.3413,49.8688,0,77.4767
0,918.275,893.599,812.317,33.8962,54.3883,0,86.2944
0,912.275,886.994,1123.66,20.5973,60.8882,0,81.4855
0,906.275,888.666,795.135,15.1037,65.7351,0,80.8388
0,900.275,871.552,744.72,2.63919,70.2537,0,72.8929
0,894.275,877.666,774.689,20.3481,73.6298,0,78.6023
0,888.275,888.75,834.778,-9.76251,72.3282,0,44.3798
0,882.275,915.675,1119.2,-11.3744,64.1616,0,37.7064
0,876.275,908.212,742.31,-23.3428,56.8599,0,25.4397
0,870.275,910.195,762.695,-35.9274,52.0696,0,0.127251
0,864.275,921.199,825.47,-34.3648,41.3767,0,1.13372
0,858.275,896.99,985.565,-34.8431,26.0659,0,-18.4138
0,852.275,886.533,781.128,-30.8318,21.955,0,-10.0543
0,846.276,883.657,1015.62,-17.1804,12.0495,0,3.50803
0,840.276,854.65,984.833,-15.398,8.99153,0,-6.40647
0,834.276,827.484,699.066,11.5129,9.91355,0,5.31582
0,828.276,818.058,774.689,16.4092,13.3275,0,29.7367
0,822.276,812.442,1071.2,14.2504,18.1389,0,39.9742
0,816.276,806.494,951.965,8.80384,19.3128,0,50.7868
0,810.276,785.419,675.476,21.2255,25.8457,0,47.0712
0,804.276,778.99,916.748,12.1516,31.2202,0,43.3718
0,798.276,773.184,747.101,22.583,34.2313,0,42.8021
0,792.276,789.873,699.86,18.0543,37.6468,0,55.7011
0,786.276,781.01,683.472,4.73934,39.6774,0,44.4168
0,780.276,779.437,910.4,6.15531,41.0924,0,45.5491
0,774.276,775.324,935.181,-17.7322,38.7281,0,39.1838
0,768.277,773.83,695.862,-9.83853,37.7453,0,39.8109
0,762.277,780.209,877.563,-16.1394,35.5934,0,31.193
0,756.277,766.591,891.51,-23.6043,31.9284,0,23.5301
0,750.277,764.51,635.895,-7.41028,28.2341,0,22.7328
0,744.277,769.313,903.564,-2.94681,24.1896,0,21.2428
0,738.277,759.15,865.967,-13.3859,21.9129,0,18.223
0,732.277,742.377,885.956,-19.8809,19.2621,0,18.7218
0,726.277,729.282,707.916,-2.70434,18.838,0,16.1336
0,720.277,739.37,861.938,-17.1833,15.2273,0,5.33039
0,714.277,731.274,627.075,-13.2369,13.4623,0,1.83046
0,708.277,725.681,632.263,0.736249,12.1921,0,12.9283
0,702.277,708.904,676.27,-0.563599,12.1169,0,11.5533
0,696.277,707.427,857.941,-4.63431,10.5354,0,3.30825
0,690.278,695.864,788.3,-5.02806,9.86497,0,4.49615
0,684.278,694.171,843.964,-2.51395,8.43091,0,5.91697
0,678.278,680.156,774.353,-3.1428,8.50644,0,5.36364
0,672.278,674.399,594.666,3.96573,9.50062,0,19.4682
0,666.278,658.928,797.516,6.61531,11.5553,0,25.5895
0,660.278,652.519,577.85,-4.16926,12.6505,0,8.48124
0,654.278,658.439,572.235,-3.74513,12.1511,0,12.6421
0,648.278,647.137,501.77,1.02739,12.3459,0,12.1211
0,642.278,654.192,675.903,-10.7228,10.8897,0,15.4987
0,636.278,637.76,594.635,-12.2944,9.79272,0,-2.50164
0,630.278,643.188,468.567,-1.26046,6.41686,0,-6.02285
0,624.278,636.27,638.275,-10.7926,3.90683,0,-4.12577
0,618.278,633.203,697.906,-7.58524,2.89547,0,-4.68977
0,612.279,625.648,559.021,7.81414,3.05306,0,10.8672
0,606.279,612.894,713.074,-5.95426,2.81486,0,6.98263
0,600.279,599.764,479.828,0.463623,2.87667,0,3.3403
0,594.279,589.589,656.616,8.75462,5.3267,0,21.4381
0,588.279,576.015,710.693,11.0373,8.6938,0,33.4394
0,582.279,564.018,501.404,5.37138,12.3212,0,17.6926
0,576.279,576.311,504.181,16.7252,14.5513,0,33.3819
0,570.279,559.015,520.233,13.447,20.6313,0,34.0783
0,564.279,555.338,449.768,14.9125,22.6196,0,37.5321
0,558.279,558.523,650.269,7.02955,24.2476,0,31.2771
0,552.279,541.365,471.802,3.74705,26.7769,0,30.524
0,546.279,550.658,683.105,-3.94036,26.2516,0,29.4762
0,540.279,543.118,607.056,-9.12766,25.4139,0,16.2862
0,534.28,533.923,448.975,5.72113,26.1767,0,16.7756
0,528.28,531.016,468.17,-9.78371,23.4379,0,13.6541
0,522.28,526.242,446.594,-3.56638,22.9623,0,12.6089
0,516.28,532.43,606.262,-9.13535,21.0311,0,15.6823
0,510.28,522.362,476.227,-10.8742,16.7913,0,0.575258
0,504.28,526.178,645.844,-14.3083,14.8835,0,-4.86559
0,498.28,523.642,571.411,-22.9104,9.50538,0,-4.98382
0,492.28,512.485,514.648,-12.7846,5.82186,0,-9.01996
0,486.28,502.617,520.569,-14.7035,3.86139,0,-22.1504
0,480.28,511.782,420.929,-15.6006,-1.2789,0,-16.8795
0,474.28,502.999,547.821,-25.8464,-7.0158,0,-24.1961
0,468.28,491.816,426.178,-13.7306,-11.6708,0,-25.4014
0,462.28,489.762,586.243,-24.7334,-14.9686,0,-32.5777
0,456.281,479.544,386.566,-15.3574,-19.0879,0,-34.4453
0,450.281,457.445,383.362,-2.50768,-20.8557,0,-23.3634
0,444.281,444.662,399.75,-0.343515,-20.9015,0,-25.4481
0,438.281,448.738,494.232,-7.64297,-22.4555,0,-30.0984
0,432.281,438.137,543.396,-5.27066,-21.122,0,-12.9647
0,426.281,423.217,326.965,8.15735,-21.1439,0,-21.3082
0,420.281,423.41,383.759,2.58341,-21.5211,0,-26.9332
0,414.281,426.294,528.229,0.262573,-21.5751,0,-20.9461
0,408.281,413.664,366.913,0.554947,-22.2025,0,-27.4636
0,402.281,410.84,334.137,-7.70315,-23.2296,0,-29.4614
0,396.281,408.391,477.02,-8.38152,-25.0803,0,-28.2305
0,390.281,399.37,400.147,-8.90431,-26.6382,0,-35.5425
0,384.281,399.184,332.123,-8.01227,-27.7065,0,-36.6367
0,378.282,393.037,306.946,-12.1409,-30.3759,0,-37.4763
0,372.282,385.243,327.789,-8.44266,-32.3369,0,-32.1584
0,366.282,372.107,388.519,0.157544,-32.3159,0,-41.1689
0,360.282,374.961,449.799,-5.41022,-34.0788,0,-43.0187
0,354.282,369.046,410.187,-5.13726,-35.8155,0,-37.9848
0,348.282,349.885,373.749,-1.44316,-35.9573,0,-33.663
0,342.282,345.461,402.557,-2.86136,-36.3388,0,-29.0164
0,336.282,335.103,353.76,3.19859,-35.0508,0,-31.8522
0,330.282,327.474,360.535,9.97619,-31.9525,0,-21.9763
0,324.282,315.431,276.123,7.9661,-30.8903,0,-20.6378
0,318.282,314.231,298.096,16.6856,-25.7646,0,-9.07901
0,312.282,290.988,278.961,19.1645,-23.2093,0,-4.04484
0,306.282,295.732,410.156,9.4957,-21.9432,0,-9.35113
0,300.283,293.937,256.5,5.4693,-19.7326,0,-14.2633
0,294.283,292.347,261.688,7.14199,-18.2569,0,-11.911
0,288.283,288.061,246.887,2.9208,-17.1209,0,-14.2001
0,282.283,282.787,286.896,-0.453763,-17.1814,0,-10.4432
0,276.283,275.677,244.507,-1.62688,-16.6056,0,-18.2325
0,270.283,274.484,332.092,-3.78116,-17.1847,0,-17.4524
0,264.283,274.592,341.309,-9.27842,-18.4218,0,-29.3689
0,258.283,275.015,276.581,-5.63881,-20.4616,0,-26.1004
0,252.283,266.542,316.498,-9.48568,-22.7174,0,-32.203
0,246.283,262.737,250.916,-14.8082,-25.563,0,-32.0969
0,240.283,253.543,213.684,-10.1753,-28.0123,0,-36.207
0,234.283,251.149,310.577,-9.77931,-31.1268,0,-44.7066
0,228.283,249.372,313.354,-17.5063,-33.461,0,-50.9673
0,222.284,246.004,221.68,-21.3481,-36.3074,0,-56.668
0,216.284,241.256,214.935,-17.7509,-44.0663,0,-61.8171
0,210.284,230.259,195.648,-17.9781,-46.4633,0,-67.0126
0,204.284,230.43,183.258,-17.493,-51.2133,0,-68.7063
0,198.284,215.016,225.677,-12.8289,-54.2116,0,-67.0406
0,192.284,209.097,178.07,-15.132,-56.2293,0,-67.9688
0,186.284,203.793,220.49,-11.427,-59.134,0,-70.561
0,180.284,192.676,228.882,-6.02685,-60.7046,0,-66.7314
0,174.284,180.36,223.328,-5.46813,-61.4337,0,-62.6365
0,168.284,175.463,159.241,-1.06135,-61.7913,0,-63.4125
0,162.284,164.955,144.897,-2.40395,-62.1119,0,-64.5158
0,156.284,155.87,134.064,5.27842,-61.1208,0,-55.8423
0,150.284,147.758,145.233,2.27413,-60.8175,0,-57.9061
0,144.285,147.43,192.108,2.86949,-60.0924,0,-57.2229
0,138.285,141.355,119.629,2.91791,-59.7848,0,-57.6328
0,132.285,127.993,107.605,3.86271,-59.2698,0,-55.4071
0,126.285,128.265,147.278,3.61739,-58.1679,0,-53.5208
0,120.285,121.121,118.042,1.50351,-57.9674,0,-56.4639
0,114.285,115.951,164.429,3.90056,-57.4473,0,-55.7392
0,108.285,108.718,141.205,-0.389774,-57.2984,0,-55.2823
0,102.285,106.309,97.6868,-0.565137,-57.1365,0,-57.7017
0,96.2852,99.5094,121.246,1.22925,-56.6395,0,-52.3267
0,90.2853,92.0568,123.596,1.59212,-55.9199,0,-54.3277
0,84.2853,87.4291,103.699,1.60209,-54.5577,0,-49.5719
0,78.2854,78.7454,74.0662,0.329363,-54.5138,0,-54.1844
0,72.2855,75.0684,68.8477,2.89531,-53.9283,0,-52.4326
0,66.2855,69.9905,57.9834,1.43364,-53.9028,0,-51.8107
0,60.2856,60.9337,72.4182,-0.583257,-53.9806,0,-52.4545
0,54.2856,58.7894,55.9998,1.34659,-53.9738,0,-55.2694
0,48.2858,53.2316,61.6455,-1.07034,-54.71,0,-52.3832
0,42.2859,46.0046,46.4172,2.05304,-54.6951,0,-56.6361
0,36.2859,44.4426,37.2314,-3.12464,-55.1117,0,-58.2363
0,30.5127,38.3403,49.5911,-1.84898,-55.8208,0,-59.29
0,25.2389,32.4911,37.5977,-1.78057,-56.0582,0,-60.7817
0,20.4652,26.8166,31.6467,-5.71625,-57.3761,0,-62.6449
0,16.1914,25.6307,34.79,-5.39461,-58.7152,0,-64.1098
0,12.4176,18.886,20.8435,-3.83724,-60.0031,0,-63.8403
0,9.14375,13.2967,19.165,-3.73766,-60.5014,0,-62.9989
0,6.36992,11.5923,8.81958,-1.58445,-61.0065,0,-60.5896
0,4.09607,2.87962,9.61304,2.93287,-60.1476,0,-57.2147
0,2.32222,-2.05575,6.80542,5.8199,-58.6334,0,-52.8134
0,1.04835,-6.17929,5.18799,6.50487,-57.766,0,-47.377
0,0.27445,-9.13703,-1.58691,10.264,-55.1753,0,-41.3971
0,0.000570568,-13.2336,-0.427246,12.1572,-53.5543,0,-41.3971
0,0,-14.9964,-5.21851,13.4973,-49.8193,0,-35.3039
0,0,-16.1282,-3.60107,15.8193,-47.71,0,-31.8908
0,0,-19.568,-7.56836,17.6112,-43.1391,0,-22.898
0,0,-19.8442,-6.04248,17.8597,-40.7578,0,-19.9845
0,0,-20.366,-5.58472,18.4483,-35.8541,0,-17.4058
0,0,-20.2989,-3.63159,18.269,-33.4182,0,-12.8878
0,0,-20.1279,-7.20215,17.7413,-28.6373,0,-10.896
0,0,-19.5989,-7.20215,17.639,-26.2855,0,-8.64651
0,0,-19.3608,-10.4065,17.4247,-23.9622,0,-4.81061
0,0,-18.7761,-6.40869,16.8069,-19.4681,0,-2.66126
0,0,-17.6846,-3.57056,15.9161,-15.2772,0,0.238917
0,0,-16.4476,-8.78906,14.8029,-11.4217,0,2.69142
0,0,-15.6813,-3.63159,13.6793,-9.59781,0,4.0815
0,0,-14.0338,0,12.6305,-7.91374,0,5.50575
0,0,-13.1564,-5.58472,11.3893,-4.81641,0,6.57288
0,0,-11.8149,-7.96509,10.1599,-2.04396,0,8.11596
0,0,-10.0942,1.5564,9.08482,-0.83265,0,8.84208
0,0,-9.48503,-7.59888,7.50952,1.30682,0,8.75665
0,0,-7.30375,-4.82178,5.6142,2.93183,0,8.54603
0,0,-5.4497,2.7771,4.90473,3.5858,0,8.49053
0,0,-4.61856,-2.74658,4.1567,4.56688,0,7.76831
0,0,-3.55715,-2.41089,2.64552,4.91962,0,6.71138
0,0,-1.75663,2.80762,1.26706,5.29935,0,6.56642
0,0,-1.13794,-3.60107,1.02414,5.46576,0,5.68968
0,0,-0.248796,-1.61743,0.146749,5.48533,0,5.63208
0,0,0.634225,4.42505,-0.453635,5.34874,0,4.26956
0,0,1.05802,0.854492,-1.18635,5.06359,0,3.87724
0,0,1.22752,1.19019,-1.10477,4.72505,0,3.2907
0,0,1.59372,1.58691,-1.48681,4.5268,0,2.45897
0,0,2.02729,2.7771,-1.81644,4.04134,0,2.22489
0,0,1.93938,-2.01416,-1.74544,3.53488,0,1.48192
0,0,2.28107,2.7771,-2.06082,3.26011,0,0.341411
0,0,2.86147,1.98364,-2.45219,2.58977,0,-0.32655
0,0,2.85914,2.41089,-2.57323,1.91648,0,-0.559983
0,0,2.75163,1.98364,-2.52661,1.5796,0,-1.62969
0,0,2.80626,-0.396729,-2.53453,0.527346,0,-2.00719
0,0,2.83022,4.76074,-2.54719,-0.11969,0,-2.42527
0,0,2.56175,5.61523,-2.27238,-0.422674,0,-2.74215
0,0,2.50551,4.85229,-2.25496,-0.996215,0,-3.10954
0,0,2.07189,1.98364,-1.8647,-1.44949,0,-2.98432
0,0,1.23535,2.80762,-1.11181,-1.59773,0,-2.67891
0,0,0.56595,-3.60107,-0.509355,-1.92657,0,-2.43593
0,0,0.345684,1.98364,-0.311115,-1.96805,0,-1.39956
0,0,-0.557351,-2.38037,0.573599,-1.82469,0,-1.25109
0,0,-1.01552,-1.58691,0.913967,-1.70283,0,-0.258902
0,0,-1.41561,2.80762,1.28778,-1.36125,0,-0.0734758
0,0,-1.96474,-2.41089,1.76827,-0.859022,0,1.13944
0,0,-2.22051,-2.38037,2.46165,-0.530801,0,1.93085
0,0,-2.73517,-1.64795,2.85516,-0.150112,0,3.23735
0,0,-3.32104,-1.5564,2.98894,0.668019,0,3.81506
0,0,-3.79907,-0.854492,3.41916,1.12391,0,5.51656
0,0,-4.30652,-2.01416,3.87587,2.13908,0,5.87698
0,0,-4.31932,-1.19019,3.92077,3.18016,0,7.10093
0,0,-4.35641,1.2207,3.88534,3.69821,0,7.99852
0,0,-4.21599,-2.44141,3.81547,4.71285,0,8.52832
0,0,-4.28716,1.98364,3.82083,5.73676,0,9.55759
0,0,-3.91766,0.793457,3.5259,6.20688,0,10.055
0,0,-3.77265,-2.38037,3.05692,7.06719,0,10.1241
0,0,-3.30775,-0.823975,2.87515,8.18865,0,10.7475
0,0,-2.84318,1.2207,2.45877,8.51649,0,10.9753
0,0,-2.46292,2.41089,2.21662,9.0925,0,11.196
0,0,-2.3372,1.98364,1.64342,9.31162,0,11.3165
0,0,-1.96556,-1.15967,1.64827,9.76726,0,11.4155
0,0,-1.83142,1.98364,1.35509,9.94794,0,11.303
0,0,-1.51482,-0.793457,1.36334,10.2877,0,11.4727
0,0,-1.31665,-0.396729,1.28871,10.4595,0,11.7483
0,0,-1.26687,-0.0305176,1.11477,10.7602,0,11.875
0,0,-1.23863,2.44141,1.2394,10.9255,0,12.1649
0,0,-1.37711,2.44141,1.07472,11.0688,0,12.1435
0,0,-1.22118,0.366211,1.09906,11.3306,0,12.195
0,0,-1.28081,-1.19019,1.09394,11.6301,0,12.724
0,0,-1.25246,1.15967,1.12721,11.7804,0,12.9178
0,0,-1.11504,-0.427246,0.809246,12.0221,0,12.8314
0,0,-1.31195,1.19019,1.08437,12.3241,0,13.4085
0,0,-1.15039,1.25122,1.03535,12.4622,0,13.4975
0,0,-1.19814,-1.2207,1.07833,12.7448,0,13.7866
0,0,-1.47257,-3.63159,1.32531,12.9216,0,13.9873
0,0,-1.04482,2.01416,1.36184,13.2285,0,14.8187
0,0,-1.55903,1.61743,1.70235,13.6426,0,15.3449
0,0,-1.8915,2.01416,1.46915,13.8385,0,15.3076
0,0,-1.768,-1.2207,1.5912,14.2919,0,16.4032
0,0,-2.06987,2.80762,1.93838,14.7987,0,16.9443
0,0,-2.10348,-2.80762,2.00107,15.318,0,17.319
0,0,-2.3894,-1.2207,2.15046,15.6047,0,18.123
0,0,-2.64506,0.396729,2.38055,16.2184,0,18.8456
0,0,-2.57568,0.396729,2.48303,16.8585,0,19.3416
0,0,-2.48124,0.0305176,2.23312,17.1563,0,19.6472
0,0,-2.4421,-2.80762,2.15059,18.0285,0,20.3128
0,0,-2.23954,0.0305176,2.01558,18.5472,0,20.4223
0,0,-1.90752,1.95312,1.71677,18.7761,0,21.0874
0,0,-2.26592,-4.36401,1.72191,19.2776,0,21.1422
0,0,-1.87623,-2.41089,1.68861,19.7221,0,21.2359
0,0,-1.48404,3.63159,1.33563,20.0984,0,21.5844
0,0,-1.24406,4.79126,1.11965,20.4271,0,21.8316
0,0,-1.37689,-1.2207,1.42424,20.7823,0,22.2065
0,0,-1.58249,-1.2207,1.35781,20.9633,0,22.3211
0,0,-1.55214,0.762939,1.39692,21.1496,0,22.7556
0,0,-1.57452,0,1.41707,21.5154,0,23.2578
0,0,-1.70823,-0.823975,1.27634,21.8906,0,23.1669
0,0,-1.41816,1.19019,1.44297,22.083,0,23.5259
0,0,-1.68012,-0.823975,1.5121,22.2846,0,23.902
0,0,-1.5857,-0.427246,1.63942,22.8668,0,24.1672
0,0,-1.75921,-0.427246,1.58329,23.0779,0,24.7357
0,0,-1.62527,-2.41089,1.4564,23.4671,0,24.9236
0,0,-1.6535,-3.20435,1.48815,23.6656,0,25.0086
0,0,-1.54791,-2.7771,1.12083,24.1588,0,25.2796
0,0,-1.24537,4.39453,1.3175,24.3344,0,25.6519
0,0,-1.46389,-2.83813,1.3597,24.5157,0,25.8754
0,0,-1.52898,1.61743,1.37608,24.8764,0,26.2057
0,0,-1.5284,-0.823975,1.3258,25.2366,0,26.5624
0,0,-1.47311,-3.9978,1.54218,25.4422,0,26.9844
0,0,-1.65407,3.57056,1.48866,25.6407,0,27.286
0,0,-1.613,-0.762939,1.10066,25.981,0,27.0817
0,0,-1.4617,-2.38037,1.31553,26.1564,0,27.2509
0,0,-1.07298,2.41089,0.965685,26.4413,0,27.6119
0,0,-1.30063,0.793457,0.92617,26.5648,0,27.4909
0,0,-1.33438,0.0305176,1.20094,26.7249,0,27.9258
0,0,-1.41924,3.60107,0.908199,27.0163,0,28.0969
0,0,-1.05937,-3.20435,1.13933,27.2953,0,28.4347
0,0,-1.01293,3.20435,0.911633,27.4169,0,28.3285
0,0,-1.11583,-2.01416,1.00425,27.6224,0,28.1599
0,0,-0.883279,-0.793457,0.794951,27.7284,0,28.5234
0,0,-0.8943,-0.335693,0.80487,27.8358,0,28.6406
0,0,-1.28234,-0.854492,1.15411,27.9896,0,29.1093
0,0,-1.0977,1.95312,1.08973,28.4157,0,29.5338
0,0,-1.2423,2.01416,1.04913,28.5556,0,29.9012
0,0,-1.31925,-2.38037,0.897673,28.8336,0,29.7313
0,0,-1.31828,-0.762939,1.18645,29.142,0,30.2682
0,0,-1.25137,1.2207,1.12624,29.142,0,29.9921
0,0,-0.833457,2.7771,0.750111,29.3885,0,30.4872
0,0,-1.22084,-3.23486,0.89088,29.5073,0,30.3982
0,0,-1.19229,2.38037,1.1577,29.8047,0,30.8428
0,0,-1.01779,3.9978,0.916009,29.9268,0,30.9228
0,0,-0.976474,-1.61743,0.891209,30.1628,0,31.0541
0,0,-1.04875,0.823975,0.943874,30.2887,0,31.4233
0,0,-0.998224,1.98364,0.891613,30.6437,0,31.5354
0,0,-0.990681,-2.41089,0.891613,30.6437,0,31.5214
0,0,-0.860467,2.80762,0.736489,30.8452,0,31.5817
0,0,-0.834946,0.396729,0.751451,30.9454,0,32.1119
0,0,-1.14363,0.366211,0.862767,31.1977,0,32.0604
0,0,-1.11159,0,1.00043,31.3311,0,32.3315
0,0,-1.26201,-0.396729,1.13581,31.4825,0,32.4388
0,0,-0.937582,0.396729,1.07605,31.7385,0,32.8145
0,0,-1.16473,0.396729,1.0977,32.1588,0,33.2565
0,0,-1.21966,2.7771,0.944102,32.2846,0,33.2287
0,0,-1.25937,-2.41089,1.13343,32.4358,0,33.5692
0,0,-0.865981,2.80762,0.779383,32.5397,0,33.8694
0,0,-1.30369,-1.19019,1.1881,32.8545,0,34.0426
0,0,-1.14515,3.63159,1.03064,32.992,0,34.0226
0,0,-1.27175,-2.44141,1.14458,33.2619,0,34.1415
0,0,-0.933766,0.366211,0.840389,33.3739,0,34.2594
0,0,-0.86815,-1.19019,0.731573,33.5756,0,34.5332
0,0,-0.938757,-1.61743,0.844881,33.6883,0,34.2926
0,0,-0.592526,4.05884,0.768588,33.8619,0,34.6304
0,0,-0.57739,2.83813,0.519651,33.9311,0,34.8064
0,0,-0.858073,0.396729,0.692155,34.1264,0,34.8186
0,0,-0.794925,3.17383,0.715432,34.2218,0,34.9372
0,0,-0.717473,-1.15967,0.645726,34.3079,0,34.7656
0,0,-0.448783,3.20435,0.403905,34.4405,0,35.0308
0,0,-0.655949,0.793457,0.485746,34.5052,0,34.991
0,0,-0.879621,0.0610352,0.791659,34.6108,0,35.4063
0,0,-0.779947,2.7771,0.701952,34.7709,0,35.2696
0,0,-0.554128,2.80762,0.694289,34.8634,0,35.5577
0,0,-0.771432,1.2207,0.436732,35.005,0,35.5368
0,0,-0.521357,-0.823975,0.45211,35.1278,0,35.5799
0,0,-0.721452,-3.57056,0.649307,35.2486,0,35.5048
0,0,-0.284742,6.40869,0.256268,35.3264,0,35.7345
0,0,-0.400091,1.2207,0.543743,35.4469,0,35.9907
0,0,-0.604159,1.2207,0.543743,35.5266,0,36.1239
0,0,-0.663655,2.38037,0.361953,35.5748,0,35.9368
0,0,-0.27589,0.823975,0.248301,35.608,0,35.868
0,0,-0.521245,0.823975,0.46912,35.7011,0,36.1188
0,0,-0.409488,1.19019,0.368539,35.7502,0,36.2686
0,0,-0.50824,0.762939,0.457416,35.9019,0,36.5823
0,0,-0.755944,-1.98364,0.368721,35.9511,0,36.3198
0,0,-0.40969,-0.823975,0.662661,36.0702,0,36.3006
0,0,-0.256011,2.80762,0.521442,36.1397,0,36.6611
0,0,-0.460305,0,0.414274,36.1949,0,36.6092
0,0,-0.49945,1.15967,0.449505,36.2549,0,36.7397
0,0,-0.475373,0.396729,0.252464,36.3456,0,36.598
0,0,-0.333188,1.58691,0.299869,36.4339,0,36.7338
0,0,-0.443523,0,0.399171,36.4872,0,36.8306
0,0,-0.336734,0.396729,0.30306,36.5276,0,36.6313
0,0,-0.101675,3.9978,0.181659,36.564,0,36.378
0,0,0.18233,0.762939,0.0275371,36.5458,0,36.5733
0,0,-0.0305967,-0.335693,0.0510323,36.5526,0,36.6036
0,0,-0.159743,1.19019,0.143769,36.5718,0,36.7155
0,0,-0.238819,-1.19019,0.214937,36.6004,0,36.457
0,0,0.0155953,1.2207,-0.0140358,36.5798,0,36.5658
0,0,0.206609,4.79126,-0.185948,36.555,0,36.1173
0,0,0.429106,3.96729,-0.44092,36.4447,0,36.0038
0,0,0.518394,0.427246,-0.466554,36.2938,0,35.6285
0,0,0.594148,3.20435,-0.534733,36.2225,0,35.6878
0,0,0.655402,1.2207,-0.589862,36.1439,0,35.3503
0,0,0.777956,4.79126,-0.700161,35.9441,0,35.1465
0,0,0.886285,1.2207,-1.20557,35.7834,0,34.5778
0,0,1.35147,2.41089,-1.21633,35.4359,0,34.0463
0,0,1.54402,2.38037,-1.38962,35.4359,0,33.9018
0,0,1.50404,3.60107,-1.35364,35.2555,0,33.7461
0,0,1.47979,-1.2207,-1.69761,34.8515,0,33.1014
