0	0.0512407	0	56.9341	0	-0	0	-0	0	-0.00090459	0	-2.12845	0	5.42754e-05	0	0
0.48	0.610887	480	447.189	0.0176431	-0	-0	0	0	0.0363433	0	37.2479	0	-0.0021806	1.62826e-05	-0
1.92	0.601657	960	-376.416	0.0354618	0	-0	0	0	0.175757	0	27.6698	0	-0.0105454	-0.00164359	-0
4.32	-0.26458	1440	-503.309	0.0534563	0	0	0	0	0.112968	0	-18.0918	0	-0.00677805	-0.00440493	0
7.68	-0.80865	1920	-340.503	0.0716266	0	0	0	0	0.058692	0	-23.413	0	-0.00352152	-0.00616059	0
12	-0.453028	2400	54.5399	0.0899725	0	0	0	0	0.00973766	0	-25.5414	0	-0.00058426	-0.00700633	0
17.28	1.17156	2880	758.435	0.108494	0	0	0	0	-0.180759	0	-110.679	0	0.0108455	-0.00646325	0
23.52	4.70876	3360	1993.84	0.127192	0	0	0	0	-0.204172	0	36.1837	0	0.0122503	-0.00267323	-0
30.72	8.03092	3840	1922.02	0.146065	0	0	0	0	-0.176502	0	-13.8349	0	0.0105901	0.000628318	0
38.88	14.2065	4320	3550.07	0.165114	0	0	0	0	-0.199915	0	8.51381	0	0.0119949	0.00409269	-0
48	21.4293	4800	4598.73	0.184338	0	0	0	0	-0.105199	0	46.8259	0	0.00631192	0.00726014	-0
58.08	30.1085	5280	5319.39	0.203739	0	0	-0	0	-0.100942	0	-14.8991	0	0.00605651	0.00898132	0
69.12	34.6232	5760	461.554	0.223315	0	0	0	0	-0.0541159	0	48.9544	0	0.00324695	0.0108174	-0
81.12	40.3577	6240	5101.52	0.243066	0	0	0	0	-0.0328313	0	-63.8535	0	0.00196988	0.0110253	0
94.08	51.3361	6720	4493.39	0.262994	0	0	0	0	-0.487255	0	-210.717	0	0.0292353	0.0138096	0
108	61.3163	7200	2783.93	0.283097	0	0	0	0	-0.435109	0	96.8445	0	0.0261065	0.0229825	-0
122.88	84.6804	7680	10028.8	0.303376	0	0	-0	0	-0.275475	0	77.6885	0	0.0165285	0.0300769	-0
138.72	106.47	8160	7672.89	0.323831	0	0	0	0	0.327941	0	308.625	0	-0.0196765	0.0323824	-0
147	114.969	8400	7313.76	0.334124	0	0	0	0	0.547171	0	219.23	0	-0.0328303	0.0294309	-0
164.28	132.922	8880	5082.36	0.354842	0	0	0	0	0.482254	0	-38.3121	0	-0.0289352	0.0198213	0
182.25	149.537	9000	3296.29	0.362521	0	0	0	0	0.752567	0	169.212	0	-0.045154	0.0102308	-0
200.25	175.617	9000	4807.03	0.365815	0	0	0	0	0.994146	0	119.193	0	-0.0596488	-0.00441691	-0
218.25	209.38	9000	8407.91	0.36911	0	0	0	0	0.644016	0	-244.772	0	-0.0386409	-0.0213633	0
236.25	247.287	9000	6521.28	0.372405	-0	0	0	0	0.0810407	0	-432.075	0	-0.00486244	-0.0317775	0
254.25	288.684	9000	9214.76	0.3757	-0	0	-0	0	-0.691587	0	-243.708	0	0.0414952	-0.028476	0
272.25	325.229	9000	6243.55	0.378995	-0	0	0	0	-1.0928	0	-213.909	0	0.065568	-0.0143417	0
290.25	361.299	9000	3971.45	0.38229	-0	0	0	0	-1.23434	0	-121.322	0	0.0740605	0.00551072	0
308.25	400.93	9000	4586.76	0.385585	-0	0	0	0	-1.57702	0	-144.734	0	0.0946213	0.0295104	0
326.25	446.595	9000	6360.87	0.38888	-0	0	0	0	-0.891661	0	549.14	0	0.0534997	0.0566708	-0
344.25	500.42	9000	7864.43	0.392175	-0	0	0	0	0.340712	0	675.783	0	-0.0204427	0.0677114	-0
362.25	547.893	9000	8187.64	0.395469	-0	-0	0	0	-0.589421	0	-593.838	0	0.0353653	0.0646052	0
380.25	604.568	9000	17458	0.398764	-0	-0	-0	0	0.150215	0	936.518	0	-0.00901292	0.0769868	-0
398.25	652.85	9000	9253.06	0.402059	-0	-0	-0	0	1.17719	0	-37.2479	0	-0.0706316	0.0647048	0
416.25	678.479	9000	3334.6	0.405354	-0	-0	0	0	-0.19885	0	-677.911	0	0.011931	0.0497986	0
434.236	697.045	8920.01	-4025.18	0.405721	-0	-0	0	0	-0.330814	0	183.047	0	0.0198489	0.056213	-0
451.596	731.583	8440.01	2918.01	0.391344	-0	-0	0	0	-0.0211249	0	86.2022	0	0.00126749	0.0601562	-0
467.996	772.515	7960.01	1641.9	0.37679	-0	-0	0	0	0.812163	0	791.783	0	-0.0487298	0.0601629	-0
483.436	846.399	7480.01	26268.7	0.362062	-0	-0	-0	0	1.84872	0	277.763	0	-0.110923	0.0387149	-0
497.916	908.483	7000.01	19754	0.347157	-0	-0	-0	0	0.536529	0	-850.316	0	-0.0321917	0.00959479	0
511.436	925.874	6520.01	3605.14	0.332076	-0	-0	0	0	0.5493	0	181.983	0	-0.032958	0.00146017	-0
523.997	924.781	6040.01	-1784.21	0.31682	-0	-0	0	0	0.878145	0	83.0095	0	-0.0526887	-0.0106398	-0
535.597	928.21	5560	-2.92091	0.301389	-0	-0	0	0	0.886659	0	25.5414	0	-0.0531996	-0.0262931	-0
546.237	932.099	5080	-2294.17	0.285781	-0	-0	0	0	1.05587	0	148.992	0	-0.0633523	-0.042435	-0
555.917	949.415	4600	3607.54	0.269998	-0	-0	0	0	1.46773	0	190.496	0	-0.0880636	-0.0634329	-0
568.637	1001.13	3880	18686.2	0.245993	-0	-0	-0	0	-0.761826	0	-891.821	0	0.0457095	-0.0897001	0
575.917	1012.79	3400	10964.9	0.229771	-0	-0	-0	0	0.558878	0	987.601	0	-0.0335327	-0.0789852	-0
582.237	995.158	2920	724.916	0.213372	-0	-0	0	0	1.06332	0	-20.2203	0	-0.0637992	-0.093767	0
587.597	960.017	2440	1230.09	0.196798	-0	-0	0	0	0.300271	0	-315.011	0	-0.0180163	-0.108874	0
591.997	928.121	1960	1189.39	0.180048	-0	-0	0	0	0.542914	0	346.937	0	-0.0325749	-0.113341	-0
595.437	900.409	1480	4708.87	0.163123	-0	-0	-0	0	0.323684	0	-372.479	0	-0.019421	-0.124492	0
597.917	877.232	999.995	6344.11	0.146022	-0	-0	-0	0	-0.861863	0	-552.333	0	0.0517118	-0.12462	0
599.437	843.187	519.995	143.125	0.128745	-0	-0	0	0	-0.86612	0	91.5235	0	0.0519672	-0.108244	-0
599.997	810.152	39.9935	2807.87	0.111292	-0	-0	-0	0	-0.942744	0	-196.882	0	0.0565646	-0.0937363	0
600	775.863	0	-1314.94	0.10983	-0	-0	0	0	-1.15985	0	6.38545	0	0.0695907	-0.0747555	-0
600	745.323	0	-189.669	0.10983	-0	-0	0	0	-0.986377	0	62.7893	0	0.0591826	-0.0548744	-0
600	716.547	0	9.0501	0.10983	-0	-0	-0	0	-1.15665	0	-109.615	0	0.0693992	-0.0365737	0
600	695.866	0	-584.712	0.10983	-0	-0	0	0	-1.15133	0	61.7251	0	0.0690799	-0.0152463	-0
600	671.905	0	-994.12	0.10983	-0	-0	0	0	-0.925716	0	50.0186	0	0.055543	0.00389731	-0
600	647.173	0	-541.616	0.10983	-0	-0	0	0	-1.14282	0	-12.7709	0	0.0685691	0.0223992	0
600	630.891	0	200.586	0.10983	-0	-0	-0	0	-0.885276	0	100.037	0	0.0531165	0.0415524	-0
600	618.181	0	-34.0455	0.10983	-0	-0	0	0	-0.837386	0	41.5049	0	0.0502431	0.0574299	-0
600	610.134	0	1919.62	0.10983	-0	-0	-0	0	-0.381897	0	296.919	0	0.0229138	0.0710757	-0
600	604.516	0	2410.43	0.10983	-0	-0	-0	0	0.369446	0	316.075	0	-0.0221667	0.0740324	-0
600	592.922	0	-3091.44	0.10983	0	-0	0	0	0.791943	0	166.019	0	-0.0475166	0.0650741	-0
600	584.788	0	717.734	0.10983	0	-0	-0	0	0.87176	0	51.0828	0	-0.0523056	0.0505605	-0
600	578.577	0	-290.225	0.10983	0	-0	0	0	0.843026	0	-31.9268	0	-0.0505816	0.0348401	0
600	578.275	0	59.3283	0.10983	0	-0	-0	0	0.804714	0	-23.413	0	-0.0482828	0.0197997	0
600	570.203	0	909.27	0.10983	0	-0	-0	0	0.599318	0	-136.221	0	-0.0359591	0.00593743	0
600	571.29	0	-644.567	0.10983	0	-0	0	0	0.525887	0	24.4772	0	-0.0315532	-0.00396912	-0
600	566.948	0	-421.906	0.10983	0	-0	0	0	0.427978	0	-65.9819	0	-0.0256787	-0.0131477	0
600	563.794	0	-1336.49	0.10983	0	-0	0	0	0.0203799	0	-206.46	0	-0.00122279	-0.0190411	0
600	561.432	0	612.389	0.10983	0	-0	-0	0	-0.197786	0	-26.6056	0	0.0118672	-0.0176839	0
600	560.843	0	-156.15	0.10983	0	-0	0	0	-0.236098	0	-41.5047	0	0.0141659	-0.0141525	0
600	553.249	0	-481.761	0.10983	0	-0	0	0	-0.392539	0	-86.2022	0	0.0235524	-0.00927056	0
600	550.324	0	-1755.48	0.10983	0	-0	0	0	-0.566008	0	-109.615	0	0.0339605	-0.00163017	0
600	549.804	0	279.595	0.10983	0	-0	-0	0	-0.685201	0	52.147	0	0.0411121	0.0101	-0
600	554.689	0	286.777	0.10983	0	-0	-0	0	-0.620284	0	-6.38539	0	0.037217	0.0217919	0
600	556.114	0	18.6269	0.10983	0	-0	-0	0	-0.429787	0	117.065	0	0.0257872	0.0322962	-0
600	552.725	0	28.2037	0.10983	0	-0	-0	0	-0.0913637	0	186.239	0	0.00548182	0.0386627	-0
600	557.621	0	2312.27	0.10983	0	-0	-0	0	0.0108019	0	-21.2845	0	-0.000648113	0.0391962	0
600	558.113	0	-1135.38	0.10983	0	-0	0	0	0.272601	0	150.056	0	-0.0163561	0.037996	-0
600	558.615	0	-84.3238	0.10983	0	-0	0	0	0.375831	0	44.6975	0	-0.0225499	0.0325624	-0
600	552.148	0	-838.497	0.10983	0	-0	0	0	0.391795	0	-13.835	0	-0.0235077	0.0255293	0
600	548.378	0	-2006.87	0.10983	0	-0	0	0	0.480125	0	47.8901	0	-0.0288075	0.018113	-0
600	548.548	0	-249.524	0.10983	0	-0	0	0	0.542914	0	38.3121	0	-0.0325749	0.00925047	-0
600	548.604	0	128.76	0.10983	0	-0	-0	0	0.545043	0	-9.57799	0	-0.0327026	-0.000627351	0
600	552.486	0	-333.321	0.10983	0	-0	0	0	0.60464	0	29.7983	0	-0.0362784	-0.0107063	-0
600	545.891	0	-510.492	0.10983	0	-0	0	0	0.596126	0	-4.2569	0	-0.0357675	-0.0215515	0
600	547.746	0	1076.86	0.10983	0	-0	-0	0	0.221518	0	-238.386	0	-0.0132911	-0.0310558	0
600	546.808	0	265.23	0.10983	0	-0	-0	0	0.29495	0	96.8445	0	-0.017697	-0.0348324	-0
600	547.089	0	-354.869	0.10983	0	-0	0	0	0.34284	0	-6.38536	0	-0.0205704	-0.04063	0
600	547.795	0	2609.15	0.10983	0	-0	-0	0	0.039536	0	-160.698	0	-0.00237216	-0.0455177	0
600	543.397	0	-3838.43	0.10983	0	-0	0	0	-0.245676	0	-70.2388	0	0.0147406	-0.0442945	0
600	543.939	0	933.212	0.10983	0	-0	-0	0	-0.142447	0	87.2665	0	0.00854679	-0.040016	-0
600	543.308	0	-565.558	0.10983	0	-0	0	0	-0.0977491	0	5.32113	0	0.00586495	-0.0378064	-0
600	546.038	0	1378.53	0.10983	0	-0	-0	0	-0.188208	0	-87.2665	0	0.0112925	-0.0360182	0
600	552.551	0	207.769	0.10983	0	-0	-0	0	-0.444687	0	-62.7893	0	0.0266812	-0.0308872	0
600	542.304	0	-3790.55	0.10983	0	-0	0	0	-0.360613	0	9.57802	0	0.0216368	-0.0235533	-0
600	542.423	0	85.6646	0.10983	0	-0	-0	0	-0.36487	0	31.9267	0	0.0218922	-0.0167366	-0
600	547.756	0	-50.8049	0.10983	0	-0	0	0	-0.392539	0	-38.3121	0	0.0235524	-0.0102648	0
600	541.34	0	-496.126	0.10983	0	-0	0	0	-0.414888	0	15.9633	0	0.0248933	-0.00285424	-0
600	540.576	0	-36.4397	0.10983	0	-0	0	0	-0.463843	0	-30.8626	0	0.0278306	0.00477657	0
600	539.906	0	-460.213	0.10983	0	-0	0	0	-0.457457	0	25.5414	0	0.0274474	0.0132981	-0
600	539.806	0	2022.57	0.10983	0	-0	-0	0	-0.197786	0	155.377	0	0.0118672	0.0205937	-0
600	543.205	0	643.514	0.10983	0	-0	-0	0	-0.0434736	0	92.5876	0	0.00260842	0.0235984	-0
600	543.283	0	236.499	0.10983	0	-0	-0	0	0.0331506	0	-84.0738	0	-0.00198904	0.0229346	0
600	547.193	0	-113.054	0.10983	0	-0	0	0	-0.0679508	0	15.9634	0	0.00407705	0.0233915	-0
600	541.61	0	-273.466	0.10983	0	-0	0	0	-0.137125	0	-32.991	0	0.00822753	0.0249402	0
600	542.258	0	-383.599	0.10983	0	-0	0	0	-0.141382	0	-5.32114	0	0.00848294	0.0273989	0
600	539.806	0	-661.326	0.10983	0	-0	0	0	0.00335231	0	74.4958	0	-0.000201139	0.0293116	-0
600	542.116	0	1074.47	0.10983	0	-0	-0	0	0.0906188	0	46.8259	0	-0.00543713	0.0288873	-0
600	543.219	0	-141.785	0.10983	0	-0	0	0	0.161922	0	28.7341	0	-0.00971531	0.0268731	-0
600	542.29	0	-388.387	0.10983	0	-0	0	0	0.448198	0	140.478	0	-0.0268919	0.0226463	-0
600	542.563	0	-208.822	0.10983	0	-0	0	0	0.329005	0	-72.3673	0	-0.0197403	0.0150002	0
600	542.031	0	-287.831	0.10983	0	-0	0	0	0.270473	0	-29.7983	0	-0.0162284	0.00933667	0
600	542.05	0	-101.083	0.10983	0	-0	0	0	0.257702	0	6.38536	0	-0.0154621	0.00464056	-0
600	545.422	0	-457.819	0.10983	0	-0	0	0	0.249188	0	-15.9634	0	-0.0149513	-6.51218e-05	0
600	541.084	0	-125.025	0.10983	0	-0	0	0	0.291757	0	26.6056	0	-0.0175054	-0.00469418	-0
600	536.806	0	-2375.57	0.10983	0	-0	0	0	0.0735912	0	-146.863	0	-0.00441547	-0.00930409	0
600	541.446	0	1663.44	0.10983	0	-0	-0	0	-0.149896	0	-38.3121	0	0.00899377	-0.00896215	0
600	541.197	0	-148.967	0.10983	0	-0	0	0	-0.176502	0	-22.3487	0	0.0105901	-0.00622571	0
600	539.579	0	-125.025	0.10983	0	-0	0	0	-0.0466663	0	72.3673	0	0.00279998	-0.00356589	-0
600	538.749	0	258.047	0.10983	0	-0	-0	0	-0.0307029	0	4.2569	0	0.00184217	-0.00283126	-0
600	537.444	0	-242.341	0.10983	0	-0	0	0	-0.0253818	0	-18.0918	0	0.00152291	-0.00248932	0
600	536.157	0	-263.889	0.10983	0	-0	0	0	0.06827	0	69.1746	0	-0.0040962	-0.00225274	-0
600	536.951	0	818.29	0.10983	0	-0	-0	0	0.222583	0	74.4958	0	-0.013355	-0.00419996	-0
600	538.208	0	-48.4107	0.10983	0	-0	0	0	0.346033	0	42.569	0	-0.020762	-0.00893437	-0
600	530.595	0	-1738.72	0.10983	0	-0	0	0	0.260895	0	-162.826	0	-0.0156537	-0.0158622	0
600	532.078	0	-484.155	0.10983	0	-0	0	0	0.204491	0	111.744	0	-0.0122695	-0.0190449	-0
600	533.077	0	167.067	0.10983	0	-0	-0	0	0.259831	0	-26.6056	0	-0.0155898	-0.0234633	0
600	532.806	0	248.47	0.10983	0	-0	-0	0	0.203427	0	-47.8902	0	-0.0122056	-0.0280636	0
600	534.662	0	734.493	0.10983	0	-0	-0	0	-0.0115468	0	-127.707	0	0.000692811	-0.0309399	0
600	535.744	0	1797.52	0.10983	0	-0	-0	0	-0.368062	0	-163.891	0	0.0220837	-0.0289984	0
600	536.571	0	-771.46	0.10983	0	-0	0	0	-0.336136	0	85.138	0	0.0201681	-0.0218944	-0
600	535.317	0	-498.521	0.10983	0	-0	0	0	-0.288245	0	-1.06421	0	0.0172947	-0.0162846	0
600	534.552	0	-1276.64	0.10983	0	-0	0	0	-0.193529	0	67.0462	0	0.0116118	-0.0113452	-0
600	531.299	0	-1235.93	0.10983	0	-0	0	0	-0.132868	0	-84.0738	0	0.00797211	-0.00916425	0
600	530.842	0	-2.92091	0.10983	0	-0	0	0	-0.345714	0	-26.6057	0	0.0207428	-0.00509646	0
600	531.169	0	-10.1035	0.10983	0	-0	0	0	-0.324429	0	-18.0918	0	0.0194657	0.000771999	0
600	525.919	0	-101.083	0.10983	0	-0	0	0	-0.356356	0	-31.9268	0	0.0213813	0.00369186	0
600	524.385	0	-1877.58	0.10983	0	-0	0	0	-0.211621	0	130.9	0	0.0126973	0.00998175	-0
600	522.894	0	270.018	0.10983	0	-0	-0	0	0.0554993	0	137.285	0	-0.00332996	0.0126224	-0
600	523.213	0	389.728	0.10983	0	-0	-0	0	-0.264832	0	-243.708	0	0.0158899	0.012313	0
600	522.893	0	-354.869	0.10983	0	-0	0	0	-0.298888	0	26.6056	0	0.0179333	0.017626	-0
600	523.425	0	873.357	0.10983	0	-0	-0	0	-0.167988	0	112.808	0	0.0100793	0.0228431	-0
600	523.964	0	-216.005	0.10983	0	-0	0	0	-0.253126	0	-76.6242	0	0.0151876	0.0259435	0
600	524.173	0	1847.8	0.10983	0	-0	-0	0	-0.260576	0	1.06424	0	0.0156345	0.0305764	-0
600	526.611	0	665.061	0.10983	0	-0	-0	0	-0.185016	0	34.0552	0	0.0111009	0.0348932	-0
600	525.733	0	-611.048	0.10983	0	-0	0	0	-0.0338956	0	119.193	0	0.00203373	0.0379362	-0
600	524.182	0	-318.956	0.10983	0	-0	0	0	0.367317	0	162.826	0	-0.022039	0.0364008	-0
600	524.407	0	-72.3528	0.10983	0	-0	0	0	0.319427	0	-30.8625	0	-0.0191656	0.0299424	0
600	524.296	0	-424.3	0.10983	0	-0	0	0	0.241739	0	-62.7893	0	-0.0145043	0.0243268	0
600	523.598	0	-309.379	0.10983	0	-0	0	0	0.264087	0	31.9268	0	-0.0158452	0.0200617	-0
600	523.381	0	-244.735	0.10983	0	-0	0	0	0.228968	0	-19.1561	0	-0.0137381	0.0154518	0
600	524.23	0	-177.698	0.10983	0	-0	0	0	0.251317	0	25.5414	0	-0.015079	0.0113591	-0
600	523.626	0	-225.582	0.10983	0	-0	0	0	0.290693	0	4.2569	0	-0.0174416	0.00651929	-0
600	522.345	0	-242.341	0.10983	0	-0	0	0	0.325813	0	30.8625	0	-0.0195488	0.0012485	-0
600	522.218	0	-268.677	0.10983	0	-0	0	0	0.353482	0	17.0276	0	-0.0212089	-0.0047119	-0
600	522.535	0	-165.727	0.10983	0	-0	0	0	0.415207	0	41.5048	0	-0.0249124	-0.0112566	-0
600	524.538	0	1696.96	0.10983	0	-0	-0	0	0.181078	0	-164.955	0	-0.0108647	-0.0181077	0
600	523.461	0	-249.524	0.10983	0	-0	0	0	0.192784	0	50.0186	0	-0.0115671	-0.0210223	-0
600	520.025	0	-1908.71	0.10983	0	-0	0	0	0.109775	0	-72.3673	0	-0.00658649	-0.0243967	0
600	519.094	0	643.514	0.10983	0	-0	-0	0	-0.0402809	0	-129.835	0	0.00241686	-0.0261906	0
600	518.053	0	-685.268	0.10983	0	-0	0	0	0.0544351	0	117.065	0	-0.00326611	-0.0252644	-0
600	515.901	0	-266.283	0.10983	0	-0	0	0	0.108711	0	-44.6975	0	-0.00652264	-0.027135	0
600	516.004	0	2132.71	0.10983	0	-0	-0	0	-0.228649	0	-162.826	0	0.0137189	-0.027521	0
600	518.433	0	1505.43	0.10983	0	-0	-0	0	-0.169052	0	102.166	0	0.0101431	-0.0230222	-0
600	517.058	0	-639.779	0.10983	0	-0	0	0	-0.0998775	0	25.5414	0	0.00599265	-0.020372	-0
600	516.141	0	-182.486	0.10983	0	-0	0	0	-0.0211249	0	24.4772	0	0.00126749	-0.0190627	-0
600	516.324	0	9.0501	0.10983	0	-0	-0	0	-0.00090459	0	21.2845	0	5.42754e-05	-0.0186728	-0
600	514.539	0	-1925.46	0.10983	0	-0	0	0	0.0767839	0	41.5048	0	-0.00460703	-0.0189822	-0
600	507.525	0	-3622.95	0.10983	0	-0	0	0	-0.059437	0	-65.982	0	0.00356622	-0.0197322	0
600	509.816	0	583.659	0.10983	0	-0	-0	0	-0.102006	0	-64.9177	0	0.00612036	-0.0188634	0
600	511.551	0	88.0588	0.10983	0	-0	-0	0	-0.378705	0	-86.2022	0	0.0227223	-0.0153129	0
600	509.482	0	-1073.13	0.10983	0	-0	0	0	-0.588357	0	-95.7803	0	0.0353014	-0.00747134	0
600	509.805	0	83.2704	0.10983	0	-0	-0	0	-0.518118	0	1.0643	0	0.0310871	0.00249652	-0
600	515.116	0	1340.23	0.10983	0	-0	-0	0	-0.581972	0	-63.8536	0	0.0349183	0.00715958	0
600	513.023	0	686.609	0.10983	0	-0	-0	0	-0.452136	0	90.4591	0	0.0271282	0.0225088	-0
600	515.19	0	1395.29	0.10983	0	-0	-0	0	-0.322301	0	78.7526	0	0.019338	0.0301876	-0
600	512.367	0	-2126.58	0.10983	0	-0	0	0	-0.0189964	0	219.23	0	0.00113979	0.0352323	-0
600	512.063	0	471.131	0.10983	0	-0	-0	0	0.082105	0	-39.3763	0	-0.0049263	0.0343099	0
600	515.526	0	1469.51	0.10983	0	-0	-0	0	0.401373	0	192.625	0	-0.0240824	0.0316923	-0
600	515.571	0	-453.031	0.10983	0	-0	0	0	0.21939	0	-106.423	0	-0.0131634	0.0251476	0
600	516.362	0	-7.70931	0.10983	0	-0	0	0	0.24706	0	10.6422	0	-0.0148236	0.0210453	-0
600	516.467	0	83.2704	0.10983	0	-0	-0	0	0.112968	0	-72.3673	0	-0.00677805	0.0171538	0
600	516.26	0	-24.4687	0.10983	0	-0	0	0	0.0810407	0	-31.9268	0	-0.00486244	0.0161371	0
600	515.458	0	-230.37	0.10983	0	-0	0	0	-0.0615654	0	-55.3397	0	0.00369393	0.0150792	0
600	514.739	0	-388.387	0.10983	0	-0	0	0	-0.0849784	0	-3.19268	0	0.0050987	0.0163693	0
600	514.469	0	-242.341	0.10983	0	-0	0	0	-0.124355	0	-38.3121	0	0.00746128	0.0179085	0
600	514.432	0	-53.1991	0.10983	0	-0	0	0	-0.183951	0	-29.7983	0	0.0110371	0.0204151	0
600	515.941	0	231.711	0.10983	0	-0	-0	0	-0.069015	0	117.065	0	0.0041409	0.0237454	-0
600	511.828	0	-2552.75	0.10983	0	-0	0	0	0.128931	0	4.2569	0	-0.00773585	0.0232444	-0
600	511.007	0	-55.5933	0.10983	0	-0	0	0	0.137445	0	27.6698	0	-0.00824668	0.0210961	-0
600	512.875	0	2204.53	0.10983	0	-0	-0	0	0.221518	0	55.3397	0	-0.0132911	0.0183635	-0
600	515.7	0	442.401	0.10983	0	-0	-0	0	0.248124	0	-8.51378	0	-0.0148874	0.0140601	0
600	513.963	0	-548.799	0.10983	0	0	0	0	0.305592	0	61.725	0	-0.0183355	0.00963215	-0
600	511.645	0	71.2993	0.10983	0	0	-0	0	0.448198	0	13.8349	0	-0.0268919	0.00297255	-0
600	510.404	0	28.2037	0.10983	0	0	-0	0	0.472676	0	47.8902	0	-0.0283605	-0.00488431	-0
600	508.982	0	-469.79	0.10983	0	0	0	0	0.555685	0	45.7617	0	-0.0333411	-0.0137277	-0
600	509.506	0	298.749	0.10983	0	0	-0	0	0.565263	0	-32.991	0	-0.0339158	-0.0241132	0
600	508.477	0	-359.657	0.10983	0	0	0	0	0.210876	0	-262.864	0	-0.0126526	-0.0334642	0
600	507.814	0	-91.5064	0.10983	0	0	0	0	-0.18608	0	-78.7527	0	0.0111648	-0.0343961	0
600	504.132	0	-848.074	0.10983	0	0	0	0	-0.167988	0	-24.4772	0	0.0100793	-0.0314298	0
600	504.714	0	289.172	0.10983	0	0	-0	0	-0.223328	0	-20.2203	0	0.0133997	-0.02809	0
600	504.539	0	100.03	0.10983	0	0	-0	0	-0.185016	0	41.5048	0	0.0111009	-0.0240413	-0
600	503.129	0	241.288	0.10983	0	0	-0	0	0.0171872	0	113.872	0	-0.00103123	-0.021506	-0
600	502.878	0	327.479	0.10983	0	0	-0	0	0.0810407	0	-7.44957	0	-0.00486244	-0.0224571	0
600	504.171	0	423.247	0.10983	0	0	-0	0	0.00441654	0	-47.8901	0	-0.000264992	-0.0236572	0
600	505.02	0	289.172	0.10983	0	0	-0	0	-0.0189964	0	5.32113	0	0.00113979	-0.0234781	-0
600	504.782	0	-14.8919	0.10983	0	0	0	0	-0.0275102	0	-20.2203	0	0.00165061	-0.0232416	0
600	502.138	0	-2064.33	0.10983	0	0	0	0	-0.268025	0	-103.23	0	0.0160815	-0.0215108	0
600	500.706	0	-65.1702	0.10983	0	0	0	0	-0.374448	0	-91.5234	0	0.0224669	-0.0165523	0
600	500.823	0	-366.84	0.10983	0	0	0	0	-0.525568	0	6.38533	0	0.0315341	-0.00839466	-0
600	500.868	0	49.7515	0.10983	0	0	-0	0	-0.548981	0	-31.9268	0	0.0329388	0.000988935	0
600	501.97	0	940.395	0.10983	0	0	-0	0	-0.462778	0	94.7161	0	0.0277667	0.0109472	-0
600	504.765	0	1086.44	0.10983	0	0	-0	0	-0.208429	0	103.23	0	0.0125057	0.0179171	-0
600	504.76	0	1038.56	0.10983	0	0	-0	0	-0.15096	0	-4.2569	0	0.00905762	0.0211133	0
600	505.681	0	-139.39	0.10983	0	0	0	0	-0.224392	0	-23.4129	0	0.0134635	0.0242808	0
600	505.008	0	-273.466	0.10983	0	0	0	0	-0.210557	0	14.8991	0	0.0126334	0.0283294	-0
600	503.573	0	-218.399	0.10983	0	0	0	0	0.304528	0	380.993	0	-0.0182717	0.0309126	-0
600	502.302	0	-1654.92	0.10983	0	0	0	0	0.325813	0	-59.5966	0	-0.0195488	0.0247032	0
600	503.877	0	392.122	0.10983	0	0	-0	0	0.189592	0	-55.3397	0	-0.0113755	0.0195665	0
600	503.09	0	11.4443	0.10983	0	0	-0	0	0.149151	0	-15.9634	0	-0.00894907	0.0163741	0
600	502.398	0	-424.3	0.10983	0	0	0	0	0.082105	0	-32.991	0	-0.0049263	0.0139959	0
600	503.898	0	890.116	0.10983	0	0	-0	0	0.188527	0	68.1104	0	-0.0113116	0.0121732	-0
600	505.87	0	1316.28	0.10983	0	0	-0	0	0.0501782	0	-123.45	0	-0.00301069	0.0089138	0
600	506.043	0	-122.631	0.10983	0	0	0	0	-0.113712	0	-106.423	0	0.00682275	0.0085278	0
600	506.792	0	-129.814	0.10983	0	0	0	0	-0.141382	0	29.7983	0	0.00848294	0.0110918	-0
600	506.879	0	-318.956	0.10983	0	0	0	0	-0.117969	0	-6.38534	0	0.00707816	0.0133685	0
600	506.717	0	16.2327	0.10983	0	0	-0	0	-0.169052	0	-35.1194	0	0.0101431	0.0156357	0
600	507.941	0	408.882	0.10983	0	0	-0	0	-0.199915	0	-8.51381	0	0.0119949	0.0188797	0
600	507.803	0	179.038	0.10983	0	0	-0	0	-0.0945564	0	78.7527	0	0.00567338	0.0222388	-0
600	507.757	0	73.6936	0.10983	0	0	-0	0	0.202362	0	181.982	0	-0.0121417	0.0229063	-0
600	506.145	0	-1166.5	0.10983	0	0	0	0	0.532272	0	164.955	0	-0.0319363	0.0177792	-0
600	505.612	0	456.766	0.10983	0	0	-0	0	0.573777	0	-27.6698	0	-0.0344266	0.00757575	0
600	505.165	0	-249.524	0.10983	0	0	0	0	0.567392	0	26.6056	0	-0.0340435	-0.00245532	-0
600	503.332	0	-208.822	0.10983	0	0	0	0	0.590805	0	1.0643	0	-0.0354483	-0.0128695	-0
600	505.734	0	2549.3	0.10983	0	0	-0	0	0.296014	0	-235.194	0	-0.0177609	-0.0229676	0
600	503.638	0	-2061.93	0.10983	0	0	0	0	0.112968	0	-64.9177	0	-0.00677805	-0.0272327	0
600	499.489	0	-1092.28	0.10983	0	0	0	0	-0.0189964	0	-83.0096	0	0.00113979	-0.0288255	0
600	498.26	0	-89.1122	0.10983	0	0	0	0	-0.0392167	0	-31.9268	0	0.002353	-0.028589	0
600	497.487	0	-5.31511	0.10983	0	0	0	0	0.0310222	0	68.1104	0	-0.00186133	-0.0279022	-0
600	498.44	0	849.415	0.10983	0	0	-0	0	0.00867344	0	-55.3397	0	-0.000520406	-0.0287575	0
600	498.316	0	-34.0455	0.10983	0	0	0	0	-0.00622572	0	14.8991	0	0.000373543	-0.0286455	-0
600	499.178	0	760.829	0.10983	0	0	-0	0	-0.0370882	0	-57.4682	0	0.00222529	-0.0287729	0
600	499.398	0	95.2414	0.10983	0	0	-0	0	-0.102006	0	-19.1561	0	0.00612036	-0.0276934	0
600	498.39	0	97.6356	0.10983	0	0	-0	0	-0.0977491	0	23.4129	0	0.00586495	-0.0256849	-0
600	498.208	0	-53.1991	0.10983	0	0	0	0	-0.0104826	0	46.8259	0	0.000628957	-0.0242894	-0
600	497.71	0	-589.5	0.10983	0	0	0	0	-0.129676	0	-89.3949	0	0.00778055	-0.0238325	0
600	497.421	0	2065.67	0.10983	0	0	-0	0	-0.239291	0	-35.1194	0	0.0143575	-0.0208279	0
600	495.47	0	-2315.72	0.10983	0	0	0	0	-0.539403	0	-109.615	0	0.0323642	-0.0148062	0
600	497.808	0	1002.64	0.10983	0	0	-0	0	-0.514925	0	-50.0186	0	0.0308955	-0.0057674	0
600	497.269	0	-347.686	0.10983	0	0	0	0	-0.497898	0	61.725	0	0.0298739	0.00390353	-0
600	500.107	0	1028.98	0.10983	0	0	-0	0	-0.266961	0	130.9	0	0.0160177	0.0119654	-0
600	501.967	0	1222.91	0.10983	0	0	-0	0	-0.196722	0	21.2845	0	0.0118033	0.0163301	-0
600	500.389	0	-2418.67	0.10983	0	0	0	0	-0.246741	0	-28.7341	0	0.0148044	0.0200626	0
600	496.981	0	-381.205	0.10983	0	0	0	0	-0.119034	0	61.7251	0	0.00714201	0.0239101	-0
600	498.664	0	823.079	0.10983	0	0	-0	0	-0.0200606	0	89.3949	0	0.00120364	0.0259665	-0
600	500.448	0	392.122	0.10983	0	0	-0	0	0.0523067	0	-12.7707	0	-0.0031384	0.0255614	0
600	498.241	0	-907.929	0.10983	0	0	0	0	0.0863619	0	-1.06423	0	-0.00518171	0.0243038	0
600	498.135	0	-268.677	0.10983	0	0	0	0	0.000159632	0	-19.1561	0	-9.57795e-06	0.0233527	0
600	498.312	0	456.766	0.10983	0	0	-0	0	0.0129303	0	14.8992	0	-0.00077582	0.023369	-0
600	499.844	0	66.5109	0.10983	0	0	-0	0	0.263023	0	137.285	0	-0.0157814	0.0221209	-0
600	500.741	0	485.496	0.10983	0	0	-0	0	0.213005	0	-62.7893	0	-0.0127803	0.0172716	0
600	500.646	0	-113.054	0.10983	0	0	0	0	0.142766	0	-24.4772	0	-0.00856595	0.0138494	0
600	498.603	0	-879.199	0.10983	0	0	0	0	-0.0551801	0	-89.3949	0	0.0033108	0.0122565	0
600	498.244	0	305.931	0.10983	0	0	-0	0	0.0661416	0	50.0186	0	-0.0039685	0.0126081	-0
600	501.474	0	1251.64	0.10983	0	0	-0	0	0.195977	0	72.3673	0	-0.0117586	0.0109003	-0
600	501.442	0	1122.35	0.10983	0	0	-0	0	0.111903	0	-52.147	0	-0.0067142	0.00766004	0
600	500.379	0	-359.657	0.10983	0	0	0	0	0.0427286	0	-24.4772	0	-0.00256372	0.00604806	0
600	501.413	0	657.879	0.10983	0	0	-0	0	-0.0658223	0	-70.2389	0	0.00394934	0.00562375	0
600	501.104	0	-342.898	0.10983	0	0	0	0	-0.0668866	0	-11.7065	0	0.00401319	0.00671278	0
600	500.045	0	-316.561	0.10983	0	0	0	0	-0.0317671	0	51.0828	0	0.00190603	0.0080604	-0
600	499.595	0	-201.64	0.10983	0	0	0	0	-0.00622572	0	-13.8349	0	0.000373543	0.00827783	0
600	498.771	0	-89.1122	0.10983	0	0	0	0	-0.0200606	0	7.44957	0	0.00120364	0.00858145	-0
600	498.096	0	-658.932	0.10983	0	0	0	0	0.112968	0	108.551	0	-0.00677805	0.00872225	-0
600	495.85	0	224.528	0.10983	0	0	-0	0	0.269409	0	57.4682	0	-0.0161645	0.00579807	-0
600	496.349	0	281.989	0.10983	0	0	-0	0	0.43862	0	62.7893	0	-0.0263172	-9.08384e-06	-0
600	495.283	0	193.404	0.10983	0	0	-0	0	0.387538	0	-31.9268	0	-0.0232523	-0.00773185	0
600	495.948	0	624.36	0.10983	0	0	-0	0	0.243867	0	-35.1194	0	-0.014632	-0.0137306	0
600	495.35	0	-153.756	0.10983	0	0	0	0	0.374767	0	67.0462	0	-0.022486	-0.0186949	-0
600	493.499	0	-656.538	0.10983	0	0	0	0	0.439685	0	20.2203	0	-0.0263811	-0.0258429	-0
600	492.9	0	270.018	0.10983	0	0	-0	0	0.23961	0	-141.542	0	-0.0143766	-0.0332305	0
600	493.568	0	794.348	0.10983	0	0	-0	0	0.0342148	0	-30.8625	0	-0.00205289	-0.0359727	0
600	491.132	0	-1769.84	0.10983	0	0	0	0	-0.242484	0	-193.689	0	0.014549	-0.0358414	0
600	490.075	0	229.317	0.10983	0	0	-0	0	-0.157346	0	79.8169	0	0.00944074	-0.0315246	-0
600	489.02	0	23.4153	0.10983	0	0	-0	0	-0.128612	0	10.6423	0	0.0077167	-0.0288552	-0
600	490.171	0	44.9631	0.10983	0	0	-0	0	-0.0998775	0	13.8349	0	0.00599265	-0.0266743	-0
600	489.766	0	97.6356	0.10983	0	0	-0	0	-0.0966849	0	-7.44955	0	0.00580109	-0.0249723	0
600	493.086	0	1862.16	0.10983	0	0	-0	0	-0.187144	0	-39.3763	0	0.0112286	-0.0227722	0
600	492.604	0	-551.193	0.10983	0	0	0	0	-0.346778	0	-45.7617	0	0.0208067	-0.0183788	0
600	492.937	0	73.6936	0.10983	0	0	-0	0	-0.32975	0	-29.7983	0	0.019785	-0.0125582	0
600	492.5	0	-144.179	0.10983	0	0	0	0	-0.348906	0	11.7065	0	0.0209344	-0.00634495	-0
600	492.264	0	-34.0455	0.10983	0	0	0	0	-0.374448	0	-25.5414	0	0.0224669	-0.0032048	0
600	491.336	0	-275.86	0.10983	0	0	0	0	-0.462778	0	-20.2202	0	0.0277667	0.00793972	0
600	491.24	0	-110.66	0.10983	0	0	0	0	-0.471292	0	-2.12842	0	0.0282775	0.0163272	0
600	492.819	0	107.212	0.10983	0	0	-0	0	-0.140318	0	261.799	0	0.00841909	0.0241879	-0
600	491.817	0	-462.608	0.10983	0	0	0	0	-0.161603	0	-98.9729	0	0.00969615	0.0260144	0
600	492.466	0	16.2327	0.10983	0	0	-0	0	-0.255254	0	-15.9634	0	0.0153153	0.0296225	0
600	494.228	0	1129.54	0.10983	0	0	-0	0	-0.100942	0	110.679	0	0.00605651	0.0338243	-0
600	496.378	0	545.351	0.10983	0	0	-0	0	0.0193157	0	-20.2203	0	-0.00115894	0.034377	0
599.881	495.292	-238.996	-383.599	0.101067	0	0	0	0	0.254509	0	202.203	0	-0.0152706	0.0337324	-0
598.923	493.498	-718.989	-584.712	0.0833368	0	0	-0	0	0.37051	0	-2.12842	0	-0.0222306	0.0280881	0
597.005	494.265	-1198.98	66.5109	0.0654308	0	0	-0	0	0.243867	0	-62.7893	0	-0.014632	0.0219936	0
594.127	493.848	-1678.98	-266.283	0.047349	0	0	-0	0	0.128931	0	-58.5324	0	-0.00773585	0.0181116	0
590.289	493.573	-2158.97	-256.706	0.0290915	0	0	-0	0	0.0640131	0	-27.6699	0	-0.00384079	0.0161261	0
585.491	488.578	-2638.96	-2433.04	0.0106583	0	0	-0	0	-0.259511	0	-191.561	0	0.0155707	0.0161615	0
579.734	486.549	-3118.96	344.238	-0.00795065	0	0	-0	0	-0.167988	0	151.12	0	0.0100793	0.0213691	-0
573.016	481.777	-3598.95	-2916.66	-0.0267353	0	0	-0	0	-0.102006	0	-62.7893	0	0.00612036	0.0232339	0
565.338	480.228	-4078.95	-103.477	-0.0456957	0	0	-0	0	-0.197786	0	0	0	0.0118672	0.025932	0
556.7	475.466	-4558.94	-1868	-0.0648318	0	0	-0	0	-0.0519874	0	104.294	0	0.00311924	0.0291186	-0
547.102	466.93	-5038.93	-4633.31	-0.0841436	0	0	-0	0	-0.306337	0	-195.817	0	0.0183802	0.0305812	0
536.545	459.004	-5518.93	-3517.61	-0.103631	0	0	-0	0	-0.464907	0	25.5414	0	0.0278944	0.0377523	-0
525.027	454.782	-5998.92	-1269.45	-0.123294	0	0	-0	0	-0.429787	0	5.32117	0	0.0257872	0.0458524	-0
512.549	444.135	-6478.92	-6000.4	-0.143133	0	0	-0	0	-0.0732719	0	232.001	0	0.00439631	0.052468	-0
499.112	431.167	-6958.91	-3479.3	-0.163148	0	0	-0	0	-0.0519874	0	-93.6518	0	0.00311924	0.0527524	0
484.714	416.862	-7438.9	-6543.88	-0.183339	0	0	-0	0	-0.250998	0	-76.6242	0	0.0150599	0.0547897	0
469.356	401.606	-7918.9	-5425.79	-0.203705	0	0	-0	0	0.110839	0	250.093	0	-0.00665034	0.0583019	-0
453.039	382.48	-8398.89	-4652.46	-0.224247	0	0	-0	0	0.236418	0	-58.5324	0	-0.0141851	0.0546498	0
435.761	361.021	-8878.88	-3776.18	-0.244964	0	0	-0	0	0.338583	0	136.221	0	-0.020315	0.0507008	-0
417.792	329.335	-9000	-8806.4	-0.252683	0	0	-0	0	1.42622	0	716.224	0	-0.0855733	0.0412636	-0
399.792	288.311	-9000	-10681.1	-0.255978	0	0	0	0	1.55393	0	-195.817	0	-0.0932357	0.0126799	0
381.793	249.206	-9000	-6699.5	-0.259273	0	0	-0	0	1.14952	0	-56.4039	0	-0.0689714	-0.0121588	0
363.793	211.48	-9000	-6227.85	-0.262568	0	0	-0	0	2.19778	0	663.012	0	-0.131867	-0.0363175	-0
345.793	169.77	-9000	-5799.28	-0.265863	0	0	-0	0	2.20417	0	-263.928	0	-0.13225	-0.0783104	0
327.793	121.175	-9000	-8411.36	-0.269157	0	0	-0	0	1.78699	0	-1.06418	0	-0.10722	-0.11424	0
309.793	69.9699	-9000	-10231	-0.272452	0	0	0	0	2.95019	0	623.636	0	-0.177012	-0.151262	-0
291.794	20.0546	-9000	-8827.95	-0.275747	0	0	-0	0	2.17118	0	-713.031	0	-0.130271	-0.203772	0
273.794	-21.5371	-9000	-4118.55	-0.279042	0	0	-0	0	1.35385	0	-261.799	0	-0.0812312	-0.237854	0
255.794	-64.5029	-9000	-5485.64	-0.282337	0	0	-0	0	1.87426	0	361.837	0	-0.112456	-0.26365	-0
237.794	-114.389	-9000	-8974	-0.285632	0	0	-0	0	1.32938	0	-542.755	0	-0.0797626	-0.297368	0
219.795	-164.072	-9000	-8868.65	-0.288926	0	0	-0	0	0.215133	0	-483.158	0	-0.012908	-0.315617	0
201.795	-201.713	-9000	-4369.94	-0.292221	0	0	-0	0	0.167243	0	-2.12844	0	-0.0100346	-0.319077	0
183.795	-243.545	-9000	-5107.36	-0.295516	0	0	-0	0	-0.00622572	0	-191.561	0	0.000373543	-0.32225	0
165.808	-283.962	-8921.21	-1460.99	-0.295927	0	0	-0	0	-0.408503	0	-243.708	0	0.0245102	-0.320711	0
148.446	-330.372	-8441.22	-6977.23	-0.28155	0	0	-0	0	-1.2684	0	-468.259	0	0.0761038	-0.309833	0
132.044	-377.872	-7961.22	-10985.1	-0.266998	0	0	0	0	-1.95801	0	-313.946	0	0.117481	-0.283621	0
116.602	-420.608	-7481.23	-6021.94	-0.252269	0	0	-0	0	-2.64763	0	-344.809	0	0.158858	-0.245274	0
102.119	-456	-7001.23	-5978.85	-0.237365	0	0	-0	0	-2.86367	0	-22.3489	0	0.17182	-0.195873	0
88.597	-481.739	-6521.24	-3618.17	-0.222286	0	0	-0	0	-2.39222	0	295.855	0	0.143533	-0.145907	-0
76.0347	-503.564	-6041.25	-1693.23	-0.20703	0	0	-0	0	-2.75299	0	-370.35	0	0.165179	-0.102934	0
64.4324	-531.888	-5561.25	-10314.7	-0.191599	0	0	0	0	-4.68137	0	-940.776	0	0.280882	-0.0444914	0
53.79	-559.777	-5081.26	-20607.4	-0.175992	0	0	0	0	-4.5345	0	160.697	0	0.27207	0.0398978	-0
44.1076	-558.7	-4601.27	-7618.88	-0.16021	0	0	0	0	-4.7399	0	-170.275	0	0.284394	0.121835	0
35.3852	-532.469	-4121.27	-737.941	-0.144251	0	0	-0	0	-4.61432	0	117.064	0	0.276859	0.207076	-0
27.6227	-502.9	-3641.28	92.8472	-0.128117	0	0	-0	0	-4.35465	0	176.661	0	0.261279	0.289387	-0
20.8202	-476.467	-3161.28	-2260.65	-0.111807	0	0	-0	0	-2.99776	0	798.168	0	0.179866	0.362742	-0
14.9777	-453.168	-2681.29	-4063.49	-0.095322	0	0	0	0	-1.02043	0	1270.68	0	0.0612259	0.410342	-0
10.0952	-436.044	-2201.3	-10664.3	-0.0786608	0	0	0	0	2.70542	0	2155.06	0	-0.162325	0.414573	-0
6.17267	-413.914	-1721.3	-3520	-0.0618238	0	0	0	0	4.5295	0	618.314	0	-0.27177	0.355024	-0
3.2101	-379.97	-1241.31	-192.063	-0.0448112	0	0	-0	0	4.63699	0	68.1105	0	-0.278219	0.273138	-0
1.2075	-342.169	-761.315	305.931	-0.0276228	0	0	-0	0	4.74448	0	9.5787	0	-0.284669	0.188791	-0
0.164878	-305.507	-281.321	478.314	-0.0102587	0	0	-0	0	4.67637	0	-30.8623	0	-0.280582	0.103726	0
0	-271.277	0	399.305	0	0	0	-0	0	4.66359	0	4.25673	0	-0.279816	0.0197044	-0
0	-239.858	0	459.16	0	0	0	-0	0	4.2411	0	-382.057	0	-0.254466	-0.0638763	0
0	-209.296	0	1017.01	0	0	0	-0	0	2.58516	0	-823.71	0	-0.15511	-0.132726	0
0	-195.673	0	337.056	0	0	0	-0	0	2.01048	0	-574.682	0	-0.120629	-0.155992	0
0	-155.704	0	1823.85	0	0	0	-0	0	0.793007	0	-445.91	0	-0.0475804	-0.19929	0
0	-132.982	0	1742.45	0	0	0	-0	0	0.104454	0	-353.323	0	-0.00626722	-0.210547	0
0	-113.074	0	1845.4	0	0	0	-0	0	-0.504283	0	-342.681	0	0.030257	-0.210032	0
0	-96.2428	0	1129.54	0	0	0	-0	0	-0.780982	0	-100.037	0	0.0468589	-0.199365	0
0	-81.9952	0	1328.26	0	0	0	-0	0	-0.984249	0	-130.9	0	0.0590549	-0.184656	0
0	-71.2078	0	-67.5644	0	0	0	0	0	-1.22264	0	-101.101	0	0.0733581	-0.165704	0
0	-60.8595	0	1452.75	0	0	0	-0	0	-1.33651	0	-41.5046	0	0.0801904	-0.143045	0
0	-52.491	0	653.09	0	0	0	-0	0	-1.33864	0	1.0643	0	0.0803181	-0.11896	-0
0	-45.6647	0	732.099	0	0	0	-0	0	-1.41739	0	-46.8258	0	0.0850433	-0.0945768	0
0	-39.3694	0	815.896	0	0	0	-0	0	-1.3546	0	74.4957	0	0.0812759	-0.0689584	-0
0	-32.9439	0	1895.68	0	0	0	-0	0	-0.907624	0	256.478	0	0.0544575	-0.0462901	-0
0	-26.4782	0	1627.53	0	0	0	-0	0	-0.846964	0	-56.4039	0	0.0508178	-0.0310065	0
0	-22.728	0	1036.16	0	0	0	-0	0	-0.815037	0	87.2664	0	0.0489022	-0.0152631	-0
0	-19.0585	0	1127.14	0	0	0	-0	0	-0.592614	0	91.5233	0	0.0355568	-0.0017705	-0
0	-16.3495	0	717.734	0	0	0	-0	0	-0.554302	0	23.4129	0	0.0332581	0.00876246	-0
0	-13.8157	0	655.485	0	0	0	-0	0	-0.398925	0	88.3307	0	0.0239355	0.0181365	-0
0	-11.7656	0	691.398	0	0	0	-0	0	-0.330814	0	24.4772	0	0.0198489	0.0249244	-0
0	-9.90047	0	700.974	0	0	0	-0	0	-0.250998	0	51.0828	0	0.0150599	0.0306205	-0
0	-8.05217	0	849.415	0	0	0	-0	0	-0.144575	0	55.3397	0	0.0086745	0.0346787	-0
0	-6.28688	0	878.145	0	0	0	-0	0	-0.0647581	0	45.7617	0	0.00388549	0.0369745	-0
0	-4.25851	0	1266.01	0	0	0	-0	0	0.0810407	0	97.9087	0	-0.00486244	0.0377092	-0
0	-2.15922	0	1179.81	0	0	0	-0	0	0.254509	0	84.0738	0	-0.0152706	0.0354459	-0
0	-0.407184	0	938	0	0	0	-0	0	0.291757	0	12.7707	0	-0.0175054	0.0306444	-0
0	1.16993	0	1115.17	0	-0	0	-0	0	0.389666	0	62.7893	0	-0.02338	0.0250767	-0
0	2.05353	0	463.948	0	-0	0	-0	0	0.479061	0	35.1194	0	-0.0287437	0.0175742	-0
0	3.30057	0	832.656	0	-0	0	-0	0	0.557814	0	37.2478	0	-0.0334688	0.0085776	-0
0	3.68315	0	657.879	0	-0	0	-0	0	0.56952	0	11.7065	0	-0.0341712	0.00355728	-0
0	5.11882	0	791.954	0	-0	0	-0	0	0.433299	0	-76.6241	0	-0.025998	-0.0110727	0
0	6.07214	0	542.957	0	-0	0	-0	0	0.364125	0	-18.0918	0	-0.0218475	-0.0184123	0
0	6.6522	0	418.459	0	-0	0	-0	0	0.376895	0	2.12845	0	-0.0226137	-0.0250623	-0
0	7.36106	0	660.273	0	-0	0	-0	0	0.298143	0	-57.4682	0	-0.0178886	-0.0316549	0
0	8.16062	0	451.977	0	-0	0	-0	0	0.223647	0	-38.3121	0	-0.0134188	-0.0366958	0
0	8.40994	0	224.528	0	-0	0	-0	0	0.183206	0	-22.3487	0	-0.0109924	-0.0405586	0
0	9.0715	0	399.305	0	-0	0	-0	0	0.108711	0	-39.3763	0	-0.00652264	-0.0435403	0
0	9.21779	0	174.25	0	-0	0	-0	0	0.0501782	0	-26.6056	0	-0.00301069	-0.0452097	0
0	9.23784	0	107.212	0	-0	0	-0	0	0.0278295	0	-22.3487	0	-0.00166977	-0.0456613	0
0	9.36253	0	44.9631	0	-0	0	-0	0	0.00441654	0	-1.06422	0	-0.000264992	-0.0460583	0
0	9.07171	0	-160.938	0	-0	0	0	0	0.016123	0	8.5138	0	-0.000967381	-0.0461666	-0
0	8.63559	0	-180.092	0	-0	0	0	0	0.0331506	0	10.6423	0	-0.00198904	-0.0465143	-0
0	8.18208	0	-144.179	0	-0	0	0	0	0.0384717	0	0	0	-0.0023083	-0.0471588	0
0	8.08942	0	11.4443	0	-0	0	-0	0	0.0267653	0	-8.5138	0	-0.00160592	-0.0478226	0
0	8.11302	0	150.308	0	-0	0	-0	0	0.00228808	0	-13.8349	0	-0.000137285	-0.0482086	0
0	8.41554	0	365.786	0	-0	0	-0	0	-0.0307029	0	-13.8349	0	0.00184217	-0.0480774	0
0	8.28276	0	241.288	0	-0	0	-0	0	-0.045602	0	-4.2569	0	0.00273612	-0.0474289	0
0	8.29048	0	224.528	0	-0	0	-0	0	-0.0392167	0	6.38535	0	0.002353	-0.0466081	-0
0	7.72105	0	18.6269	0	-0	0	-0	0	-0.016868	0	14.8992	0	0.00101208	-0.0459693	-0
